group,algo,op,seconds
hash,sm3,hash,0.00076802
hash,sm3,hash,0.00067911
hash,sm3,hash,0.00405228
hash,sm3,hash,0.00052414
hash,sm3,hash,0.00051457
hash,sm3,hash,0.00050905
hash,sm3,hash,0.00052856
hash,sm3,hash,0.00052822
hash,sm3,hash,0.00070030
hash,sm3,hash,0.00053115
hash,sm3,hash,0.00053888
hash,sm3,hash,0.00058048
hash,sm3,hash,0.00062967
hash,sm3,hash,0.00079599
hash,sm3,hash,0.00069529
hash,sm3,hash,0.00068590
hash,sm3,hash,0.00086832
hash,sm3,hash,0.00067829
hash,sm3,hash,0.00063776
hash,sm3,hash,0.00063729
hash,sm3,hash,0.00065139
hash,sm3,hash,0.00072095
hash,sm3,hash,0.00082227
hash,sm3,hash,0.00066613
hash,sm3,hash,0.00066198
hash,sm3,hash,0.00066376
hash,sm3,hash,0.00081865
hash,sm3,hash,0.00068427
hash,sm3,hash,0.00066383
hash,sm3,hash,0.00083514
hash,sm3,hash,0.00086647
hash,sm3,hash,0.00078440
hash,sm3,hash,0.00076201
hash,sm3,hash,0.00081149
hash,sm3,hash,0.00065562
hash,sm3,hash,0.00067129
hash,sm3,hash,0.00076451
hash,sm3,hash,0.00088564
hash,sm3,hash,0.00085610
hash,sm3,hash,0.00087950
hash,sm3,hash,0.00084052
hash,sm3,hash,0.00072937
hash,sm3,hash,0.00053517
hash,sm3,hash,0.00050759
hash,sm3,hash,0.00051300
hash,sm3,hash,0.00051344
hash,sm3,hash,0.00051430
hash,sm3,hash,0.00050486
hash,sm3,hash,0.00066786
hash,sm3,hash,0.00084103
hash,sm3,hash,0.00075861
hash,sm3,hash,0.00066624
hash,sm3,hash,0.00066052
hash,sm3,hash,0.00079594
hash,sm3,hash,0.00084960
hash,sm3,hash,0.00066950
hash,sm3,hash,0.00066226
hash,sm3,hash,0.00066167
hash,sm3,hash,0.00084223
hash,sm3,hash,0.00080968
hash,sm3,hash,0.00090886
hash,sm3,hash,0.00080359
hash,sm3,hash,0.00067593
hash,sm3,hash,0.00073939
hash,sm3,hash,0.00084198
hash,sm3,hash,0.00070446
hash,sm3,hash,0.00066951
hash,sm3,hash,0.00080052
hash,sm3,hash,0.00078573
hash,sm3,hash,0.00074888
hash,sm3,hash,0.00068321
hash,sm3,hash,0.00083401
hash,sm3,hash,0.00080576
hash,sm3,hash,0.00073316
hash,sm3,hash,0.00087721
hash,sm3,hash,0.00065767
hash,sm3,hash,0.00082604
hash,sm3,hash,0.00065785
hash,sm3,hash,0.00065243
hash,sm3,hash,0.00066976
hash,sm3,hash,0.00068273
hash,sm3,hash,0.00090254
hash,sm3,hash,0.00087626
hash,sm3,hash,0.00070717
hash,sm3,hash,0.00065749
hash,sm3,hash,0.00066245
hash,sm3,hash,0.00068419
hash,sm3,hash,0.00066581
hash,sm3,hash,0.00073313
hash,sm3,hash,0.00085361
hash,sm3,hash,0.00087563
hash,sm3,hash,0.00071482
hash,sm3,hash,0.00064927
hash,sm3,hash,0.00067868
hash,sm3,hash,0.00081228
hash,sm3,hash,0.00068430
hash,sm3,hash,0.00066683
hash,sm3,hash,0.00087798
hash,sm3,hash,0.00067083
hash,sm3,hash,0.00066912
hash,sm3,hash,0.00066420
hash,sm3,hash,0.00074503
hash,sm3,hash,0.00081187
hash,sm3,hash,0.00069628
hash,sm3,hash,0.00065564
hash,sm3,hash,0.00067492
hash,sm3,hash,0.00064599
hash,sm3,hash,0.00054651
hash,sm3,hash,0.00052270
hash,sm3,hash,0.00052585
hash,sm3,hash,0.00066593
hash,sm3,hash,0.00083633
hash,sm3,hash,0.00085779
hash,sm3,hash,0.00088899
hash,sm3,hash,0.00090472
hash,sm3,hash,0.00091435
hash,sm3,hash,0.00087296
hash,sm3,hash,0.00078978
hash,sm3,hash,0.00054586
hash,sm3,hash,0.00052244
hash,sm3,hash,0.00053066
hash,sm3,hash,0.00050816
hash,sm3,hash,0.00050371
hash,sm3,hash,0.00050197
hash,sm3,hash,0.00052191
hash,sm3,hash,0.00099116
hash,sm3,hash,0.00085086
hash,sm3,hash,0.00076561
hash,sm3,hash,0.00065375
hash,sm3,hash,0.00052279
hash,sm3,hash,0.00049361
hash,sm3,hash,0.00048541
hash,sm3,hash,0.00047936
hash,sm3,hash,0.00048048
hash,sm3,hash,0.00048067
hash,sm3,hash,0.00049146
hash,sm3,hash,0.00047962
hash,sm3,hash,0.00047505
hash,sm3,hash,0.00047739
hash,sm3,hash,0.00047413
hash,sm3,hash,0.00047963
hash,sm3,hash,0.00047770
hash,sm3,hash,0.00048146
hash,sm3,hash,0.00047319
hash,sm3,hash,0.00047720
hash,sm3,hash,0.00045868
hash,sm3,hash,0.00046250
hash,sm3,hash,0.00045921
hash,sm3,hash,0.00045974
hash,sm3,hash,0.00046155
hash,sm3,hash,0.00046526
hash,sm3,hash,0.00046068
hash,sm3,hash,0.00045483
hash,sm3,hash,0.00045854
hash,sm3,hash,0.00046040
hash,sm3,hash,0.00046140
hash,sm3,hash,0.00045173
hash,sm3,hash,0.00045563
hash,sm3,hash,0.00047340
hash,sm3,hash,0.00046208
hash,sm3,hash,0.00045898
hash,sm3,hash,0.00045497
hash,sm3,hash,0.00046110
hash,sm3,hash,0.00044964
hash,sm3,hash,0.00045491
hash,sm3,hash,0.00045566
hash,sm3,hash,0.00046048
hash,sm3,hash,0.00045663
hash,sm3,hash,0.00046621
hash,sm3,hash,0.00045692
hash,sm3,hash,0.00046312
hash,sm3,hash,0.00045349
hash,sm3,hash,0.00045861
hash,sm3,hash,0.00045633
hash,sm3,hash,0.00045521
hash,sm3,hash,0.00046629
hash,sm3,hash,0.00046054
hash,sm3,hash,0.00045743
hash,sm3,hash,0.00045355
hash,sm3,hash,0.00046051
hash,sm3,hash,0.00046247
hash,sm3,hash,0.00046962
hash,sm3,hash,0.00046975
hash,sm3,hash,0.00046931
hash,sm3,hash,0.00045621
hash,sm3,hash,0.00046159
hash,sm3,hash,0.00046242
hash,sm3,hash,0.00047029
hash,sm3,hash,0.00046679
hash,sm3,hash,0.00046423
hash,sm3,hash,0.00047109
hash,sm3,hash,0.00047123
hash,sm3,hash,0.00046899
hash,sm3,hash,0.00046395
hash,sm3,hash,0.00047339
hash,sm3,hash,0.00047063
hash,sm3,hash,0.00053857
hash,sm3,hash,0.00046592
hash,sm3,hash,0.00047868
hash,sm3,hash,0.00049541
hash,sha256,hash,0.00003053
hash,sha256,hash,0.00000257
hash,sha256,hash,0.00000065
hash,sha256,hash,0.00000050
hash,sha256,hash,0.00000049
hash,sha256,hash,0.00000053
hash,sha256,hash,0.00000055
hash,sha256,hash,0.00000049
hash,sha256,hash,0.00000049
hash,sha256,hash,0.00000048
hash,sha256,hash,0.00000048
hash,sha256,hash,0.00000052
hash,sha256,hash,0.00000053
hash,sha256,hash,0.00000048
hash,sha256,hash,0.00000048
hash,sha256,hash,0.00000048
hash,sha256,hash,0.00000048
hash,sha256,hash,0.00000048
hash,sha256,hash,0.00000048
hash,sha256,hash,0.00000048
hash,sha256,hash,0.00000047
hash,sha256,hash,0.00000047
hash,sha256,hash,0.00000047
hash,sha256,hash,0.00000051
hash,sha256,hash,0.00000047
hash,sha256,hash,0.00000048
hash,sha256,hash,0.00000048
hash,sha256,hash,0.00000049
hash,sha256,hash,0.00000047
hash,sha256,hash,0.00000054
hash,sha256,hash,0.00000048
hash,sha256,hash,0.00000048
hash,sha256,hash,0.00000047
hash,sha256,hash,0.00000051
hash,sha256,hash,0.00000052
hash,sha256,hash,0.00000048
hash,sha256,hash,0.00000051
hash,sha256,hash,0.00000048
hash,sha256,hash,0.00000048
hash,sha256,hash,0.00000051
hash,sha256,hash,0.00000048
hash,sha256,hash,0.00000048
hash,sha256,hash,0.00000053
hash,sha256,hash,0.00000049
hash,sha256,hash,0.00000065
hash,sha256,hash,0.00000048
hash,sha256,hash,0.00000048
hash,sha256,hash,0.00000048
hash,sha256,hash,0.00000052
hash,sha256,hash,0.00000048
hash,sha256,hash,0.00000048
hash,sha256,hash,0.00000048
hash,sha256,hash,0.00000070
hash,sha256,hash,0.00000054
hash,sha256,hash,0.00000052
hash,sha256,hash,0.00000049
hash,sha256,hash,0.00000047
hash,sha256,hash,0.00000046
hash,sha256,hash,0.00000046
hash,sha256,hash,0.00000050
hash,sha256,hash,0.00000047
hash,sha256,hash,0.00000048
hash,sha256,hash,0.00000049
hash,sha256,hash,0.00000046
hash,sha256,hash,0.00000046
hash,sha256,hash,0.00000051
hash,sha256,hash,0.00000046
hash,sha256,hash,0.00000046
hash,sha256,hash,0.00000049
hash,sha256,hash,0.00000046
hash,sha256,hash,0.00000047
hash,sha256,hash,0.00000046
hash,sha256,hash,0.00000046
hash,sha256,hash,0.00000047
hash,sha256,hash,0.00000046
hash,sha256,hash,0.00000053
hash,sha256,hash,0.00000047
hash,sha256,hash,0.00000049
hash,sha256,hash,0.00000048
hash,sha256,hash,0.00000046
hash,sha256,hash,0.00000049
hash,sha256,hash,0.00000047
hash,sha256,hash,0.00000046
hash,sha256,hash,0.00000047
hash,sha256,hash,0.00000047
hash,sha256,hash,0.00000046
hash,sha256,hash,0.00000046
hash,sha256,hash,0.00000047
hash,sha256,hash,0.00000046
hash,sha256,hash,0.00000046
hash,sha256,hash,0.00000049
hash,sha256,hash,0.00000047
hash,sha256,hash,0.00000048
hash,sha256,hash,0.00000048
hash,sha256,hash,0.00000047
hash,sha256,hash,0.00000049
hash,sha256,hash,0.00000046
hash,sha256,hash,0.00000046
hash,sha256,hash,0.00000046
hash,sha256,hash,0.00000046
hash,sha256,hash,0.00000048
hash,sha256,hash,0.00000047
hash,sha256,hash,0.00000047
hash,sha256,hash,0.00000046
hash,sha256,hash,0.00000046
hash,sha256,hash,0.00000048
hash,sha256,hash,0.00000051
hash,sha256,hash,0.00000047
hash,sha256,hash,0.00000047
hash,sha256,hash,0.00000050
hash,sha256,hash,0.00000047
hash,sha256,hash,0.00000047
hash,sha256,hash,0.00000047
hash,sha256,hash,0.00000047
hash,sha256,hash,0.00000049
hash,sha256,hash,0.00000047
hash,sha256,hash,0.00000046
hash,sha256,hash,0.00000046
hash,sha256,hash,0.00000045
hash,sha256,hash,0.00000046
hash,sha256,hash,0.00000046
hash,sha256,hash,0.00000050
hash,sha256,hash,0.00000047
hash,sha256,hash,0.00000046
hash,sha256,hash,0.00000046
hash,sha256,hash,0.00000046
hash,sha256,hash,0.00000049
hash,sha256,hash,0.00000050
hash,sha256,hash,0.00000046
hash,sha256,hash,0.00000047
hash,sha256,hash,0.00000046
hash,sha256,hash,0.00000046
hash,sha256,hash,0.00000049
hash,sha256,hash,0.00000046
hash,sha256,hash,0.00000046
hash,sha256,hash,0.00000046
hash,sha256,hash,0.00000046
hash,sha256,hash,0.00000047
hash,sha256,hash,0.00000047
hash,sha256,hash,0.00000047
hash,sha256,hash,0.00000046
hash,sha256,hash,0.00000046
hash,sha256,hash,0.00000046
hash,sha256,hash,0.00000052
hash,sha256,hash,0.00000046
hash,sha256,hash,0.00000046
hash,sha256,hash,0.00000047
hash,sha256,hash,0.00000047
hash,sha256,hash,0.00000048
hash,sha256,hash,0.00000047
hash,sha256,hash,0.00000047
hash,sha256,hash,0.00000047
hash,sha256,hash,0.00000046
hash,sha256,hash,0.00000047
hash,sha256,hash,0.00000048
hash,sha256,hash,0.00000048
hash,sha256,hash,0.00000046
hash,sha256,hash,0.00000047
hash,sha256,hash,0.00000052
hash,sha256,hash,0.00000047
hash,sha256,hash,0.00000050
hash,sha256,hash,0.00000050
hash,sha256,hash,0.00000047
hash,sha256,hash,0.00000048
hash,sha256,hash,0.00000049
hash,sha256,hash,0.00000047
hash,sha256,hash,0.00000047
hash,sha256,hash,0.00000047
hash,sha256,hash,0.00000046
hash,sha256,hash,0.00000051
hash,sha256,hash,0.00000049
hash,sha256,hash,0.00000047
hash,sha256,hash,0.00000049
hash,sha256,hash,0.00000049
hash,sha256,hash,0.00000046
hash,sha256,hash,0.00000047
hash,sha256,hash,0.00000047
hash,sha256,hash,0.00000048
hash,sha256,hash,0.00000047
hash,sha256,hash,0.00000047
hash,sha256,hash,0.00000049
hash,sha256,hash,0.00000046
hash,sha256,hash,0.00000046
hash,sha256,hash,0.00000047
hash,sha256,hash,0.00000047
hash,sha256,hash,0.00000049
hash,sha256,hash,0.00000047
hash,sha256,hash,0.00000047
hash,sha256,hash,0.00000046
hash,sha256,hash,0.00000046
hash,sha256,hash,0.00000047
hash,sha256,hash,0.00000049
hash,sha256,hash,0.00000047
hash,sha256,hash,0.00000048
hash,sha256,hash,0.00000047
hash,sha256,hash,0.00000050
hash,sha256,hash,0.00000046
hash,sha256,hash,0.00000046
hash,sha256,hash,0.00000047
hash,sha256,hash,0.00000047
cipher,sm4_cbc,encrypt,0.00077391
cipher,sm4_cbc,encrypt,0.00086493
cipher,sm4_cbc,encrypt,0.00070646
cipher,sm4_cbc,encrypt,0.00075256
cipher,sm4_cbc,encrypt,0.00068679
cipher,sm4_cbc,encrypt,0.00070525
cipher,sm4_cbc,encrypt,0.00070325
cipher,sm4_cbc,encrypt,0.00069324
cipher,sm4_cbc,encrypt,0.00068402
cipher,sm4_cbc,encrypt,0.00071003
cipher,sm4_cbc,encrypt,0.00083672
cipher,sm4_cbc,encrypt,0.00077216
cipher,sm4_cbc,encrypt,0.00075576
cipher,sm4_cbc,encrypt,0.00070226
cipher,sm4_cbc,encrypt,0.00114459
cipher,sm4_cbc,encrypt,0.00075646
cipher,sm4_cbc,encrypt,0.00073922
cipher,sm4_cbc,encrypt,0.00069002
cipher,sm4_cbc,encrypt,0.00070015
cipher,sm4_cbc,encrypt,0.00068921
cipher,sm4_cbc,encrypt,0.00067936
cipher,sm4_cbc,encrypt,0.00070124
cipher,sm4_cbc,encrypt,0.00068871
cipher,sm4_cbc,encrypt,0.00070098
cipher,sm4_cbc,encrypt,0.00068679
cipher,sm4_cbc,encrypt,0.00070244
cipher,sm4_cbc,encrypt,0.00068904
cipher,sm4_cbc,encrypt,0.00068586
cipher,sm4_cbc,encrypt,0.00068200
cipher,sm4_cbc,encrypt,0.00068330
cipher,sm4_cbc,encrypt,0.00067364
cipher,sm4_cbc,encrypt,0.00068606
cipher,sm4_cbc,encrypt,0.00070527
cipher,sm4_cbc,encrypt,0.00072344
cipher,sm4_cbc,encrypt,0.00072172
cipher,sm4_cbc,encrypt,0.00073430
cipher,sm4_cbc,encrypt,0.00072446
cipher,sm4_cbc,encrypt,0.00069830
cipher,sm4_cbc,encrypt,0.00071521
cipher,sm4_cbc,encrypt,0.00072926
cipher,sm4_cbc,encrypt,0.00072032
cipher,sm4_cbc,encrypt,0.00070302
cipher,sm4_cbc,encrypt,0.00071838
cipher,sm4_cbc,encrypt,0.00070400
cipher,sm4_cbc,encrypt,0.00071778
cipher,sm4_cbc,encrypt,0.00072431
cipher,sm4_cbc,encrypt,0.00072088
cipher,sm4_cbc,encrypt,0.00072666
cipher,sm4_cbc,encrypt,0.00071656
cipher,sm4_cbc,encrypt,0.00071668
cipher,sm4_cbc,encrypt,0.00073233
cipher,sm4_cbc,encrypt,0.00073496
cipher,sm4_cbc,encrypt,0.00070977
cipher,sm4_cbc,encrypt,0.00072604
cipher,sm4_cbc,encrypt,0.00074920
cipher,sm4_cbc,encrypt,0.00072346
cipher,sm4_cbc,encrypt,0.00070016
cipher,sm4_cbc,encrypt,0.00068569
cipher,sm4_cbc,encrypt,0.00067198
cipher,sm4_cbc,encrypt,0.00068174
cipher,sm4_cbc,encrypt,0.00068183
cipher,sm4_cbc,encrypt,0.00067780
cipher,sm4_cbc,encrypt,0.00070311
cipher,sm4_cbc,encrypt,0.00069399
cipher,sm4_cbc,encrypt,0.00068641
cipher,sm4_cbc,encrypt,0.00067759
cipher,sm4_cbc,encrypt,0.00067661
cipher,sm4_cbc,encrypt,0.00068653
cipher,sm4_cbc,encrypt,0.00069949
cipher,sm4_cbc,encrypt,0.00069675
cipher,sm4_cbc,encrypt,0.00068698
cipher,sm4_cbc,encrypt,0.00068086
cipher,sm4_cbc,encrypt,0.00068663
cipher,sm4_cbc,encrypt,0.00067895
cipher,sm4_cbc,encrypt,0.00068835
cipher,sm4_cbc,encrypt,0.00070798
cipher,sm4_cbc,encrypt,0.00070847
cipher,sm4_cbc,encrypt,0.00068107
cipher,sm4_cbc,encrypt,0.00066646
cipher,sm4_cbc,encrypt,0.00068131
cipher,sm4_cbc,encrypt,0.00069947
cipher,sm4_cbc,encrypt,0.00068151
cipher,sm4_cbc,encrypt,0.00069285
cipher,sm4_cbc,encrypt,0.00069761
cipher,sm4_cbc,encrypt,0.00069564
cipher,sm4_cbc,encrypt,0.00070140
cipher,sm4_cbc,encrypt,0.00067981
cipher,sm4_cbc,encrypt,0.00068919
cipher,sm4_cbc,encrypt,0.00071148
cipher,sm4_cbc,encrypt,0.00069111
cipher,sm4_cbc,encrypt,0.00069030
cipher,sm4_cbc,encrypt,0.00068988
cipher,sm4_cbc,encrypt,0.00068388
cipher,sm4_cbc,encrypt,0.00067199
cipher,sm4_cbc,encrypt,0.00068909
cipher,sm4_cbc,encrypt,0.00068776
cipher,sm4_cbc,encrypt,0.00066012
cipher,sm4_cbc,encrypt,0.00066712
cipher,sm4_cbc,encrypt,0.00067829
cipher,sm4_cbc,encrypt,0.00065920
cipher,sm4_cbc,encrypt,0.00067664
cipher,sm4_cbc,encrypt,0.00067639
cipher,sm4_cbc,encrypt,0.00068927
cipher,sm4_cbc,encrypt,0.00068618
cipher,sm4_cbc,encrypt,0.00068954
cipher,sm4_cbc,encrypt,0.00068868
cipher,sm4_cbc,encrypt,0.00066011
cipher,sm4_cbc,encrypt,0.00067571
cipher,sm4_cbc,encrypt,0.00067746
cipher,sm4_cbc,encrypt,0.00068084
cipher,sm4_cbc,encrypt,0.00066852
cipher,sm4_cbc,encrypt,0.00066528
cipher,sm4_cbc,encrypt,0.00066940
cipher,sm4_cbc,encrypt,0.00066345
cipher,sm4_cbc,encrypt,0.00066554
cipher,sm4_cbc,encrypt,0.00067682
cipher,sm4_cbc,encrypt,0.00070694
cipher,sm4_cbc,encrypt,0.00071811
cipher,sm4_cbc,encrypt,0.00071146
cipher,sm4_cbc,encrypt,0.00066949
cipher,sm4_cbc,encrypt,0.00066637
cipher,sm4_cbc,encrypt,0.00066767
cipher,sm4_cbc,encrypt,0.00065486
cipher,sm4_cbc,encrypt,0.00066191
cipher,sm4_cbc,encrypt,0.00066931
cipher,sm4_cbc,encrypt,0.00070159
cipher,sm4_cbc,encrypt,0.00068634
cipher,sm4_cbc,encrypt,0.00067673
cipher,sm4_cbc,encrypt,0.00066815
cipher,sm4_cbc,encrypt,0.00066996
cipher,sm4_cbc,encrypt,0.00066979
cipher,sm4_cbc,encrypt,0.00066893
cipher,sm4_cbc,encrypt,0.00066982
cipher,sm4_cbc,encrypt,0.00066604
cipher,sm4_cbc,encrypt,0.00069739
cipher,sm4_cbc,encrypt,0.00068364
cipher,sm4_cbc,encrypt,0.00069473
cipher,sm4_cbc,encrypt,0.00069097
cipher,sm4_cbc,encrypt,0.00070641
cipher,sm4_cbc,encrypt,0.00070016
cipher,sm4_cbc,encrypt,0.00069003
cipher,sm4_cbc,encrypt,0.00071028
cipher,sm4_cbc,encrypt,0.00068837
cipher,sm4_cbc,encrypt,0.00066274
cipher,sm4_cbc,encrypt,0.00066691
cipher,sm4_cbc,encrypt,0.00066464
cipher,sm4_cbc,encrypt,0.00068676
cipher,sm4_cbc,encrypt,0.00067555
cipher,sm4_cbc,encrypt,0.00065905
cipher,sm4_cbc,encrypt,0.00066277
cipher,sm4_cbc,encrypt,0.00066088
cipher,sm4_cbc,encrypt,0.00069199
cipher,sm4_cbc,encrypt,0.00069139
cipher,sm4_cbc,encrypt,0.00068405
cipher,sm4_cbc,encrypt,0.00068769
cipher,sm4_cbc,encrypt,0.00068881
cipher,sm4_cbc,encrypt,0.00070936
cipher,sm4_cbc,encrypt,0.00067768
cipher,sm4_cbc,encrypt,0.00067490
cipher,sm4_cbc,encrypt,0.00067878
cipher,sm4_cbc,encrypt,0.00066966
cipher,sm4_cbc,encrypt,0.00066637
cipher,sm4_cbc,encrypt,0.00068339
cipher,sm4_cbc,encrypt,0.00066525
cipher,sm4_cbc,encrypt,0.00067892
cipher,sm4_cbc,encrypt,0.00067649
cipher,sm4_cbc,encrypt,0.00069669
cipher,sm4_cbc,encrypt,0.00069248
cipher,sm4_cbc,encrypt,0.00069007
cipher,sm4_cbc,encrypt,0.00067215
cipher,sm4_cbc,encrypt,0.00067507
cipher,sm4_cbc,encrypt,0.00068721
cipher,sm4_cbc,encrypt,0.00069164
cipher,sm4_cbc,encrypt,0.00069696
cipher,sm4_cbc,encrypt,0.00068126
cipher,sm4_cbc,encrypt,0.00070919
cipher,sm4_cbc,encrypt,0.00069745
cipher,sm4_cbc,encrypt,0.00067871
cipher,sm4_cbc,encrypt,0.00066754
cipher,sm4_cbc,encrypt,0.00067422
cipher,sm4_cbc,encrypt,0.00067795
cipher,sm4_cbc,encrypt,0.00066091
cipher,sm4_cbc,encrypt,0.00067680
cipher,sm4_cbc,encrypt,0.00067069
cipher,sm4_cbc,encrypt,0.00066989
cipher,sm4_cbc,encrypt,0.00067601
cipher,sm4_cbc,encrypt,0.00067938
cipher,sm4_cbc,encrypt,0.00066514
cipher,sm4_cbc,encrypt,0.00067729
cipher,sm4_cbc,encrypt,0.00067619
cipher,sm4_cbc,encrypt,0.00067202
cipher,sm4_cbc,encrypt,0.00068815
cipher,sm4_cbc,encrypt,0.00070282
cipher,sm4_cbc,encrypt,0.00069665
cipher,sm4_cbc,encrypt,0.00068685
cipher,sm4_cbc,encrypt,0.00069790
cipher,sm4_cbc,encrypt,0.00069435
cipher,sm4_cbc,encrypt,0.00069216
cipher,sm4_cbc,encrypt,0.00067403
cipher,sm4_cbc,encrypt,0.00066547
cipher,sm4_cbc,decrypt,0.00054143
cipher,sm4_cbc,decrypt,0.00050672
cipher,sm4_cbc,decrypt,0.00051110
cipher,sm4_cbc,decrypt,0.00049532
cipher,sm4_cbc,decrypt,0.00050329
cipher,sm4_cbc,decrypt,0.00048908
cipher,sm4_cbc,decrypt,0.00049121
cipher,sm4_cbc,decrypt,0.00048712
cipher,sm4_cbc,decrypt,0.00050027
cipher,sm4_cbc,decrypt,0.00050666
cipher,sm4_cbc,decrypt,0.00051382
cipher,sm4_cbc,decrypt,0.00049785
cipher,sm4_cbc,decrypt,0.00049597
cipher,sm4_cbc,decrypt,0.00049842
cipher,sm4_cbc,decrypt,0.00049278
cipher,sm4_cbc,decrypt,0.00049506
cipher,sm4_cbc,decrypt,0.00049952
cipher,sm4_cbc,decrypt,0.00050068
cipher,sm4_cbc,decrypt,0.00049393
cipher,sm4_cbc,decrypt,0.00049413
cipher,sm4_cbc,decrypt,0.00050317
cipher,sm4_cbc,decrypt,0.00050254
cipher,sm4_cbc,decrypt,0.00049532
cipher,sm4_cbc,decrypt,0.00049622
cipher,sm4_cbc,decrypt,0.00050206
cipher,sm4_cbc,decrypt,0.00049855
cipher,sm4_cbc,decrypt,0.00050092
cipher,sm4_cbc,decrypt,0.00050439
cipher,sm4_cbc,decrypt,0.00051282
cipher,sm4_cbc,decrypt,0.00049802
cipher,sm4_cbc,decrypt,0.00050433
cipher,sm4_cbc,decrypt,0.00049940
cipher,sm4_cbc,decrypt,0.00050705
cipher,sm4_cbc,decrypt,0.00049420
cipher,sm4_cbc,decrypt,0.00050260
cipher,sm4_cbc,decrypt,0.00050809
cipher,sm4_cbc,decrypt,0.00050623
cipher,sm4_cbc,decrypt,0.00050574
cipher,sm4_cbc,decrypt,0.00050346
cipher,sm4_cbc,decrypt,0.00052047
cipher,sm4_cbc,decrypt,0.00049418
cipher,sm4_cbc,decrypt,0.00049007
cipher,sm4_cbc,decrypt,0.00050778
cipher,sm4_cbc,decrypt,0.00050561
cipher,sm4_cbc,decrypt,0.00049777
cipher,sm4_cbc,decrypt,0.00050295
cipher,sm4_cbc,decrypt,0.00049683
cipher,sm4_cbc,decrypt,0.00050532
cipher,sm4_cbc,decrypt,0.00049767
cipher,sm4_cbc,decrypt,0.00050646
cipher,sm4_cbc,decrypt,0.00050425
cipher,sm4_cbc,decrypt,0.00050176
cipher,sm4_cbc,decrypt,0.00050702
cipher,sm4_cbc,decrypt,0.00051216
cipher,sm4_cbc,decrypt,0.00052111
cipher,sm4_cbc,decrypt,0.00051895
cipher,sm4_cbc,decrypt,0.00050588
cipher,sm4_cbc,decrypt,0.00050315
cipher,sm4_cbc,decrypt,0.00051296
cipher,sm4_cbc,decrypt,0.00049683
cipher,sm4_cbc,decrypt,0.00049673
cipher,sm4_cbc,decrypt,0.00049283
cipher,sm4_cbc,decrypt,0.00049187
cipher,sm4_cbc,decrypt,0.00049889
cipher,sm4_cbc,decrypt,0.00048949
cipher,sm4_cbc,decrypt,0.00050172
cipher,sm4_cbc,decrypt,0.00050891
cipher,sm4_cbc,decrypt,0.00050669
cipher,sm4_cbc,decrypt,0.00049212
cipher,sm4_cbc,decrypt,0.00048875
cipher,sm4_cbc,decrypt,0.00049655
cipher,sm4_cbc,decrypt,0.00049610
cipher,sm4_cbc,decrypt,0.00049345
cipher,sm4_cbc,decrypt,0.00049676
cipher,sm4_cbc,decrypt,0.00050016
cipher,sm4_cbc,decrypt,0.00049891
cipher,sm4_cbc,decrypt,0.00051038
cipher,sm4_cbc,decrypt,0.00049385
cipher,sm4_cbc,decrypt,0.00050830
cipher,sm4_cbc,decrypt,0.00050351
cipher,sm4_cbc,decrypt,0.00049876
cipher,sm4_cbc,decrypt,0.00050604
cipher,sm4_cbc,decrypt,0.00049734
cipher,sm4_cbc,decrypt,0.00051865
cipher,sm4_cbc,decrypt,0.00051183
cipher,sm4_cbc,decrypt,0.00049492
cipher,sm4_cbc,decrypt,0.00049982
cipher,sm4_cbc,decrypt,0.00049711
cipher,sm4_cbc,decrypt,0.00049705
cipher,sm4_cbc,decrypt,0.00049806
cipher,sm4_cbc,decrypt,0.00049997
cipher,sm4_cbc,decrypt,0.00050539
cipher,sm4_cbc,decrypt,0.00052149
cipher,sm4_cbc,decrypt,0.00048673
cipher,sm4_cbc,decrypt,0.00050231
cipher,sm4_cbc,decrypt,0.00049454
cipher,sm4_cbc,decrypt,0.00049802
cipher,sm4_cbc,decrypt,0.00049646
cipher,sm4_cbc,decrypt,0.00050316
cipher,sm4_cbc,decrypt,0.00049885
cipher,sm4_cbc,decrypt,0.00050100
cipher,sm4_cbc,decrypt,0.00049437
cipher,sm4_cbc,decrypt,0.00049815
cipher,sm4_cbc,decrypt,0.00049469
cipher,sm4_cbc,decrypt,0.00049111
cipher,sm4_cbc,decrypt,0.00049189
cipher,sm4_cbc,decrypt,0.00049957
cipher,sm4_cbc,decrypt,0.00049603
cipher,sm4_cbc,decrypt,0.00050481
cipher,sm4_cbc,decrypt,0.00049295
cipher,sm4_cbc,decrypt,0.00050505
cipher,sm4_cbc,decrypt,0.00050754
cipher,sm4_cbc,decrypt,0.00049968
cipher,sm4_cbc,decrypt,0.00049410
cipher,sm4_cbc,decrypt,0.00049995
cipher,sm4_cbc,decrypt,0.00050347
cipher,sm4_cbc,decrypt,0.00050198
cipher,sm4_cbc,decrypt,0.00048553
cipher,sm4_cbc,decrypt,0.00049963
cipher,sm4_cbc,decrypt,0.00051414
cipher,sm4_cbc,decrypt,0.00050850
cipher,sm4_cbc,decrypt,0.00050432
cipher,sm4_cbc,decrypt,0.00050530
cipher,sm4_cbc,decrypt,0.00050568
cipher,sm4_cbc,decrypt,0.00050412
cipher,sm4_cbc,decrypt,0.00050408
cipher,sm4_cbc,decrypt,0.00049108
cipher,sm4_cbc,decrypt,0.00048924
cipher,sm4_cbc,decrypt,0.00047696
cipher,sm4_cbc,decrypt,0.00048304
cipher,sm4_cbc,decrypt,0.00047647
cipher,sm4_cbc,decrypt,0.00047326
cipher,sm4_cbc,decrypt,0.00048938
cipher,sm4_cbc,decrypt,0.00048615
cipher,sm4_cbc,decrypt,0.00048164
cipher,sm4_cbc,decrypt,0.00050473
cipher,sm4_cbc,decrypt,0.00050062
cipher,sm4_cbc,decrypt,0.00050036
cipher,sm4_cbc,decrypt,0.00049661
cipher,sm4_cbc,decrypt,0.00050711
cipher,sm4_cbc,decrypt,0.00050154
cipher,sm4_cbc,decrypt,0.00049689
cipher,sm4_cbc,decrypt,0.00049408
cipher,sm4_cbc,decrypt,0.00049222
cipher,sm4_cbc,decrypt,0.00051335
cipher,sm4_cbc,decrypt,0.00050469
cipher,sm4_cbc,decrypt,0.00051252
cipher,sm4_cbc,decrypt,0.00049712
cipher,sm4_cbc,decrypt,0.00050749
cipher,sm4_cbc,decrypt,0.00049536
cipher,sm4_cbc,decrypt,0.00050745
cipher,sm4_cbc,decrypt,0.00050441
cipher,sm4_cbc,decrypt,0.00050632
cipher,sm4_cbc,decrypt,0.00050865
cipher,sm4_cbc,decrypt,0.00050647
cipher,sm4_cbc,decrypt,0.00051025
cipher,sm4_cbc,decrypt,0.00049969
cipher,sm4_cbc,decrypt,0.00049769
cipher,sm4_cbc,decrypt,0.00049794
cipher,sm4_cbc,decrypt,0.00051174
cipher,sm4_cbc,decrypt,0.00052261
cipher,sm4_cbc,decrypt,0.00050594
cipher,sm4_cbc,decrypt,0.00050292
cipher,sm4_cbc,decrypt,0.00050768
cipher,sm4_cbc,decrypt,0.00051394
cipher,sm4_cbc,decrypt,0.00051185
cipher,sm4_cbc,decrypt,0.00050427
cipher,sm4_cbc,decrypt,0.00051307
cipher,sm4_cbc,decrypt,0.00049563
cipher,sm4_cbc,decrypt,0.00051214
cipher,sm4_cbc,decrypt,0.00049153
cipher,sm4_cbc,decrypt,0.00049781
cipher,sm4_cbc,decrypt,0.00050822
cipher,sm4_cbc,decrypt,0.00051741
cipher,sm4_cbc,decrypt,0.00049205
cipher,sm4_cbc,decrypt,0.00050915
cipher,sm4_cbc,decrypt,0.00050393
cipher,sm4_cbc,decrypt,0.00050885
cipher,sm4_cbc,decrypt,0.00050381
cipher,sm4_cbc,decrypt,0.00051145
cipher,sm4_cbc,decrypt,0.00051405
cipher,sm4_cbc,decrypt,0.00049422
cipher,sm4_cbc,decrypt,0.00048744
cipher,sm4_cbc,decrypt,0.00050271
cipher,sm4_cbc,decrypt,0.00050825
cipher,sm4_cbc,decrypt,0.00052498
cipher,sm4_cbc,decrypt,0.00053117
cipher,sm4_cbc,decrypt,0.00051662
cipher,sm4_cbc,decrypt,0.00052661
cipher,sm4_cbc,decrypt,0.00052959
cipher,sm4_cbc,decrypt,0.00052623
cipher,sm4_cbc,decrypt,0.00052675
cipher,sm4_cbc,decrypt,0.00053098
cipher,sm4_cbc,decrypt,0.00052583
cipher,sm4_cbc,decrypt,0.00052581
cipher,sm4_cbc,decrypt,0.00053330
cipher,sm4_cbc,decrypt,0.00051729
cipher,sm4_cbc,decrypt,0.00052518
cipher,sm4_cbc,decrypt,0.00051758
cipher,sm4_cbc,decrypt,0.00051622
cipher,aes256_cbc,encrypt,0.00002012
cipher,aes256_cbc,encrypt,0.00000905
cipher,aes256_cbc,encrypt,0.00000561
cipher,aes256_cbc,encrypt,0.00000483
cipher,aes256_cbc,encrypt,0.00000469
cipher,aes256_cbc,encrypt,0.00000429
cipher,aes256_cbc,encrypt,0.00000416
cipher,aes256_cbc,encrypt,0.00000427
cipher,aes256_cbc,encrypt,0.00000412
cipher,aes256_cbc,encrypt,0.00000436
cipher,aes256_cbc,encrypt,0.00000452
cipher,aes256_cbc,encrypt,0.00000425
cipher,aes256_cbc,encrypt,0.00000409
cipher,aes256_cbc,encrypt,0.00000411
cipher,aes256_cbc,encrypt,0.00000400
cipher,aes256_cbc,encrypt,0.00000406
cipher,aes256_cbc,encrypt,0.00000411
cipher,aes256_cbc,encrypt,0.00000406
cipher,aes256_cbc,encrypt,0.00000558
cipher,aes256_cbc,encrypt,0.00000415
cipher,aes256_cbc,encrypt,0.00000447
cipher,aes256_cbc,encrypt,0.00000407
cipher,aes256_cbc,encrypt,0.00000424
cipher,aes256_cbc,encrypt,0.00000422
cipher,aes256_cbc,encrypt,0.00000406
cipher,aes256_cbc,encrypt,0.00000439
cipher,aes256_cbc,encrypt,0.00000417
cipher,aes256_cbc,encrypt,0.00000425
cipher,aes256_cbc,encrypt,0.00000390
cipher,aes256_cbc,encrypt,0.00000388
cipher,aes256_cbc,encrypt,0.00000387
cipher,aes256_cbc,encrypt,0.00000376
cipher,aes256_cbc,encrypt,0.00000382
cipher,aes256_cbc,encrypt,0.00000374
cipher,aes256_cbc,encrypt,0.00000387
cipher,aes256_cbc,encrypt,0.00000382
cipher,aes256_cbc,encrypt,0.00000391
cipher,aes256_cbc,encrypt,0.00000388
cipher,aes256_cbc,encrypt,0.00000387
cipher,aes256_cbc,encrypt,0.00000388
cipher,aes256_cbc,encrypt,0.00000383
cipher,aes256_cbc,encrypt,0.00000398
cipher,aes256_cbc,encrypt,0.00000395
cipher,aes256_cbc,encrypt,0.00000387
cipher,aes256_cbc,encrypt,0.00000382
cipher,aes256_cbc,encrypt,0.00000390
cipher,aes256_cbc,encrypt,0.00000391
cipher,aes256_cbc,encrypt,0.00000391
cipher,aes256_cbc,encrypt,0.00000378
cipher,aes256_cbc,encrypt,0.00000382
cipher,aes256_cbc,encrypt,0.00000386
cipher,aes256_cbc,encrypt,0.00000392
cipher,aes256_cbc,encrypt,0.00000417
cipher,aes256_cbc,encrypt,0.00000390
cipher,aes256_cbc,encrypt,0.00000402
cipher,aes256_cbc,encrypt,0.00000379
cipher,aes256_cbc,encrypt,0.00000389
cipher,aes256_cbc,encrypt,0.00000411
cipher,aes256_cbc,encrypt,0.00000393
cipher,aes256_cbc,encrypt,0.00000384
cipher,aes256_cbc,encrypt,0.00000383
cipher,aes256_cbc,encrypt,0.00000386
cipher,aes256_cbc,encrypt,0.00000382
cipher,aes256_cbc,encrypt,0.00000373
cipher,aes256_cbc,encrypt,0.00000371
cipher,aes256_cbc,encrypt,0.00000413
cipher,aes256_cbc,encrypt,0.00000405
cipher,aes256_cbc,encrypt,0.00000386
cipher,aes256_cbc,encrypt,0.00000391
cipher,aes256_cbc,encrypt,0.00000395
cipher,aes256_cbc,encrypt,0.00000389
cipher,aes256_cbc,encrypt,0.00000517
cipher,aes256_cbc,encrypt,0.00000383
cipher,aes256_cbc,encrypt,0.00000392
cipher,aes256_cbc,encrypt,0.00000393
cipher,aes256_cbc,encrypt,0.00000383
cipher,aes256_cbc,encrypt,0.00000396
cipher,aes256_cbc,encrypt,0.00000406
cipher,aes256_cbc,encrypt,0.00000393
cipher,aes256_cbc,encrypt,0.00000380
cipher,aes256_cbc,encrypt,0.00000396
cipher,aes256_cbc,encrypt,0.00000389
cipher,aes256_cbc,encrypt,0.00000380
cipher,aes256_cbc,encrypt,0.00000379
cipher,aes256_cbc,encrypt,0.00000385
cipher,aes256_cbc,encrypt,0.00000395
cipher,aes256_cbc,encrypt,0.00000389
cipher,aes256_cbc,encrypt,0.00000393
cipher,aes256_cbc,encrypt,0.00000377
cipher,aes256_cbc,encrypt,0.00000372
cipher,aes256_cbc,encrypt,0.00000378
cipher,aes256_cbc,encrypt,0.00000388
cipher,aes256_cbc,encrypt,0.00000375
cipher,aes256_cbc,encrypt,0.00000386
cipher,aes256_cbc,encrypt,0.00000381
cipher,aes256_cbc,encrypt,0.00000392
cipher,aes256_cbc,encrypt,0.00000373
cipher,aes256_cbc,encrypt,0.00000395
cipher,aes256_cbc,encrypt,0.00000386
cipher,aes256_cbc,encrypt,0.00000375
cipher,aes256_cbc,encrypt,0.00000381
cipher,aes256_cbc,encrypt,0.00000382
cipher,aes256_cbc,encrypt,0.00000391
cipher,aes256_cbc,encrypt,0.00000385
cipher,aes256_cbc,encrypt,0.00000384
cipher,aes256_cbc,encrypt,0.00000378
cipher,aes256_cbc,encrypt,0.00000376
cipher,aes256_cbc,encrypt,0.00000391
cipher,aes256_cbc,encrypt,0.00000386
cipher,aes256_cbc,encrypt,0.00000381
cipher,aes256_cbc,encrypt,0.00000381
cipher,aes256_cbc,encrypt,0.00000378
cipher,aes256_cbc,encrypt,0.00000372
cipher,aes256_cbc,encrypt,0.00000385
cipher,aes256_cbc,encrypt,0.00000378
cipher,aes256_cbc,encrypt,0.00000393
cipher,aes256_cbc,encrypt,0.00000387
cipher,aes256_cbc,encrypt,0.00000398
cipher,aes256_cbc,encrypt,0.00000383
cipher,aes256_cbc,encrypt,0.00000403
cipher,aes256_cbc,encrypt,0.00000389
cipher,aes256_cbc,encrypt,0.00000400
cipher,aes256_cbc,encrypt,0.00000377
cipher,aes256_cbc,encrypt,0.00000389
cipher,aes256_cbc,encrypt,0.00000384
cipher,aes256_cbc,encrypt,0.00000382
cipher,aes256_cbc,encrypt,0.00000375
cipher,aes256_cbc,encrypt,0.00000384
cipher,aes256_cbc,encrypt,0.00000386
cipher,aes256_cbc,encrypt,0.00000378
cipher,aes256_cbc,encrypt,0.00000377
cipher,aes256_cbc,encrypt,0.00000382
cipher,aes256_cbc,encrypt,0.00000376
cipher,aes256_cbc,encrypt,0.00000384
cipher,aes256_cbc,encrypt,0.00000385
cipher,aes256_cbc,encrypt,0.00000370
cipher,aes256_cbc,encrypt,0.00000381
cipher,aes256_cbc,encrypt,0.00000383
cipher,aes256_cbc,encrypt,0.00000380
cipher,aes256_cbc,encrypt,0.00000383
cipher,aes256_cbc,encrypt,0.00000382
cipher,aes256_cbc,encrypt,0.00000375
cipher,aes256_cbc,encrypt,0.00000390
cipher,aes256_cbc,encrypt,0.00000392
cipher,aes256_cbc,encrypt,0.00000396
cipher,aes256_cbc,encrypt,0.00000383
cipher,aes256_cbc,encrypt,0.00000383
cipher,aes256_cbc,encrypt,0.00000390
cipher,aes256_cbc,encrypt,0.00000380
cipher,aes256_cbc,encrypt,0.00000394
cipher,aes256_cbc,encrypt,0.00000382
cipher,aes256_cbc,encrypt,0.00000372
cipher,aes256_cbc,encrypt,0.00000385
cipher,aes256_cbc,encrypt,0.00000395
cipher,aes256_cbc,encrypt,0.00000385
cipher,aes256_cbc,encrypt,0.00000394
cipher,aes256_cbc,encrypt,0.00000403
cipher,aes256_cbc,encrypt,0.00000384
cipher,aes256_cbc,encrypt,0.00000387
cipher,aes256_cbc,encrypt,0.00000380
cipher,aes256_cbc,encrypt,0.00000382
cipher,aes256_cbc,encrypt,0.00000395
cipher,aes256_cbc,encrypt,0.00000380
cipher,aes256_cbc,encrypt,0.00000381
cipher,aes256_cbc,encrypt,0.00000381
cipher,aes256_cbc,encrypt,0.00000377
cipher,aes256_cbc,encrypt,0.00000395
cipher,aes256_cbc,encrypt,0.00000388
cipher,aes256_cbc,encrypt,0.00000376
cipher,aes256_cbc,encrypt,0.00000377
cipher,aes256_cbc,encrypt,0.00000379
cipher,aes256_cbc,encrypt,0.00000383
cipher,aes256_cbc,encrypt,0.00000376
cipher,aes256_cbc,encrypt,0.00000387
cipher,aes256_cbc,encrypt,0.00000395
cipher,aes256_cbc,encrypt,0.00000385
cipher,aes256_cbc,encrypt,0.00000391
cipher,aes256_cbc,encrypt,0.00000385
cipher,aes256_cbc,encrypt,0.00000377
cipher,aes256_cbc,encrypt,0.00000383
cipher,aes256_cbc,encrypt,0.00000389
cipher,aes256_cbc,encrypt,0.00000380
cipher,aes256_cbc,encrypt,0.00000387
cipher,aes256_cbc,encrypt,0.00000940
cipher,aes256_cbc,encrypt,0.00000409
cipher,aes256_cbc,encrypt,0.00000408
cipher,aes256_cbc,encrypt,0.00000392
cipher,aes256_cbc,encrypt,0.00000399
cipher,aes256_cbc,encrypt,0.00000385
cipher,aes256_cbc,encrypt,0.00000390
cipher,aes256_cbc,encrypt,0.00000418
cipher,aes256_cbc,encrypt,0.00000385
cipher,aes256_cbc,encrypt,0.00000384
cipher,aes256_cbc,encrypt,0.00000397
cipher,aes256_cbc,encrypt,0.00000387
cipher,aes256_cbc,encrypt,0.00000382
cipher,aes256_cbc,encrypt,0.00000383
cipher,aes256_cbc,encrypt,0.00000391
cipher,aes256_cbc,encrypt,0.00000390
cipher,aes256_cbc,encrypt,0.00000523
cipher,aes256_cbc,decrypt,0.00000726
cipher,aes256_cbc,decrypt,0.00000524
cipher,aes256_cbc,decrypt,0.00000369
cipher,aes256_cbc,decrypt,0.00000333
cipher,aes256_cbc,decrypt,0.00000356
cipher,aes256_cbc,decrypt,0.00000341
cipher,aes256_cbc,decrypt,0.00000340
cipher,aes256_cbc,decrypt,0.00000318
cipher,aes256_cbc,decrypt,0.00000346
cipher,aes256_cbc,decrypt,0.00000344
cipher,aes256_cbc,decrypt,0.00000331
cipher,aes256_cbc,decrypt,0.00000333
cipher,aes256_cbc,decrypt,0.00000321
cipher,aes256_cbc,decrypt,0.00000352
cipher,aes256_cbc,decrypt,0.00000323
cipher,aes256_cbc,decrypt,0.00000328
cipher,aes256_cbc,decrypt,0.00000335
cipher,aes256_cbc,decrypt,0.00000334
cipher,aes256_cbc,decrypt,0.00000326
cipher,aes256_cbc,decrypt,0.00000326
cipher,aes256_cbc,decrypt,0.00000327
cipher,aes256_cbc,decrypt,0.00000339
cipher,aes256_cbc,decrypt,0.00000333
cipher,aes256_cbc,decrypt,0.00000363
cipher,aes256_cbc,decrypt,0.00000331
cipher,aes256_cbc,decrypt,0.00000338
cipher,aes256_cbc,decrypt,0.00000334
cipher,aes256_cbc,decrypt,0.00000327
cipher,aes256_cbc,decrypt,0.00000330
cipher,aes256_cbc,decrypt,0.00000335
cipher,aes256_cbc,decrypt,0.00000334
cipher,aes256_cbc,decrypt,0.00000336
cipher,aes256_cbc,decrypt,0.00000325
cipher,aes256_cbc,decrypt,0.00000329
cipher,aes256_cbc,decrypt,0.00000323
cipher,aes256_cbc,decrypt,0.00000331
cipher,aes256_cbc,decrypt,0.00000337
cipher,aes256_cbc,decrypt,0.00000339
cipher,aes256_cbc,decrypt,0.00000327
cipher,aes256_cbc,decrypt,0.00000325
cipher,aes256_cbc,decrypt,0.00000325
cipher,aes256_cbc,decrypt,0.00000316
cipher,aes256_cbc,decrypt,0.00000322
cipher,aes256_cbc,decrypt,0.00000330
cipher,aes256_cbc,decrypt,0.00000325
cipher,aes256_cbc,decrypt,0.00000326
cipher,aes256_cbc,decrypt,0.00000346
cipher,aes256_cbc,decrypt,0.00000317
cipher,aes256_cbc,decrypt,0.00000335
cipher,aes256_cbc,decrypt,0.00000348
cipher,aes256_cbc,decrypt,0.00000332
cipher,aes256_cbc,decrypt,0.00000341
cipher,aes256_cbc,decrypt,0.00000342
cipher,aes256_cbc,decrypt,0.00000344
cipher,aes256_cbc,decrypt,0.00000346
cipher,aes256_cbc,decrypt,0.00000337
cipher,aes256_cbc,decrypt,0.00000336
cipher,aes256_cbc,decrypt,0.00000360
cipher,aes256_cbc,decrypt,0.00000326
cipher,aes256_cbc,decrypt,0.00000332
cipher,aes256_cbc,decrypt,0.00000324
cipher,aes256_cbc,decrypt,0.00000344
cipher,aes256_cbc,decrypt,0.00000330
cipher,aes256_cbc,decrypt,0.00000330
cipher,aes256_cbc,decrypt,0.00000331
cipher,aes256_cbc,decrypt,0.00000328
cipher,aes256_cbc,decrypt,0.00000341
cipher,aes256_cbc,decrypt,0.00000338
cipher,aes256_cbc,decrypt,0.00000325
cipher,aes256_cbc,decrypt,0.00000332
cipher,aes256_cbc,decrypt,0.00000336
cipher,aes256_cbc,decrypt,0.00000331
cipher,aes256_cbc,decrypt,0.00000329
cipher,aes256_cbc,decrypt,0.00000323
cipher,aes256_cbc,decrypt,0.00000323
cipher,aes256_cbc,decrypt,0.00000329
cipher,aes256_cbc,decrypt,0.00000329
cipher,aes256_cbc,decrypt,0.00000352
cipher,aes256_cbc,decrypt,0.00000319
cipher,aes256_cbc,decrypt,0.00000332
cipher,aes256_cbc,decrypt,0.00000326
cipher,aes256_cbc,decrypt,0.00000334
cipher,aes256_cbc,decrypt,0.00000326
cipher,aes256_cbc,decrypt,0.00000339
cipher,aes256_cbc,decrypt,0.00000318
cipher,aes256_cbc,decrypt,0.00000328
cipher,aes256_cbc,decrypt,0.00000334
cipher,aes256_cbc,decrypt,0.00000330
cipher,aes256_cbc,decrypt,0.00000327
cipher,aes256_cbc,decrypt,0.00000327
cipher,aes256_cbc,decrypt,0.00000333
cipher,aes256_cbc,decrypt,0.00000329
cipher,aes256_cbc,decrypt,0.00000329
cipher,aes256_cbc,decrypt,0.00000326
cipher,aes256_cbc,decrypt,0.00000331
cipher,aes256_cbc,decrypt,0.00000322
cipher,aes256_cbc,decrypt,0.00000326
cipher,aes256_cbc,decrypt,0.00000320
cipher,aes256_cbc,decrypt,0.00000334
cipher,aes256_cbc,decrypt,0.00000316
cipher,aes256_cbc,decrypt,0.00000324
cipher,aes256_cbc,decrypt,0.00000329
cipher,aes256_cbc,decrypt,0.00000323
cipher,aes256_cbc,decrypt,0.00000328
cipher,aes256_cbc,decrypt,0.00000330
cipher,aes256_cbc,decrypt,0.00000330
cipher,aes256_cbc,decrypt,0.00000325
cipher,aes256_cbc,decrypt,0.00000322
cipher,aes256_cbc,decrypt,0.00000321
cipher,aes256_cbc,decrypt,0.00000333
cipher,aes256_cbc,decrypt,0.00000332
cipher,aes256_cbc,decrypt,0.00000322
cipher,aes256_cbc,decrypt,0.00000329
cipher,aes256_cbc,decrypt,0.00000322
cipher,aes256_cbc,decrypt,0.00000319
cipher,aes256_cbc,decrypt,0.00000320
cipher,aes256_cbc,decrypt,0.00000321
cipher,aes256_cbc,decrypt,0.00000320
cipher,aes256_cbc,decrypt,0.00000327
cipher,aes256_cbc,decrypt,0.00000330
cipher,aes256_cbc,decrypt,0.00000341
cipher,aes256_cbc,decrypt,0.00000336
cipher,aes256_cbc,decrypt,0.00000320
cipher,aes256_cbc,decrypt,0.00000323
cipher,aes256_cbc,decrypt,0.00000323
cipher,aes256_cbc,decrypt,0.00000322
cipher,aes256_cbc,decrypt,0.00000336
cipher,aes256_cbc,decrypt,0.00000483
cipher,aes256_cbc,decrypt,0.00000348
cipher,aes256_cbc,decrypt,0.00000341
cipher,aes256_cbc,decrypt,0.00000328
cipher,aes256_cbc,decrypt,0.00000337
cipher,aes256_cbc,decrypt,0.00000333
cipher,aes256_cbc,decrypt,0.00000331
cipher,aes256_cbc,decrypt,0.00000334
cipher,aes256_cbc,decrypt,0.00000326
cipher,aes256_cbc,decrypt,0.00000316
cipher,aes256_cbc,decrypt,0.00000330
cipher,aes256_cbc,decrypt,0.00000328
cipher,aes256_cbc,decrypt,0.00000327
cipher,aes256_cbc,decrypt,0.00000331
cipher,aes256_cbc,decrypt,0.00000329
cipher,aes256_cbc,decrypt,0.00000325
cipher,aes256_cbc,decrypt,0.00000331
cipher,aes256_cbc,decrypt,0.00000335
cipher,aes256_cbc,decrypt,0.00000320
cipher,aes256_cbc,decrypt,0.00000338
cipher,aes256_cbc,decrypt,0.00000351
cipher,aes256_cbc,decrypt,0.00000324
cipher,aes256_cbc,decrypt,0.00000331
cipher,aes256_cbc,decrypt,0.00000325
cipher,aes256_cbc,decrypt,0.00000320
cipher,aes256_cbc,decrypt,0.00000322
cipher,aes256_cbc,decrypt,0.00000316
cipher,aes256_cbc,decrypt,0.00000325
cipher,aes256_cbc,decrypt,0.00000336
cipher,aes256_cbc,decrypt,0.00000318
cipher,aes256_cbc,decrypt,0.00000326
cipher,aes256_cbc,decrypt,0.00000319
cipher,aes256_cbc,decrypt,0.00000325
cipher,aes256_cbc,decrypt,0.00000324
cipher,aes256_cbc,decrypt,0.00000348
cipher,aes256_cbc,decrypt,0.00000351
cipher,aes256_cbc,decrypt,0.00000325
cipher,aes256_cbc,decrypt,0.00000316
cipher,aes256_cbc,decrypt,0.00000330
cipher,aes256_cbc,decrypt,0.00000333
cipher,aes256_cbc,decrypt,0.00000329
cipher,aes256_cbc,decrypt,0.00000317
cipher,aes256_cbc,decrypt,0.00000330
cipher,aes256_cbc,decrypt,0.00000338
cipher,aes256_cbc,decrypt,0.00000328
cipher,aes256_cbc,decrypt,0.00000321
cipher,aes256_cbc,decrypt,0.00000324
cipher,aes256_cbc,decrypt,0.00000323
cipher,aes256_cbc,decrypt,0.00000327
cipher,aes256_cbc,decrypt,0.00000325
cipher,aes256_cbc,decrypt,0.00000323
cipher,aes256_cbc,decrypt,0.00000329
cipher,aes256_cbc,decrypt,0.00000321
cipher,aes256_cbc,decrypt,0.00000324
cipher,aes256_cbc,decrypt,0.00000324
cipher,aes256_cbc,decrypt,0.00000326
cipher,aes256_cbc,decrypt,0.00000328
cipher,aes256_cbc,decrypt,0.00000322
cipher,aes256_cbc,decrypt,0.00000334
cipher,aes256_cbc,decrypt,0.00000327
cipher,aes256_cbc,decrypt,0.00000324
cipher,aes256_cbc,decrypt,0.00000329
cipher,aes256_cbc,decrypt,0.00000318
cipher,aes256_cbc,decrypt,0.00000327
cipher,aes256_cbc,decrypt,0.00000330
cipher,aes256_cbc,decrypt,0.00000326
cipher,aes256_cbc,decrypt,0.00000317
cipher,aes256_cbc,decrypt,0.00000323
cipher,aes256_cbc,decrypt,0.00000330
cipher,aes256_cbc,decrypt,0.00000322
cipher,aes256_cbc,decrypt,0.00000318
cipher,aes256_cbc,decrypt,0.00000319
cipher,aes256_cbc,decrypt,0.00000322
sign,sm9,sign,0.12189416
sign,sm9,sign,0.11905057
sign,sm9,sign,0.12124137
sign,sm9,sign,0.23912836
sign,sm9,sign,0.22367928
sign,sm9,sign,0.30110509
sign,sm9,sign,0.77973633
sign,sm9,sign,0.32372850
sign,sm9,sign,0.26576789
sign,sm9,sign,0.26164311
sign,sm9,sign,0.25351729
sign,sm9,sign,0.25577046
sign,sm9,sign,0.24328803
sign,sm9,sign,0.25602305
sign,sm9,sign,0.24456563
sign,sm9,sign,0.25819521
sign,sm9,sign,0.25827685
sign,sm9,sign,0.25740521
sign,sm9,sign,0.27606485
sign,sm9,sign,0.27397374
sign,sm9,sign,0.21793365
sign,sm9,sign,0.19867678
sign,sm9,sign,0.20548341
sign,sm9,sign,0.27104075
sign,sm9,sign,0.59790291
sign,sm9,sign,0.47282709
sign,sm9,sign,0.20143052
sign,sm9,sign,0.97249987
sign,sm9,sign,1.72231971
sign,sm9,sign,1.11848827
sign,sm9,sign,0.20278991
sign,sm9,sign,0.19578940
sign,sm9,sign,0.20022561
sign,sm9,sign,0.18228599
sign,sm9,sign,0.18415369
sign,sm9,sign,0.23364599
sign,sm9,sign,0.25704719
sign,sm9,sign,0.55381611
sign,sm9,sign,1.58466216
sign,sm9,sign,0.20052850
sign,sm9,sign,0.20435990
sign,sm9,sign,0.19581021
sign,sm9,sign,0.20658778
sign,sm9,sign,0.19642399
sign,sm9,sign,0.19687466
sign,sm9,sign,0.20136151
sign,sm9,sign,0.18653179
sign,sm9,sign,0.20933724
sign,sm9,sign,0.18726703
sign,sm9,sign,0.19851491
sign,sm9,sign,0.20902004
sign,sm9,sign,0.19560440
sign,sm9,sign,0.18837027
sign,sm9,sign,0.18935343
sign,sm9,sign,0.20240740
sign,sm9,sign,0.18547544
sign,sm9,sign,0.20815377
sign,sm9,sign,0.20181279
sign,sm9,sign,0.19797504
sign,sm9,sign,0.18705374
sign,sm9,sign,0.19667152
sign,sm9,sign,0.20767497
sign,sm9,sign,0.20035310
sign,sm9,sign,0.19291027
sign,sm9,sign,0.18294544
sign,sm9,sign,0.16998332
sign,sm9,sign,0.17568504
sign,sm9,sign,0.17782554
sign,sm9,sign,0.19252699
sign,sm9,sign,0.19599166
sign,sm9,sign,0.18102338
sign,sm9,sign,0.17809367
sign,sm9,sign,0.18976938
sign,sm9,sign,0.17902283
sign,sm9,sign,0.19373235
sign,sm9,sign,0.23440022
sign,sm9,sign,0.19161055
sign,sm9,sign,0.18529346
sign,sm9,sign,0.19687806
sign,sm9,sign,0.18145401
sign,sm9,sign,0.19128912
sign,sm9,sign,0.19353674
sign,sm9,sign,0.23842829
sign,sm9,sign,0.20230363
sign,sm9,sign,0.19209254
sign,sm9,sign,0.19342608
sign,sm9,sign,0.18936457
sign,sm9,sign,0.19294509
sign,sm9,sign,0.20776395
sign,sm9,sign,0.19780120
sign,sm9,sign,0.18440704
sign,sm9,sign,0.17598478
sign,sm9,sign,0.18306683
sign,sm9,sign,0.17979690
sign,sm9,sign,0.18847580
sign,sm9,sign,0.18940524
sign,sm9,sign,0.21633473
sign,sm9,sign,0.18385702
sign,sm9,sign,0.18309606
sign,sm9,sign,0.19615107
sign,sm9,sign,0.19136836
sign,sm9,sign,0.19307288
sign,sm9,sign,0.21528483
sign,sm9,sign,0.17864086
sign,sm9,sign,0.18849376
sign,sm9,sign,0.18489930
sign,sm9,sign,0.19347876
sign,sm9,sign,0.19219127
sign,sm9,sign,0.18415362
sign,sm9,sign,0.22196498
sign,sm9,sign,0.17941035
sign,sm9,sign,0.19202883
sign,sm9,sign,0.20205114
sign,sm9,sign,0.19803093
sign,sm9,sign,0.18828409
sign,sm9,sign,0.20588385
sign,sm9,sign,0.19450770
sign,sm9,sign,0.17766760
sign,sm9,sign,0.18418738
sign,sm9,sign,0.19118374
sign,sm9,sign,0.19070775
sign,sm9,sign,0.17663518
sign,sm9,sign,0.19898309
sign,sm9,sign,0.18992081
sign,sm9,sign,0.18402106
sign,sm9,sign,0.17341390
sign,sm9,sign,0.18428329
sign,sm9,sign,0.20249598
sign,sm9,sign,0.21183233
sign,sm9,sign,0.21349614
sign,sm9,sign,0.19207013
sign,sm9,sign,0.16989527
sign,sm9,sign,0.18241993
sign,sm9,sign,0.18050841
sign,sm9,sign,0.19311165
sign,sm9,sign,0.19859722
sign,sm9,sign,0.20558159
sign,sm9,sign,0.19669082
sign,sm9,sign,0.19100710
sign,sm9,sign,0.19789763
sign,sm9,sign,0.18973388
sign,sm9,sign,0.19934968
sign,sm9,sign,0.18237979
sign,sm9,sign,0.18956403
sign,sm9,sign,0.18059944
sign,sm9,sign,0.19040095
sign,sm9,sign,0.19519819
sign,sm9,sign,0.19450556
sign,sm9,sign,0.18867247
sign,sm9,sign,0.18657249
sign,sm9,sign,0.18401814
sign,sm9,sign,0.17757687
sign,sm9,sign,0.19384009
sign,sm9,sign,0.19879726
sign,sm9,sign,0.19040235
sign,sm9,sign,0.19284672
sign,sm9,sign,0.18708011
sign,sm9,sign,0.19319581
sign,sm9,sign,0.17947305
sign,sm9,sign,0.18134096
sign,sm9,sign,0.19188328
sign,sm9,sign,0.19854965
sign,sm9,sign,0.19983257
sign,sm9,sign,0.20206268
sign,sm9,sign,0.19487274
sign,sm9,sign,0.17425045
sign,sm9,sign,0.18400795
sign,sm9,sign,0.18071060
sign,sm9,sign,0.19505521
sign,sm9,sign,0.19877382
sign,sm9,sign,0.21320763
sign,sm9,sign,0.19444176
sign,sm9,sign,0.17459070
sign,sm9,sign,0.18826258
sign,sm9,sign,0.17895845
sign,sm9,sign,0.19687950
sign,sm9,sign,0.21778297
sign,sm9,sign,0.18553764
sign,sm9,sign,0.18959548
sign,sm9,sign,0.18975582
sign,sm9,sign,0.18091965
sign,sm9,sign,0.18145368
sign,sm9,sign,0.17582308
sign,sm9,sign,0.20054926
sign,sm9,sign,0.17359108
sign,sm9,sign,0.17556004
sign,sm9,sign,0.17830380
sign,sm9,sign,0.18100328
sign,sm9,sign,0.18706929
sign,sm9,sign,0.18472941
sign,sm9,sign,0.22780604
sign,sm9,sign,0.18493074
sign,sm9,sign,0.18821605
sign,sm9,sign,0.19167894
sign,sm9,sign,0.20535478
sign,sm9,sign,0.19869620
sign,sm9,sign,0.22434375
sign,sm9,sign,0.20445905
sign,sm9,sign,0.19413946
sign,sm9,sign,0.17073127
sign,sm9,verify,0.29810143
sign,sm9,verify,0.41691110
sign,sm9,verify,0.56573497
sign,sm9,verify,0.59214421
sign,sm9,verify,0.51215539
sign,sm9,verify,0.31782951
sign,sm9,verify,0.31717890
sign,sm9,verify,0.36399625
sign,sm9,verify,0.32122891
sign,sm9,verify,0.53024511
sign,sm9,verify,0.65212094
sign,sm9,verify,0.33361141
sign,sm9,verify,0.62632775
sign,sm9,verify,0.50094594
sign,sm9,verify,0.32797396
sign,sm9,verify,0.32566195
sign,sm9,verify,0.30226227
sign,sm9,verify,0.30869760
sign,sm9,verify,0.31861799
sign,sm9,verify,0.32269938
sign,sm9,verify,0.29342941
sign,sm9,verify,0.29859392
sign,sm9,verify,0.33438905
sign,sm9,verify,0.32164420
sign,sm9,verify,0.30687408
sign,sm9,verify,0.33893785
sign,sm9,verify,0.61618833
sign,sm9,verify,0.58922804
sign,sm9,verify,0.46364060
sign,sm9,verify,0.31128134
sign,sm9,verify,0.31736647
sign,sm9,verify,0.45455345
sign,sm9,verify,0.32518950
sign,sm9,verify,0.87989581
sign,sm9,verify,0.30913493
sign,sm9,verify,0.34377484
sign,sm9,verify,1.00558743
sign,sm9,verify,0.34217749
sign,sm9,verify,0.32587754
sign,sm9,verify,0.33436427
sign,sm9,verify,0.34388347
sign,sm9,verify,0.31754868
sign,sm9,verify,0.30426661
sign,sm9,verify,0.32444120
sign,sm9,verify,0.32037952
sign,sm9,verify,0.79258061
sign,sm9,verify,1.26541006
sign,sm9,verify,0.96205674
sign,sm9,verify,0.29439519
sign,sm9,verify,0.30939588
sign,sm9,verify,0.32638742
sign,sm9,verify,0.30670193
sign,sm9,verify,0.31916552
sign,sm9,verify,0.31613721
sign,sm9,verify,0.30282576
sign,sm9,verify,0.31243225
sign,sm9,verify,0.32061157
sign,sm9,verify,0.33988225
sign,sm9,verify,0.23521746
sign,sm9,verify,0.24122042
sign,sm9,verify,0.23715125
sign,sm9,verify,0.24996456
sign,sm9,verify,0.45444784
sign,sm9,verify,0.41817009
sign,sm9,verify,0.40966991
sign,sm9,verify,0.48566600
sign,sm9,verify,0.42795059
sign,sm9,verify,0.44663951
sign,sm9,verify,0.42941089
sign,sm9,verify,0.53943672
sign,sm9,verify,0.47181936
sign,sm9,verify,0.43568061
sign,sm9,verify,0.51016769
sign,sm9,verify,0.36679370
sign,sm9,verify,0.39438400
sign,sm9,verify,0.60551736
sign,sm9,verify,0.66316344
sign,sm9,verify,0.55539394
sign,sm9,verify,0.64758136
sign,sm9,verify,0.40273812
sign,sm9,verify,0.31356002
sign,sm9,verify,0.35797856
sign,sm9,verify,0.34576661
sign,sm9,verify,0.42272874
sign,sm9,verify,0.70753430
sign,sm9,verify,1.55480397
sign,sm9,verify,0.68519960
sign,sm9,verify,0.33206649
sign,sm9,verify,0.33038834
sign,sm9,verify,0.30181008
sign,sm9,verify,0.32131313
sign,sm9,verify,0.36752834
sign,sm9,verify,0.32056323
sign,sm9,verify,0.31488292
sign,sm9,verify,0.31913237
sign,sm9,verify,0.34542859
sign,sm9,verify,0.32892329
sign,sm9,verify,0.32816259
sign,sm9,verify,0.36909039
sign,sm9,verify,0.35420471
sign,sm9,verify,0.34397854
sign,sm9,verify,0.33997324
sign,sm9,verify,0.40356225
sign,sm9,verify,0.34299687
sign,sm9,verify,0.33690564
sign,sm9,verify,0.38403324
sign,sm9,verify,0.37815044
sign,sm9,verify,0.35986384
sign,sm9,verify,0.38217702
sign,sm9,verify,0.43209064
sign,sm9,verify,0.36438592
sign,sm9,verify,0.32132208
sign,sm9,verify,0.34716476
sign,sm9,verify,0.33287767
sign,sm9,verify,0.35768522
sign,sm9,verify,0.30457938
sign,sm9,verify,0.33259187
sign,sm9,verify,0.36403665
sign,sm9,verify,0.32936390
sign,sm9,verify,0.49417780
sign,sm9,verify,0.35575630
sign,sm9,verify,0.31461192
sign,sm9,verify,0.33183370
sign,sm9,verify,0.34907844
sign,sm9,verify,0.33947705
sign,sm9,verify,0.31872026
sign,sm9,verify,0.36837774
sign,sm9,verify,0.34139964
sign,sm9,verify,0.39545548
sign,sm9,verify,0.35862062
sign,sm9,verify,0.30493616
sign,sm9,verify,0.29977677
sign,sm9,verify,0.31052929
sign,sm9,verify,0.33072656
sign,sm9,verify,0.31833147
sign,sm9,verify,0.34978378
sign,sm9,verify,0.32782251
sign,sm9,verify,0.31686337
sign,sm9,verify,0.30766801
sign,sm9,verify,0.31222982
sign,sm9,verify,0.32241633
sign,sm9,verify,0.31478581
sign,sm9,verify,0.31935289
sign,sm9,verify,0.30552034
sign,sm9,verify,0.31318545
sign,sm9,verify,0.33081864
sign,sm9,verify,0.32094830
sign,sm9,verify,0.30831266
sign,sm9,verify,0.31126213
sign,sm9,verify,0.32933837
sign,sm9,verify,0.32868151
sign,sm9,verify,0.31896115
sign,sm9,verify,0.30724876
sign,sm9,verify,0.30933582
sign,sm9,verify,0.30442779
sign,sm9,verify,0.32980203
sign,sm9,verify,0.34670665
sign,sm9,verify,0.30517880
sign,sm9,verify,0.29747525
sign,sm9,verify,0.31050997
sign,sm9,verify,0.29884434
sign,sm9,verify,0.32522276
sign,sm9,verify,0.32572372
sign,sm9,verify,0.36035959
sign,sm9,verify,0.34320025
sign,sm9,verify,0.30354023
sign,sm9,verify,0.32127503
sign,sm9,verify,0.34073124
sign,sm9,verify,0.32759840
sign,sm9,verify,0.31982990
sign,sm9,verify,0.30568375
sign,sm9,verify,0.32593563
sign,sm9,verify,0.35012981
sign,sm9,verify,0.31895068
sign,sm9,verify,0.31983425
sign,sm9,verify,0.30501485
sign,sm9,verify,0.37499072
sign,sm9,verify,0.34253270
sign,sm9,verify,0.32872152
sign,sm9,verify,0.36857326
sign,sm9,verify,0.37125353
sign,sm9,verify,0.37092905
sign,sm9,verify,0.35636835
sign,sm9,verify,0.30718720
sign,sm9,verify,0.36035282
sign,sm9,verify,0.35152487
sign,sm9,verify,0.30953745
sign,sm9,verify,0.35356619
sign,sm9,verify,0.33249518
sign,sm9,verify,0.33583091
sign,sm9,verify,0.33895293
sign,sm9,verify,0.34304317
sign,sm9,verify,0.34117280
sign,sm9,verify,0.41632360
sign,sm9,verify,0.39133781
sign,sm9,verify,0.77893061
sign,sm9,verify,3.53941121
sign,sm9,verify,1.75797752
sign,sm9,verify,0.33075676
sign,sm9,verify,0.35418147
sign,rsa2048,sign,0.00064264
sign,rsa2048,sign,0.00060412
sign,rsa2048,sign,0.00059959
sign,rsa2048,sign,0.00060504
sign,rsa2048,sign,0.00069956
sign,rsa2048,sign,0.00060252
sign,rsa2048,sign,0.00061549
sign,rsa2048,sign,0.00060382
sign,rsa2048,sign,0.00060627
sign,rsa2048,sign,0.00060525
sign,rsa2048,sign,0.00059482
sign,rsa2048,sign,0.00060109
sign,rsa2048,sign,0.00060631
sign,rsa2048,sign,0.00058418
sign,rsa2048,sign,0.00058070
sign,rsa2048,sign,0.00059104
sign,rsa2048,sign,0.00058290
sign,rsa2048,sign,0.00060064
sign,rsa2048,sign,0.00057804
sign,rsa2048,sign,0.00060633
sign,rsa2048,sign,0.00057933
sign,rsa2048,sign,0.00073037
sign,rsa2048,sign,0.00059449
sign,rsa2048,sign,0.00062727
sign,rsa2048,sign,0.00061765
sign,rsa2048,sign,0.00061346
sign,rsa2048,sign,0.00058252
sign,rsa2048,sign,0.00058420
sign,rsa2048,sign,0.00059727
sign,rsa2048,sign,0.00060878
sign,rsa2048,sign,0.00059842
sign,rsa2048,sign,0.00093542
sign,rsa2048,sign,0.00059947
sign,rsa2048,sign,0.00061705
sign,rsa2048,sign,0.00060200
sign,rsa2048,sign,0.00060927
sign,rsa2048,sign,0.00060807
sign,rsa2048,sign,0.00059851
sign,rsa2048,sign,0.00060403
sign,rsa2048,sign,0.00059821
sign,rsa2048,sign,0.00061348
sign,rsa2048,sign,0.00061244
sign,rsa2048,sign,0.00059603
sign,rsa2048,sign,0.00059818
sign,rsa2048,sign,0.00060184
sign,rsa2048,sign,0.00059934
sign,rsa2048,sign,0.00060711
sign,rsa2048,sign,0.00059566
sign,rsa2048,sign,0.00059918
sign,rsa2048,sign,0.00068792
sign,rsa2048,sign,0.00059893
sign,rsa2048,sign,0.00060093
sign,rsa2048,sign,0.00087148
sign,rsa2048,sign,0.00111458
sign,rsa2048,sign,0.00060997
sign,rsa2048,sign,0.00095606
sign,rsa2048,sign,0.00117343
sign,rsa2048,sign,0.00076555
sign,rsa2048,sign,0.00060117
sign,rsa2048,sign,0.00059560
sign,rsa2048,sign,0.00105875
sign,rsa2048,sign,0.00075903
sign,rsa2048,sign,0.00061769
sign,rsa2048,sign,0.00093495
sign,rsa2048,sign,0.00061015
sign,rsa2048,sign,0.00098965
sign,rsa2048,sign,0.00121470
sign,rsa2048,sign,0.00125287
sign,rsa2048,sign,0.00087754
sign,rsa2048,sign,0.00069446
sign,rsa2048,sign,0.00077258
sign,rsa2048,sign,0.00073288
sign,rsa2048,sign,0.00098473
sign,rsa2048,sign,0.00063690
sign,rsa2048,sign,0.00063279
sign,rsa2048,sign,0.00063201
sign,rsa2048,sign,0.00061551
sign,rsa2048,sign,0.00067524
sign,rsa2048,sign,0.00075615
sign,rsa2048,sign,0.00077071
sign,rsa2048,sign,0.00072300
sign,rsa2048,sign,0.00065110
sign,rsa2048,sign,0.00062768
sign,rsa2048,sign,0.00061363
sign,rsa2048,sign,0.00064249
sign,rsa2048,sign,0.00064890
sign,rsa2048,sign,0.00073207
sign,rsa2048,sign,0.00072532
sign,rsa2048,sign,0.00066908
sign,rsa2048,sign,0.00062915
sign,rsa2048,sign,0.00089277
sign,rsa2048,sign,0.00095455
sign,rsa2048,sign,0.00111987
sign,rsa2048,sign,0.00062947
sign,rsa2048,sign,0.00062226
sign,rsa2048,sign,0.00096950
sign,rsa2048,sign,0.00087094
sign,rsa2048,sign,0.00126835
sign,rsa2048,sign,0.00063353
sign,rsa2048,sign,0.00062689
sign,rsa2048,sign,0.00115942
sign,rsa2048,sign,0.00064350
sign,rsa2048,sign,0.00061406
sign,rsa2048,sign,0.00062633
sign,rsa2048,sign,0.00061667
sign,rsa2048,sign,0.00063383
sign,rsa2048,sign,0.00062825
sign,rsa2048,sign,0.00062013
sign,rsa2048,sign,0.00062730
sign,rsa2048,sign,0.00061596
sign,rsa2048,sign,0.00062222
sign,rsa2048,sign,0.00085370
sign,rsa2048,sign,0.00062209
sign,rsa2048,sign,0.00061254
sign,rsa2048,sign,0.00061872
sign,rsa2048,sign,0.00063680
sign,rsa2048,sign,0.00061346
sign,rsa2048,sign,0.00061722
sign,rsa2048,sign,0.00061307
sign,rsa2048,sign,0.00061558
sign,rsa2048,sign,0.00062651
sign,rsa2048,sign,0.00062397
sign,rsa2048,sign,0.00062918
sign,rsa2048,sign,0.00062573
sign,rsa2048,sign,0.00061424
sign,rsa2048,sign,0.00068075
sign,rsa2048,sign,0.00061773
sign,rsa2048,sign,0.00097316
sign,rsa2048,sign,0.00061802
sign,rsa2048,sign,0.00083187
sign,rsa2048,sign,0.00111907
sign,rsa2048,sign,0.00063078
sign,rsa2048,sign,0.00062472
sign,rsa2048,sign,0.00061634
sign,rsa2048,sign,0.00060580
sign,rsa2048,sign,0.00088894
sign,rsa2048,sign,0.00063071
sign,rsa2048,sign,0.00060792
sign,rsa2048,sign,0.00060404
sign,rsa2048,sign,0.00060746
sign,rsa2048,sign,0.00059569
sign,rsa2048,sign,0.00060061
sign,rsa2048,sign,0.00061570
sign,rsa2048,sign,0.00062111
sign,rsa2048,sign,0.00062661
sign,rsa2048,sign,0.00061423
sign,rsa2048,sign,0.00062937
sign,rsa2048,sign,0.00059880
sign,rsa2048,sign,0.00059396
sign,rsa2048,sign,0.00059699
sign,rsa2048,sign,0.00061417
sign,rsa2048,sign,0.00059427
sign,rsa2048,sign,0.00060915
sign,rsa2048,sign,0.00060817
sign,rsa2048,sign,0.00059734
sign,rsa2048,sign,0.00061235
sign,rsa2048,sign,0.00059321
sign,rsa2048,sign,0.00059756
sign,rsa2048,sign,0.00060013
sign,rsa2048,sign,0.00093118
sign,rsa2048,sign,0.00059959
sign,rsa2048,sign,0.00099103
sign,rsa2048,sign,0.00097408
sign,rsa2048,sign,0.00062264
sign,rsa2048,sign,0.00061158
sign,rsa2048,sign,0.00060591
sign,rsa2048,sign,0.00061027
sign,rsa2048,sign,0.00061081
sign,rsa2048,sign,0.00059875
sign,rsa2048,sign,0.00059589
sign,rsa2048,sign,0.00061227
sign,rsa2048,sign,0.00060895
sign,rsa2048,sign,0.00060648
sign,rsa2048,sign,0.00060766
sign,rsa2048,sign,0.00059415
sign,rsa2048,sign,0.00059623
sign,rsa2048,sign,0.00059677
sign,rsa2048,sign,0.00063950
sign,rsa2048,sign,0.00059991
sign,rsa2048,sign,0.00060200
sign,rsa2048,sign,0.00060688
sign,rsa2048,sign,0.00059595
sign,rsa2048,sign,0.00059688
sign,rsa2048,sign,0.00060551
sign,rsa2048,sign,0.00060950
sign,rsa2048,sign,0.00059754
sign,rsa2048,sign,0.00059529
sign,rsa2048,sign,0.00059693
sign,rsa2048,sign,0.00059599
sign,rsa2048,sign,0.00060499
sign,rsa2048,sign,0.00059833
sign,rsa2048,sign,0.00092882
sign,rsa2048,sign,0.00060546
sign,rsa2048,sign,0.00083503
sign,rsa2048,sign,0.00122764
sign,rsa2048,sign,0.00070634
sign,rsa2048,sign,0.00061051
sign,rsa2048,sign,0.00059710
sign,rsa2048,sign,0.00060790
sign,rsa2048,sign,0.00067039
sign,rsa2048,verify,0.00007878
sign,rsa2048,verify,0.00005206
sign,rsa2048,verify,0.00004744
sign,rsa2048,verify,0.00004650
sign,rsa2048,verify,0.00004532
sign,rsa2048,verify,0.00004400
sign,rsa2048,verify,0.00004617
sign,rsa2048,verify,0.00004690
sign,rsa2048,verify,0.00004726
sign,rsa2048,verify,0.00004703
sign,rsa2048,verify,0.00004674
sign,rsa2048,verify,0.00004700
sign,rsa2048,verify,0.00004687
sign,rsa2048,verify,0.00004671
sign,rsa2048,verify,0.00004679
sign,rsa2048,verify,0.00004662
sign,rsa2048,verify,0.00004731
sign,rsa2048,verify,0.00005067
sign,rsa2048,verify,0.00004674
sign,rsa2048,verify,0.00004670
sign,rsa2048,verify,0.00003120
sign,rsa2048,verify,0.00003618
sign,rsa2048,verify,0.00004523
sign,rsa2048,verify,0.00004666
sign,rsa2048,verify,0.00004680
sign,rsa2048,verify,0.00004700
sign,rsa2048,verify,0.00004693
sign,rsa2048,verify,0.00004657
sign,rsa2048,verify,0.00004632
sign,rsa2048,verify,0.00004677
sign,rsa2048,verify,0.00004670
sign,rsa2048,verify,0.00004685
sign,rsa2048,verify,0.00004692
sign,rsa2048,verify,0.00004631
sign,rsa2048,verify,0.00004584
sign,rsa2048,verify,0.00004536
sign,rsa2048,verify,0.00004636
sign,rsa2048,verify,0.00004647
sign,rsa2048,verify,0.00004610
sign,rsa2048,verify,0.00006395
sign,rsa2048,verify,0.00004706
sign,rsa2048,verify,0.00004633
sign,rsa2048,verify,0.00004672
sign,rsa2048,verify,0.00004712
sign,rsa2048,verify,0.00004621
sign,rsa2048,verify,0.00004623
sign,rsa2048,verify,0.00004308
sign,rsa2048,verify,0.00002866
sign,rsa2048,verify,0.00002834
sign,rsa2048,verify,0.00003125
sign,rsa2048,verify,0.00003557
sign,rsa2048,verify,0.00003601
sign,rsa2048,verify,0.00003347
sign,rsa2048,verify,0.00004413
sign,rsa2048,verify,0.00004677
sign,rsa2048,verify,0.00004659
sign,rsa2048,verify,0.00003739
sign,rsa2048,verify,0.00002820
sign,rsa2048,verify,0.00002820
sign,rsa2048,verify,0.00002843
sign,rsa2048,verify,0.00002942
sign,rsa2048,verify,0.00002850
sign,rsa2048,verify,0.00002819
sign,rsa2048,verify,0.00002813
sign,rsa2048,verify,0.00002838
sign,rsa2048,verify,0.00002816
sign,rsa2048,verify,0.00003819
sign,rsa2048,verify,0.00002829
sign,rsa2048,verify,0.00002837
sign,rsa2048,verify,0.00002795
sign,rsa2048,verify,0.00002828
sign,rsa2048,verify,0.00002822
sign,rsa2048,verify,0.00002837
sign,rsa2048,verify,0.00002807
sign,rsa2048,verify,0.00002798
sign,rsa2048,verify,0.00002838
sign,rsa2048,verify,0.00002832
sign,rsa2048,verify,0.00002833
sign,rsa2048,verify,0.00002839
sign,rsa2048,verify,0.00002824
sign,rsa2048,verify,0.00002832
sign,rsa2048,verify,0.00002844
sign,rsa2048,verify,0.00002817
sign,rsa2048,verify,0.00002833
sign,rsa2048,verify,0.00002810
sign,rsa2048,verify,0.00002787
sign,rsa2048,verify,0.00002821
sign,rsa2048,verify,0.00002826
sign,rsa2048,verify,0.00002818
sign,rsa2048,verify,0.00002797
sign,rsa2048,verify,0.00002810
sign,rsa2048,verify,0.00002833
sign,rsa2048,verify,0.00002816
sign,rsa2048,verify,0.00002812
sign,rsa2048,verify,0.00002786
sign,rsa2048,verify,0.00002817
sign,rsa2048,verify,0.00002821
sign,rsa2048,verify,0.00002802
sign,rsa2048,verify,0.00002805
sign,rsa2048,verify,0.00002816
sign,rsa2048,verify,0.00002821
sign,rsa2048,verify,0.00004417
sign,rsa2048,verify,0.00002850
sign,rsa2048,verify,0.00002824
sign,rsa2048,verify,0.00002829
sign,rsa2048,verify,0.00002834
sign,rsa2048,verify,0.00002807
sign,rsa2048,verify,0.00002830
sign,rsa2048,verify,0.00002858
sign,rsa2048,verify,0.00002805
sign,rsa2048,verify,0.00002843
sign,rsa2048,verify,0.00003443
sign,rsa2048,verify,0.00002814
sign,rsa2048,verify,0.00002823
sign,rsa2048,verify,0.00002812
sign,rsa2048,verify,0.00002821
sign,rsa2048,verify,0.00002794
sign,rsa2048,verify,0.00002812
sign,rsa2048,verify,0.00002821
sign,rsa2048,verify,0.00002853
sign,rsa2048,verify,0.00002832
sign,rsa2048,verify,0.00002812
sign,rsa2048,verify,0.00002834
sign,rsa2048,verify,0.00002830
sign,rsa2048,verify,0.00002852
sign,rsa2048,verify,0.00002810
sign,rsa2048,verify,0.00002951
sign,rsa2048,verify,0.00003283
sign,rsa2048,verify,0.00003728
sign,rsa2048,verify,0.00002850
sign,rsa2048,verify,0.00002825
sign,rsa2048,verify,0.00002817
sign,rsa2048,verify,0.00002807
sign,rsa2048,verify,0.00002793
sign,rsa2048,verify,0.00002802
sign,rsa2048,verify,0.00003128
sign,rsa2048,verify,0.00002849
sign,rsa2048,verify,0.00002805
sign,rsa2048,verify,0.00002812
sign,rsa2048,verify,0.00002830
sign,rsa2048,verify,0.00002814
sign,rsa2048,verify,0.00002798
sign,rsa2048,verify,0.00002821
sign,rsa2048,verify,0.00002814
sign,rsa2048,verify,0.00002806
sign,rsa2048,verify,0.00002797
sign,rsa2048,verify,0.00002782
sign,rsa2048,verify,0.00004380
sign,rsa2048,verify,0.00002879
sign,rsa2048,verify,0.00002806
sign,rsa2048,verify,0.00002811
sign,rsa2048,verify,0.00002848
sign,rsa2048,verify,0.00002816
sign,rsa2048,verify,0.00002820
sign,rsa2048,verify,0.00002826
sign,rsa2048,verify,0.00004180
sign,rsa2048,verify,0.00003107
sign,rsa2048,verify,0.00002823
sign,rsa2048,verify,0.00002844
sign,rsa2048,verify,0.00002819
sign,rsa2048,verify,0.00002822
sign,rsa2048,verify,0.00003383
sign,rsa2048,verify,0.00002834
sign,rsa2048,verify,0.00002806
sign,rsa2048,verify,0.00002853
sign,rsa2048,verify,0.00002834
sign,rsa2048,verify,0.00002798
sign,rsa2048,verify,0.00002824
sign,rsa2048,verify,0.00003802
sign,rsa2048,verify,0.00002838
sign,rsa2048,verify,0.00002819
sign,rsa2048,verify,0.00002831
sign,rsa2048,verify,0.00002816
sign,rsa2048,verify,0.00002801
sign,rsa2048,verify,0.00002836
sign,rsa2048,verify,0.00002813
sign,rsa2048,verify,0.00002818
sign,rsa2048,verify,0.00002843
sign,rsa2048,verify,0.00002803
sign,rsa2048,verify,0.00002827
sign,rsa2048,verify,0.00002856
sign,rsa2048,verify,0.00002841
sign,rsa2048,verify,0.00002840
sign,rsa2048,verify,0.00002802
sign,rsa2048,verify,0.00002811
sign,rsa2048,verify,0.00002798
sign,rsa2048,verify,0.00002790
sign,rsa2048,verify,0.00002819
sign,rsa2048,verify,0.00002818
sign,rsa2048,verify,0.00002827
sign,rsa2048,verify,0.00002808
sign,rsa2048,verify,0.00002808
sign,rsa2048,verify,0.00002796
sign,rsa2048,verify,0.00002800
sign,rsa2048,verify,0.00004165
sign,rsa2048,verify,0.00002872
sign,rsa2048,verify,0.00002821
sign,rsa2048,verify,0.00002819
sign,rsa2048,verify,0.00002801
sign,rsa2048,verify,0.00002807
sign,ecdsa_p256,sign,0.00003517
sign,ecdsa_p256,sign,0.00002986
sign,ecdsa_p256,sign,0.00002748
sign,ecdsa_p256,sign,0.00002758
sign,ecdsa_p256,sign,0.00003696
sign,ecdsa_p256,sign,0.00003474
sign,ecdsa_p256,sign,0.00002743
sign,ecdsa_p256,sign,0.00002756
sign,ecdsa_p256,sign,0.00002763
sign,ecdsa_p256,sign,0.00002783
sign,ecdsa_p256,sign,0.00002724
sign,ecdsa_p256,sign,0.00002767
sign,ecdsa_p256,sign,0.00002728
sign,ecdsa_p256,sign,0.00002844
sign,ecdsa_p256,sign,0.00002808
sign,ecdsa_p256,sign,0.00002762
sign,ecdsa_p256,sign,0.00002834
sign,ecdsa_p256,sign,0.00002834
sign,ecdsa_p256,sign,0.00002862
sign,ecdsa_p256,sign,0.00002831
sign,ecdsa_p256,sign,0.00003043
sign,ecdsa_p256,sign,0.00002771
sign,ecdsa_p256,sign,0.00002801
sign,ecdsa_p256,sign,0.00003533
sign,ecdsa_p256,sign,0.00003713
sign,ecdsa_p256,sign,0.00004191
sign,ecdsa_p256,sign,0.00004602
sign,ecdsa_p256,sign,0.00004241
sign,ecdsa_p256,sign,0.00004219
sign,ecdsa_p256,sign,0.00004195
sign,ecdsa_p256,sign,0.00004213
sign,ecdsa_p256,sign,0.00004190
sign,ecdsa_p256,sign,0.00004198
sign,ecdsa_p256,sign,0.00004216
sign,ecdsa_p256,sign,0.00004168
sign,ecdsa_p256,sign,0.00004235
sign,ecdsa_p256,sign,0.00002874
sign,ecdsa_p256,sign,0.00002740
sign,ecdsa_p256,sign,0.00002769
sign,ecdsa_p256,sign,0.00002735
sign,ecdsa_p256,sign,0.00002729
sign,ecdsa_p256,sign,0.00002717
sign,ecdsa_p256,sign,0.00002705
sign,ecdsa_p256,sign,0.00002783
sign,ecdsa_p256,sign,0.00002721
sign,ecdsa_p256,sign,0.00002716
sign,ecdsa_p256,sign,0.00002728
sign,ecdsa_p256,sign,0.00002741
sign,ecdsa_p256,sign,0.00002736
sign,ecdsa_p256,sign,0.00002713
sign,ecdsa_p256,sign,0.00002706
sign,ecdsa_p256,sign,0.00002724
sign,ecdsa_p256,sign,0.00002726
sign,ecdsa_p256,sign,0.00003088
sign,ecdsa_p256,sign,0.00002758
sign,ecdsa_p256,sign,0.00002720
sign,ecdsa_p256,sign,0.00002745
sign,ecdsa_p256,sign,0.00003070
sign,ecdsa_p256,sign,0.00002758
sign,ecdsa_p256,sign,0.00002710
sign,ecdsa_p256,sign,0.00002692
sign,ecdsa_p256,sign,0.00002714
sign,ecdsa_p256,sign,0.00002709
sign,ecdsa_p256,sign,0.00002722
sign,ecdsa_p256,sign,0.00002731
sign,ecdsa_p256,sign,0.00002683
sign,ecdsa_p256,sign,0.00002712
sign,ecdsa_p256,sign,0.00002730
sign,ecdsa_p256,sign,0.00002734
sign,ecdsa_p256,sign,0.00002703
sign,ecdsa_p256,sign,0.00002721
sign,ecdsa_p256,sign,0.00002714
sign,ecdsa_p256,sign,0.00002724
sign,ecdsa_p256,sign,0.00002759
sign,ecdsa_p256,sign,0.00003894
sign,ecdsa_p256,sign,0.00002754
sign,ecdsa_p256,sign,0.00002743
sign,ecdsa_p256,sign,0.00002759
sign,ecdsa_p256,sign,0.00002708
sign,ecdsa_p256,sign,0.00002713
sign,ecdsa_p256,sign,0.00002715
sign,ecdsa_p256,sign,0.00002717
sign,ecdsa_p256,sign,0.00002733
sign,ecdsa_p256,sign,0.00002723
sign,ecdsa_p256,sign,0.00002725
sign,ecdsa_p256,sign,0.00002722
sign,ecdsa_p256,sign,0.00002721
sign,ecdsa_p256,sign,0.00002747
sign,ecdsa_p256,sign,0.00002738
sign,ecdsa_p256,sign,0.00002735
sign,ecdsa_p256,sign,0.00002699
sign,ecdsa_p256,sign,0.00002724
sign,ecdsa_p256,sign,0.00002707
sign,ecdsa_p256,sign,0.00002979
sign,ecdsa_p256,sign,0.00003059
sign,ecdsa_p256,sign,0.00002794
sign,ecdsa_p256,sign,0.00002721
sign,ecdsa_p256,sign,0.00002720
sign,ecdsa_p256,sign,0.00002729
sign,ecdsa_p256,sign,0.00002754
sign,ecdsa_p256,sign,0.00002739
sign,ecdsa_p256,sign,0.00002744
sign,ecdsa_p256,sign,0.00002756
sign,ecdsa_p256,sign,0.00002746
sign,ecdsa_p256,sign,0.00002749
sign,ecdsa_p256,sign,0.00002748
sign,ecdsa_p256,sign,0.00002759
sign,ecdsa_p256,sign,0.00002728
sign,ecdsa_p256,sign,0.00002737
sign,ecdsa_p256,sign,0.00002750
sign,ecdsa_p256,sign,0.00002758
sign,ecdsa_p256,sign,0.00002706
sign,ecdsa_p256,sign,0.00002704
sign,ecdsa_p256,sign,0.00002715
sign,ecdsa_p256,sign,0.00002698
sign,ecdsa_p256,sign,0.00002745
sign,ecdsa_p256,sign,0.00002719
sign,ecdsa_p256,sign,0.00002693
sign,ecdsa_p256,sign,0.00002732
sign,ecdsa_p256,sign,0.00002701
sign,ecdsa_p256,sign,0.00002717
sign,ecdsa_p256,sign,0.00002714
sign,ecdsa_p256,sign,0.00002704
sign,ecdsa_p256,sign,0.00002742
sign,ecdsa_p256,sign,0.00002727
sign,ecdsa_p256,sign,0.00002717
sign,ecdsa_p256,sign,0.00002697
sign,ecdsa_p256,sign,0.00002683
sign,ecdsa_p256,sign,0.00002724
sign,ecdsa_p256,sign,0.00002713
sign,ecdsa_p256,sign,0.00003059
sign,ecdsa_p256,sign,0.00002717
sign,ecdsa_p256,sign,0.00002721
sign,ecdsa_p256,sign,0.00002683
sign,ecdsa_p256,sign,0.00002697
sign,ecdsa_p256,sign,0.00002728
sign,ecdsa_p256,sign,0.00002723
sign,ecdsa_p256,sign,0.00002725
sign,ecdsa_p256,sign,0.00002732
sign,ecdsa_p256,sign,0.00003704
sign,ecdsa_p256,sign,0.00002716
sign,ecdsa_p256,sign,0.00002717
sign,ecdsa_p256,sign,0.00002712
sign,ecdsa_p256,sign,0.00002714
sign,ecdsa_p256,sign,0.00002706
sign,ecdsa_p256,sign,0.00002703
sign,ecdsa_p256,sign,0.00002703
sign,ecdsa_p256,sign,0.00002725
sign,ecdsa_p256,sign,0.00002748
sign,ecdsa_p256,sign,0.00002690
sign,ecdsa_p256,sign,0.00002732
sign,ecdsa_p256,sign,0.00002718
sign,ecdsa_p256,sign,0.00002713
sign,ecdsa_p256,sign,0.00002755
sign,ecdsa_p256,sign,0.00002709
sign,ecdsa_p256,sign,0.00002762
sign,ecdsa_p256,sign,0.00002759
sign,ecdsa_p256,sign,0.00002750
sign,ecdsa_p256,sign,0.00002753
sign,ecdsa_p256,sign,0.00002744
sign,ecdsa_p256,sign,0.00002743
sign,ecdsa_p256,sign,0.00002743
sign,ecdsa_p256,sign,0.00002716
sign,ecdsa_p256,sign,0.00002720
sign,ecdsa_p256,sign,0.00002728
sign,ecdsa_p256,sign,0.00002727
sign,ecdsa_p256,sign,0.00003016
sign,ecdsa_p256,sign,0.00003782
sign,ecdsa_p256,sign,0.00003540
sign,ecdsa_p256,sign,0.00003484
sign,ecdsa_p256,sign,0.00002742
sign,ecdsa_p256,sign,0.00002726
sign,ecdsa_p256,sign,0.00002743
sign,ecdsa_p256,sign,0.00002704
sign,ecdsa_p256,sign,0.00002702
sign,ecdsa_p256,sign,0.00002774
sign,ecdsa_p256,sign,0.00002716
sign,ecdsa_p256,sign,0.00002724
sign,ecdsa_p256,sign,0.00002698
sign,ecdsa_p256,sign,0.00002718
sign,ecdsa_p256,sign,0.00002697
sign,ecdsa_p256,sign,0.00002707
sign,ecdsa_p256,sign,0.00002733
sign,ecdsa_p256,sign,0.00002712
sign,ecdsa_p256,sign,0.00002721
sign,ecdsa_p256,sign,0.00002692
sign,ecdsa_p256,sign,0.00002734
sign,ecdsa_p256,sign,0.00002730
sign,ecdsa_p256,sign,0.00002707
sign,ecdsa_p256,sign,0.00002732
sign,ecdsa_p256,sign,0.00002696
sign,ecdsa_p256,sign,0.00002754
sign,ecdsa_p256,sign,0.00002739
sign,ecdsa_p256,sign,0.00002735
sign,ecdsa_p256,sign,0.00002763
sign,ecdsa_p256,sign,0.00002737
sign,ecdsa_p256,sign,0.00002715
sign,ecdsa_p256,sign,0.00002730
sign,ecdsa_p256,sign,0.00002728
sign,ecdsa_p256,sign,0.00002729
sign,ecdsa_p256,verify,0.00009938
sign,ecdsa_p256,verify,0.00007827
sign,ecdsa_p256,verify,0.00007510
sign,ecdsa_p256,verify,0.00007507
sign,ecdsa_p256,verify,0.00007539
sign,ecdsa_p256,verify,0.00007501
sign,ecdsa_p256,verify,0.00007529
sign,ecdsa_p256,verify,0.00007523
sign,ecdsa_p256,verify,0.00007508
sign,ecdsa_p256,verify,0.00007487
sign,ecdsa_p256,verify,0.00007523
sign,ecdsa_p256,verify,0.00007514
sign,ecdsa_p256,verify,0.00007801
sign,ecdsa_p256,verify,0.00007527
sign,ecdsa_p256,verify,0.00007553
sign,ecdsa_p256,verify,0.00007498
sign,ecdsa_p256,verify,0.00007617
sign,ecdsa_p256,verify,0.00007519
sign,ecdsa_p256,verify,0.00007502
sign,ecdsa_p256,verify,0.00007484
sign,ecdsa_p256,verify,0.00007494
sign,ecdsa_p256,verify,0.00008965
sign,ecdsa_p256,verify,0.00007542
sign,ecdsa_p256,verify,0.00007667
sign,ecdsa_p256,verify,0.00008573
sign,ecdsa_p256,verify,0.00007846
sign,ecdsa_p256,verify,0.00007532
sign,ecdsa_p256,verify,0.00007517
sign,ecdsa_p256,verify,0.00007466
sign,ecdsa_p256,verify,0.00007467
sign,ecdsa_p256,verify,0.00007501
sign,ecdsa_p256,verify,0.00008281
sign,ecdsa_p256,verify,0.00007537
sign,ecdsa_p256,verify,0.00007486
sign,ecdsa_p256,verify,0.00007486
sign,ecdsa_p256,verify,0.00007460
sign,ecdsa_p256,verify,0.00007486
sign,ecdsa_p256,verify,0.00007527
sign,ecdsa_p256,verify,0.00008605
sign,ecdsa_p256,verify,0.00007529
sign,ecdsa_p256,verify,0.00007505
sign,ecdsa_p256,verify,0.00007499
sign,ecdsa_p256,verify,0.00007474
sign,ecdsa_p256,verify,0.00007486
sign,ecdsa_p256,verify,0.00007510
sign,ecdsa_p256,verify,0.00007474
sign,ecdsa_p256,verify,0.00007526
sign,ecdsa_p256,verify,0.00007500
sign,ecdsa_p256,verify,0.00007514
sign,ecdsa_p256,verify,0.00007755
sign,ecdsa_p256,verify,0.00007573
sign,ecdsa_p256,verify,0.00007735
sign,ecdsa_p256,verify,0.00007459
sign,ecdsa_p256,verify,0.00007447
sign,ecdsa_p256,verify,0.00007510
sign,ecdsa_p256,verify,0.00007500
sign,ecdsa_p256,verify,0.00007866
sign,ecdsa_p256,verify,0.00009848
sign,ecdsa_p256,verify,0.00009498
sign,ecdsa_p256,verify,0.00012771
sign,ecdsa_p256,verify,0.00008212
sign,ecdsa_p256,verify,0.00007527
sign,ecdsa_p256,verify,0.00007426
sign,ecdsa_p256,verify,0.00009013
sign,ecdsa_p256,verify,0.00007523
sign,ecdsa_p256,verify,0.00007499
sign,ecdsa_p256,verify,0.00007512
sign,ecdsa_p256,verify,0.00007481
sign,ecdsa_p256,verify,0.00007480
sign,ecdsa_p256,verify,0.00007477
sign,ecdsa_p256,verify,0.00007498
sign,ecdsa_p256,verify,0.00007466
sign,ecdsa_p256,verify,0.00007459
sign,ecdsa_p256,verify,0.00007465
sign,ecdsa_p256,verify,0.00007902
sign,ecdsa_p256,verify,0.00007492
sign,ecdsa_p256,verify,0.00007823
sign,ecdsa_p256,verify,0.00007554
sign,ecdsa_p256,verify,0.00007505
sign,ecdsa_p256,verify,0.00007494
sign,ecdsa_p256,verify,0.00007525
sign,ecdsa_p256,verify,0.00007525
sign,ecdsa_p256,verify,0.00007543
sign,ecdsa_p256,verify,0.00008452
sign,ecdsa_p256,verify,0.00007515
sign,ecdsa_p256,verify,0.00007507
sign,ecdsa_p256,verify,0.00007509
sign,ecdsa_p256,verify,0.00007507
sign,ecdsa_p256,verify,0.00007495
sign,ecdsa_p256,verify,0.00007793
sign,ecdsa_p256,verify,0.00007477
sign,ecdsa_p256,verify,0.00007517
sign,ecdsa_p256,verify,0.00007508
sign,ecdsa_p256,verify,0.00007490
sign,ecdsa_p256,verify,0.00007501
sign,ecdsa_p256,verify,0.00007504
sign,ecdsa_p256,verify,0.00007489
sign,ecdsa_p256,verify,0.00007529
sign,ecdsa_p256,verify,0.00007460
sign,ecdsa_p256,verify,0.00007517
sign,ecdsa_p256,verify,0.00007497
sign,ecdsa_p256,verify,0.00007510
sign,ecdsa_p256,verify,0.00007553
sign,ecdsa_p256,verify,0.00008882
sign,ecdsa_p256,verify,0.00007695
sign,ecdsa_p256,verify,0.00007596
sign,ecdsa_p256,verify,0.00007562
sign,ecdsa_p256,verify,0.00007537
sign,ecdsa_p256,verify,0.00007485
sign,ecdsa_p256,verify,0.00007531
sign,ecdsa_p256,verify,0.00007505
sign,ecdsa_p256,verify,0.00007568
sign,ecdsa_p256,verify,0.00007558
sign,ecdsa_p256,verify,0.00007494
sign,ecdsa_p256,verify,0.00007490
sign,ecdsa_p256,verify,0.00007509
sign,ecdsa_p256,verify,0.00008543
sign,ecdsa_p256,verify,0.00007495
sign,ecdsa_p256,verify,0.00007477
sign,ecdsa_p256,verify,0.00007465
sign,ecdsa_p256,verify,0.00007441
sign,ecdsa_p256,verify,0.00007472
sign,ecdsa_p256,verify,0.00007514
sign,ecdsa_p256,verify,0.00007525
sign,ecdsa_p256,verify,0.00007519
sign,ecdsa_p256,verify,0.00007457
sign,ecdsa_p256,verify,0.00007488
sign,ecdsa_p256,verify,0.00007490
sign,ecdsa_p256,verify,0.00007474
sign,ecdsa_p256,verify,0.00007756
sign,ecdsa_p256,verify,0.00007477
sign,ecdsa_p256,verify,0.00007447
sign,ecdsa_p256,verify,0.00007457
sign,ecdsa_p256,verify,0.00007518
sign,ecdsa_p256,verify,0.00007494
sign,ecdsa_p256,verify,0.00007480
sign,ecdsa_p256,verify,0.00007472
sign,ecdsa_p256,verify,0.00007477
sign,ecdsa_p256,verify,0.00007494
sign,ecdsa_p256,verify,0.00007483
sign,ecdsa_p256,verify,0.00007460
sign,ecdsa_p256,verify,0.00007655
sign,ecdsa_p256,verify,0.00007816
sign,ecdsa_p256,verify,0.00007496
sign,ecdsa_p256,verify,0.00007502
sign,ecdsa_p256,verify,0.00007458
sign,ecdsa_p256,verify,0.00007538
sign,ecdsa_p256,verify,0.00007525
sign,ecdsa_p256,verify,0.00007508
sign,ecdsa_p256,verify,0.00007502
sign,ecdsa_p256,verify,0.00007490
sign,ecdsa_p256,verify,0.00007469
sign,ecdsa_p256,verify,0.00007454
sign,ecdsa_p256,verify,0.00008576
sign,ecdsa_p256,verify,0.00007558
sign,ecdsa_p256,verify,0.00007752
sign,ecdsa_p256,verify,0.00007516
sign,ecdsa_p256,verify,0.00007482
sign,ecdsa_p256,verify,0.00007517
sign,ecdsa_p256,verify,0.00007529
sign,ecdsa_p256,verify,0.00007487
sign,ecdsa_p256,verify,0.00007491
sign,ecdsa_p256,verify,0.00009911
sign,ecdsa_p256,verify,0.00007540
sign,ecdsa_p256,verify,0.00007477
sign,ecdsa_p256,verify,0.00007509
sign,ecdsa_p256,verify,0.00007459
sign,ecdsa_p256,verify,0.00007483
sign,ecdsa_p256,verify,0.00007727
sign,ecdsa_p256,verify,0.00007490
sign,ecdsa_p256,verify,0.00007492
sign,ecdsa_p256,verify,0.00007462
sign,ecdsa_p256,verify,0.00009853
sign,ecdsa_p256,verify,0.00007524
sign,ecdsa_p256,verify,0.00007447
sign,ecdsa_p256,verify,0.00007510
sign,ecdsa_p256,verify,0.00007491
sign,ecdsa_p256,verify,0.00007500
sign,ecdsa_p256,verify,0.00007495
sign,ecdsa_p256,verify,0.00007490
sign,ecdsa_p256,verify,0.00007522
sign,ecdsa_p256,verify,0.00007782
sign,ecdsa_p256,verify,0.00007471
sign,ecdsa_p256,verify,0.00007469
sign,ecdsa_p256,verify,0.00007480
sign,ecdsa_p256,verify,0.00009732
sign,ecdsa_p256,verify,0.00013540
sign,ecdsa_p256,verify,0.00012898
sign,ecdsa_p256,verify,0.00012657
sign,ecdsa_p256,verify,0.00012582
sign,ecdsa_p256,verify,0.00010384
sign,ecdsa_p256,verify,0.00009273
sign,ecdsa_p256,verify,0.00007625
sign,ecdsa_p256,verify,0.00007644
sign,ecdsa_p256,verify,0.00008821
sign,ecdsa_p256,verify,0.00007290
sign,ecdsa_p256,verify,0.00007266
sign,ecdsa_p256,verify,0.00007262
sign,ecdsa_p256,verify,0.00007240
sign,ecdsa_p256,verify,0.00007261
sign,sm2,sign,0.01651060
sign,sm2,sign,0.01802055
sign,sm2,sign,0.01821835
sign,sm2,sign,0.01613973
sign,sm2,sign,0.01730973
sign,sm2,sign,0.01708183
sign,sm2,sign,0.01861351
sign,sm2,sign,0.01662050
sign,sm2,sign,0.01896321
sign,sm2,sign,0.02276213
sign,sm2,sign,0.01667200
sign,sm2,sign,0.01785016
sign,sm2,sign,0.01783649
sign,sm2,sign,0.02339730
sign,sm2,sign,0.02096439
sign,sm2,sign,0.01634899
sign,sm2,sign,0.01708461
sign,sm2,sign,0.01642748
sign,sm2,sign,0.01682368
sign,sm2,sign,0.01753247
sign,sm2,sign,0.02173132
sign,sm2,sign,0.01955180
sign,sm2,sign,0.01895414
sign,sm2,sign,0.01754650
sign,sm2,sign,0.02398516
sign,sm2,sign,0.01609592
sign,sm2,sign,0.02117632
sign,sm2,sign,0.01662204
sign,sm2,sign,0.01981024
sign,sm2,sign,0.01681892
sign,sm2,sign,0.01939301
sign,sm2,sign,0.01905685
sign,sm2,sign,0.01852210
sign,sm2,sign,0.02373375
sign,sm2,sign,0.01888576
sign,sm2,sign,0.02191400
sign,sm2,sign,0.01834725
sign,sm2,sign,0.01700922
sign,sm2,sign,0.01799492
sign,sm2,sign,0.01965272
sign,sm2,sign,0.02263254
sign,sm2,sign,0.01880666
sign,sm2,sign,0.01599477
sign,sm2,sign,0.02206783
sign,sm2,sign,0.01901655
sign,sm2,sign,0.01854306
sign,sm2,sign,0.01698706
sign,sm2,sign,0.01770468
sign,sm2,sign,0.01725280
sign,sm2,sign,0.01618577
sign,sm2,sign,0.01654835
sign,sm2,sign,0.01734969
sign,sm2,sign,0.01750458
sign,sm2,sign,0.01754500
sign,sm2,sign,0.01828706
sign,sm2,sign,0.01723949
sign,sm2,sign,0.01904681
sign,sm2,sign,0.02161094
sign,sm2,sign,0.01816133
sign,sm2,sign,0.01915033
sign,sm2,sign,0.01616562
sign,sm2,sign,0.01734039
sign,sm2,sign,0.01665042
sign,sm2,sign,0.01899698
sign,sm2,sign,0.02092341
sign,sm2,sign,0.01740812
sign,sm2,sign,0.02084833
sign,sm2,sign,0.01917451
sign,sm2,sign,0.01782699
sign,sm2,sign,0.01858402
sign,sm2,sign,0.02122377
sign,sm2,sign,0.01556863
sign,sm2,sign,0.01977864
sign,sm2,sign,0.01708978
sign,sm2,sign,0.02080403
sign,sm2,sign,0.01651788
sign,sm2,sign,0.02018188
sign,sm2,sign,0.01703429
sign,sm2,sign,0.01994027
sign,sm2,sign,0.01894646
sign,sm2,sign,0.01777980
sign,sm2,sign,0.01697465
sign,sm2,sign,0.01714249
sign,sm2,sign,0.01776164
sign,sm2,sign,0.01868842
sign,sm2,sign,0.01809492
sign,sm2,sign,0.01847419
sign,sm2,sign,0.01645016
sign,sm2,sign,0.02068107
sign,sm2,sign,0.02122299
sign,sm2,sign,0.02059198
sign,sm2,sign,0.02013838
sign,sm2,sign,0.01954405
sign,sm2,sign,0.01652315
sign,sm2,sign,0.01910123
sign,sm2,sign,0.02038339
sign,sm2,sign,0.01668342
sign,sm2,sign,0.01626172
sign,sm2,sign,0.01723975
sign,sm2,sign,0.01573137
sign,sm2,sign,0.02156231
sign,sm2,sign,0.01681500
sign,sm2,sign,0.01838361
sign,sm2,sign,0.01835811
sign,sm2,sign,0.02265630
sign,sm2,sign,0.01555310
sign,sm2,sign,0.01742747
sign,sm2,sign,0.03393577
sign,sm2,sign,0.04165169
sign,sm2,sign,0.02932354
sign,sm2,sign,0.01802556
sign,sm2,sign,0.01617364
sign,sm2,sign,0.01588587
sign,sm2,sign,0.01709421
sign,sm2,sign,0.01849985
sign,sm2,sign,0.01656994
sign,sm2,sign,0.01613390
sign,sm2,sign,0.01613809
sign,sm2,sign,0.01610922
sign,sm2,sign,0.01609137
sign,sm2,sign,0.01771286
sign,sm2,sign,0.01578079
sign,sm2,sign,0.01822984
sign,sm2,sign,0.02061469
sign,sm2,sign,0.01626797
sign,sm2,sign,0.01734591
sign,sm2,sign,0.01873458
sign,sm2,sign,0.02295509
sign,sm2,sign,0.01603948
sign,sm2,sign,0.01877827
sign,sm2,sign,0.01636519
sign,sm2,sign,0.01981196
sign,sm2,sign,0.01681202
sign,sm2,sign,0.01811870
sign,sm2,sign,0.01660535
sign,sm2,sign,0.02476111
sign,sm2,sign,0.02166247
sign,sm2,sign,0.02680973
sign,sm2,sign,0.02548945
sign,sm2,sign,0.03169023
sign,sm2,sign,0.02249580
sign,sm2,sign,0.02268043
sign,sm2,sign,0.02743139
sign,sm2,sign,0.02974306
sign,sm2,sign,0.03221024
sign,sm2,sign,0.02260230
sign,sm2,sign,0.03322067
sign,sm2,sign,0.02021543
sign,sm2,sign,0.02071912
sign,sm2,sign,0.02216746
sign,sm2,sign,0.01948354
sign,sm2,sign,0.02013101
sign,sm2,sign,0.02159915
sign,sm2,sign,0.01846755
sign,sm2,sign,0.02136791
sign,sm2,sign,0.01811336
sign,sm2,sign,0.02021291
sign,sm2,sign,0.01958625
sign,sm2,sign,0.01824944
sign,sm2,sign,0.02289996
sign,sm2,sign,0.02983721
sign,sm2,sign,0.02783635
sign,sm2,sign,0.03571112
sign,sm2,sign,0.02927417
sign,sm2,sign,0.02381530
sign,sm2,sign,0.02226279
sign,sm2,sign,0.02992835
sign,sm2,sign,0.02534880
sign,sm2,sign,0.02310505
sign,sm2,sign,0.02320713
sign,sm2,sign,0.02804893
sign,sm2,sign,0.02180497
sign,sm2,sign,0.02140192
sign,sm2,sign,0.16471541
sign,sm2,sign,0.14590483
sign,sm2,sign,0.14158447
sign,sm2,sign,0.07652892
sign,sm2,sign,0.07151178
sign,sm2,sign,0.08372782
sign,sm2,sign,0.14738609
sign,sm2,sign,0.14477853
sign,sm2,sign,0.11835152
sign,sm2,sign,0.11641764
sign,sm2,sign,0.15149113
sign,sm2,sign,0.21574836
sign,sm2,sign,0.18021629
sign,sm2,sign,0.19422737
sign,sm2,sign,0.21831388
sign,sm2,sign,0.19571314
sign,sm2,sign,0.19600019
sign,sm2,sign,0.20423934
sign,sm2,sign,0.20675690
sign,sm2,sign,0.21475425
sign,sm2,sign,0.21488691
sign,sm2,sign,0.20126888
sign,sm2,sign,0.20599037
sign,sm2,sign,0.20094187
sign,sm2,sign,0.20714634
sign,sm2,sign,0.20389807
sign,sm2,sign,0.20387960
sign,sm2,verify,0.37488549
sign,sm2,verify,0.37368454
sign,sm2,verify,0.37355206
sign,sm2,verify,0.37493249
sign,sm2,verify,0.41080387
sign,sm2,verify,0.37383251
sign,sm2,verify,0.37393348
sign,sm2,verify,0.37147493
sign,sm2,verify,0.37716401
sign,sm2,verify,0.37204127
sign,sm2,verify,0.37361385
sign,sm2,verify,0.29735738
sign,sm2,verify,0.28058730
sign,sm2,verify,0.28001438
sign,sm2,verify,0.27644523
sign,sm2,verify,0.28230757
sign,sm2,verify,0.27881161
sign,sm2,verify,0.27684462
sign,sm2,verify,0.27979693
sign,sm2,verify,0.27913290
sign,sm2,verify,0.27892787
sign,sm2,verify,0.28023763
sign,sm2,verify,0.21859696
sign,sm2,verify,0.05804058
sign,sm2,verify,0.03517614
sign,sm2,verify,0.03684505
sign,sm2,verify,0.03295765
sign,sm2,verify,0.03942891
sign,sm2,verify,0.03841619
sign,sm2,verify,0.03971831
sign,sm2,verify,0.03569631
sign,sm2,verify,0.03097512
sign,sm2,verify,0.03030073
sign,sm2,verify,0.03002056
sign,sm2,verify,0.03153981
sign,sm2,verify,0.03147790
sign,sm2,verify,0.03487018
sign,sm2,verify,0.03705775
sign,sm2,verify,0.03223823
sign,sm2,verify,0.03339692
sign,sm2,verify,0.03118467
sign,sm2,verify,0.04200932
sign,sm2,verify,0.03859278
sign,sm2,verify,0.03153389
sign,sm2,verify,0.03129178
sign,sm2,verify,0.03524159
sign,sm2,verify,0.04580637
sign,sm2,verify,0.04505525
sign,sm2,verify,0.03318728
sign,sm2,verify,0.03116863
sign,sm2,verify,0.03141928
sign,sm2,verify,0.03297108
sign,sm2,verify,0.03216475
sign,sm2,verify,0.03943512
sign,sm2,verify,0.03675392
sign,sm2,verify,0.03400772
sign,sm2,verify,0.03901571
sign,sm2,verify,0.03090240
sign,sm2,verify,0.03030191
sign,sm2,verify,0.02954318
sign,sm2,verify,0.03188827
sign,sm2,verify,0.03000231
sign,sm2,verify,0.02984301
sign,sm2,verify,0.03383084
sign,sm2,verify,0.03675931
sign,sm2,verify,0.03473019
sign,sm2,verify,0.03201761
sign,sm2,verify,0.03367834
sign,sm2,verify,0.03384018
sign,sm2,verify,0.03238575
sign,sm2,verify,0.03107181
sign,sm2,verify,0.03408985
sign,sm2,verify,0.03439465
sign,sm2,verify,0.03318526
sign,sm2,verify,0.03666685
sign,sm2,verify,0.03225542
sign,sm2,verify,0.03572930
sign,sm2,verify,0.03384043
sign,sm2,verify,0.03409552
sign,sm2,verify,0.03473329
sign,sm2,verify,0.03404780
sign,sm2,verify,0.03712450
sign,sm2,verify,0.03136416
sign,sm2,verify,0.03327033
sign,sm2,verify,0.03344313
sign,sm2,verify,0.03695035
sign,sm2,verify,0.04032039
sign,sm2,verify,0.03431489
sign,sm2,verify,0.03211564
sign,sm2,verify,0.03325917
sign,sm2,verify,0.03145766
sign,sm2,verify,0.03667110
sign,sm2,verify,0.04377276
sign,sm2,verify,0.03689602
sign,sm2,verify,0.03477254
sign,sm2,verify,0.03789480
sign,sm2,verify,0.03191732
sign,sm2,verify,0.03175277
sign,sm2,verify,0.03717209
sign,sm2,verify,0.03638809
sign,sm2,verify,0.03465877
sign,sm2,verify,0.03398776
sign,sm2,verify,0.03351607
sign,sm2,verify,0.03292917
sign,sm2,verify,0.03417542
sign,sm2,verify,0.03486474
sign,sm2,verify,0.03505431
sign,sm2,verify,0.03431761
sign,sm2,verify,0.03683085
sign,sm2,verify,0.03616522
sign,sm2,verify,0.03962267
sign,sm2,verify,0.03307730
sign,sm2,verify,0.03046600
sign,sm2,verify,0.03144278
sign,sm2,verify,0.03226922
sign,sm2,verify,0.03028783
sign,sm2,verify,0.03056560
sign,sm2,verify,0.03232720
sign,sm2,verify,0.03222638
sign,sm2,verify,0.03338489
sign,sm2,verify,0.03340393
sign,sm2,verify,0.03917098
sign,sm2,verify,0.03296362
sign,sm2,verify,0.03289702
sign,sm2,verify,0.03523471
sign,sm2,verify,0.03706183
sign,sm2,verify,0.03421217
sign,sm2,verify,0.03940510
sign,sm2,verify,0.03811184
sign,sm2,verify,0.03350377
sign,sm2,verify,0.03572622
sign,sm2,verify,0.03732026
sign,sm2,verify,0.03365214
sign,sm2,verify,0.03343506
sign,sm2,verify,0.03241692
sign,sm2,verify,0.03655299
sign,sm2,verify,0.03515339
sign,sm2,verify,0.03341462
sign,sm2,verify,0.03063926
sign,sm2,verify,0.03520751
sign,sm2,verify,0.03553747
sign,sm2,verify,0.03012053
sign,sm2,verify,0.03176586
sign,sm2,verify,0.03347528
sign,sm2,verify,0.03127490
sign,sm2,verify,0.02989284
sign,sm2,verify,0.03158524
sign,sm2,verify,0.03360210
sign,sm2,verify,0.03461540
sign,sm2,verify,0.03417586
sign,sm2,verify,0.03698344
sign,sm2,verify,0.03575683
sign,sm2,verify,0.03929039
sign,sm2,verify,0.03438138
sign,sm2,verify,0.03840177
sign,sm2,verify,0.03467831
sign,sm2,verify,0.03682333
sign,sm2,verify,0.03693337
sign,sm2,verify,0.03338198
sign,sm2,verify,0.03565047
sign,sm2,verify,0.03443266
sign,sm2,verify,0.03382680
sign,sm2,verify,0.03407848
sign,sm2,verify,0.03575908
sign,sm2,verify,0.03444703
sign,sm2,verify,0.03136379
sign,sm2,verify,0.03802628
sign,sm2,verify,0.03213557
sign,sm2,verify,0.03108538
sign,sm2,verify,0.03186022
sign,sm2,verify,0.03430662
sign,sm2,verify,0.03362878
sign,sm2,verify,0.03256954
sign,sm2,verify,0.03429382
sign,sm2,verify,0.03615962
sign,sm2,verify,0.03604917
sign,sm2,verify,0.04203517
sign,sm2,verify,0.03763784
sign,sm2,verify,0.03639465
sign,sm2,verify,0.03556213
sign,sm2,verify,0.04029258
sign,sm2,verify,0.04473799
sign,sm2,verify,0.04058689
sign,sm2,verify,0.05216744
sign,sm2,verify,0.04967307
sign,sm2,verify,0.04474384
sign,sm2,verify,0.03981257
sign,sm2,verify,0.03798067
sign,sm2,verify,0.04865694
sign,sm2,verify,0.03309773
sign,sm2,verify,0.03016218
sign,sm2,verify,0.02937526
sign,sm2,verify,0.03660486
sign,sm2,verify,0.03273167
sign,sm2,verify,0.03387243
sign,sm2,verify,0.03391277
sign,sm2,verify,0.04344209
sign,sm2,verify,0.03160779
sign,sm2,verify,0.03432883
sign,sm2,verify,0.03307412
key_exchange,sm9,initiator,0.07535871
key_exchange,sm9,initiator,0.03376354
key_exchange,sm9,initiator,0.03161699
key_exchange,sm9,initiator,0.03313329
key_exchange,sm9,initiator,0.03438226
key_exchange,sm9,initiator,0.03299896
key_exchange,sm9,initiator,0.03322610
key_exchange,sm9,initiator,0.03464499
key_exchange,sm9,initiator,0.03438093
key_exchange,sm9,initiator,0.03391061
key_exchange,sm9,initiator,0.03252160
key_exchange,sm9,initiator,0.03313537
key_exchange,sm9,initiator,0.03393231
key_exchange,sm9,initiator,0.03354970
key_exchange,sm9,initiator,0.03898411
key_exchange,sm9,initiator,0.04018376
key_exchange,sm9,initiator,0.03244884
key_exchange,sm9,initiator,0.03306565
key_exchange,sm9,initiator,0.03020412
key_exchange,sm9,initiator,0.03475113
key_exchange,sm9,initiator,0.02991167
key_exchange,sm9,initiator,0.03060968
key_exchange,sm9,initiator,0.03202342
key_exchange,sm9,initiator,0.03906878
key_exchange,sm9,initiator,0.03503359
key_exchange,sm9,initiator,0.03464308
key_exchange,sm9,initiator,0.03664160
key_exchange,sm9,initiator,0.03531855
key_exchange,sm9,initiator,0.03610773
key_exchange,sm9,initiator,0.03679973
key_exchange,sm9,initiator,0.03406100
key_exchange,sm9,initiator,0.03103733
key_exchange,sm9,initiator,0.03484411
key_exchange,sm9,initiator,0.03046375
key_exchange,sm9,initiator,0.03414866
key_exchange,sm9,initiator,0.03430093
key_exchange,sm9,initiator,0.03525647
key_exchange,sm9,initiator,0.03419528
key_exchange,sm9,initiator,0.03470450
key_exchange,sm9,initiator,0.03405310
key_exchange,sm9,initiator,0.03220425
key_exchange,sm9,initiator,0.02529374
key_exchange,sm9,initiator,0.02413733
key_exchange,sm9,initiator,0.02194416
key_exchange,sm9,initiator,0.02281622
key_exchange,sm9,initiator,0.02288089
key_exchange,sm9,initiator,0.02333534
key_exchange,sm9,initiator,0.02314301
key_exchange,sm9,initiator,0.02264669
key_exchange,sm9,initiator,0.02291755
key_exchange,sm9,initiator,0.02210693
key_exchange,sm9,initiator,0.02294919
key_exchange,sm9,initiator,0.02311324
key_exchange,sm9,initiator,0.02302334
key_exchange,sm9,initiator,0.02252848
key_exchange,sm9,initiator,0.02282355
key_exchange,sm9,initiator,0.02247961
key_exchange,sm9,initiator,0.02298635
key_exchange,sm9,initiator,0.02231102
key_exchange,sm9,initiator,0.02253499
key_exchange,sm9,initiator,0.02305506
key_exchange,sm9,initiator,0.02248251
key_exchange,sm9,initiator,0.02227049
key_exchange,sm9,initiator,0.02288250
key_exchange,sm9,initiator,0.02304554
key_exchange,sm9,initiator,0.02272867
key_exchange,sm9,initiator,0.02273386
key_exchange,sm9,initiator,0.02224556
key_exchange,sm9,initiator,0.02227434
key_exchange,sm9,initiator,0.02223900
key_exchange,sm9,initiator,0.02181857
key_exchange,sm9,initiator,0.02242425
key_exchange,sm9,initiator,0.02211789
key_exchange,sm9,initiator,0.02145156
key_exchange,sm9,initiator,0.02263170
key_exchange,sm9,initiator,0.02153281
key_exchange,sm9,initiator,0.02381044
key_exchange,sm9,initiator,0.02204749
key_exchange,sm9,initiator,0.02184301
key_exchange,sm9,initiator,0.02237385
key_exchange,sm9,initiator,0.02175540
key_exchange,sm9,initiator,0.02322456
key_exchange,sm9,initiator,0.02198944
key_exchange,sm9,initiator,0.02220481
key_exchange,sm9,initiator,0.02351495
key_exchange,sm9,initiator,0.02282003
key_exchange,sm9,initiator,0.03269511
key_exchange,sm9,initiator,0.14381421
key_exchange,sm9,initiator,0.04860882
key_exchange,sm9,initiator,0.04788263
key_exchange,sm9,initiator,0.06172431
key_exchange,sm9,initiator,0.03696306
key_exchange,sm9,initiator,0.03077867
key_exchange,sm9,initiator,0.04394705
key_exchange,sm9,initiator,0.05645919
key_exchange,sm9,initiator,0.06788581
key_exchange,sm9,initiator,0.12532944
key_exchange,sm9,initiator,0.10592992
key_exchange,sm9,initiator,0.05734550
key_exchange,sm9,initiator,0.07521613
key_exchange,sm9,initiator,0.06691782
key_exchange,sm9,initiator,0.07617834
key_exchange,sm9,initiator,0.07214317
key_exchange,sm9,initiator,0.05956484
key_exchange,sm9,initiator,0.04534119
key_exchange,sm9,initiator,0.04192245
key_exchange,sm9,initiator,0.04199550
key_exchange,sm9,initiator,0.04336677
key_exchange,sm9,initiator,0.04019877
key_exchange,sm9,initiator,0.05290237
key_exchange,sm9,initiator,0.08366741
key_exchange,sm9,initiator,0.07962654
key_exchange,sm9,initiator,0.07832339
key_exchange,sm9,initiator,0.07612757
key_exchange,sm9,initiator,0.08834486
key_exchange,sm9,initiator,0.08406142
key_exchange,sm9,initiator,0.08956452
key_exchange,sm9,initiator,0.10716125
key_exchange,sm9,initiator,0.08961289
key_exchange,sm9,initiator,0.05985405
key_exchange,sm9,initiator,0.04040103
key_exchange,sm9,initiator,0.04107172
key_exchange,sm9,initiator,0.04198407
key_exchange,sm9,initiator,0.04269001
key_exchange,sm9,initiator,0.04462057
key_exchange,sm9,initiator,0.04170665
key_exchange,sm9,initiator,0.03880547
key_exchange,sm9,initiator,0.03867429
key_exchange,sm9,initiator,0.03887511
key_exchange,sm9,initiator,0.04396455
key_exchange,sm9,initiator,0.03991326
key_exchange,sm9,initiator,0.04022353
key_exchange,sm9,initiator,0.04476040
key_exchange,sm9,initiator,0.04369397
key_exchange,sm9,initiator,0.04274250
key_exchange,sm9,initiator,0.04500909
key_exchange,sm9,initiator,0.04644281
key_exchange,sm9,initiator,0.04978368
key_exchange,sm9,initiator,0.04260442
key_exchange,sm9,initiator,0.04271219
key_exchange,sm9,initiator,0.04597799
key_exchange,sm9,initiator,0.04357380
key_exchange,sm9,initiator,0.04194431
key_exchange,sm9,initiator,0.04182627
key_exchange,sm9,initiator,0.04151851
key_exchange,sm9,initiator,0.04123183
key_exchange,sm9,initiator,0.04116840
key_exchange,sm9,initiator,0.04083496
key_exchange,sm9,initiator,0.04347171
key_exchange,sm9,initiator,0.05496457
key_exchange,sm9,initiator,0.04516674
key_exchange,sm9,initiator,0.04176036
key_exchange,sm9,initiator,0.04154976
key_exchange,sm9,initiator,0.04272554
key_exchange,sm9,initiator,0.04822479
key_exchange,sm9,initiator,0.04054470
key_exchange,sm9,initiator,0.04465311
key_exchange,sm9,initiator,0.04167624
key_exchange,sm9,initiator,0.04108975
key_exchange,sm9,initiator,0.04027351
key_exchange,sm9,initiator,0.04102720
key_exchange,sm9,initiator,0.04099079
key_exchange,sm9,initiator,0.05723602
key_exchange,sm9,initiator,0.06756952
key_exchange,sm9,initiator,0.04214126
key_exchange,sm9,initiator,0.04237907
key_exchange,sm9,initiator,0.04383462
key_exchange,sm9,initiator,0.13832571
key_exchange,sm9,initiator,0.06666907
key_exchange,sm9,initiator,0.04332653
key_exchange,sm9,initiator,0.05451661
key_exchange,sm9,initiator,0.06074224
key_exchange,sm9,initiator,0.04338694
key_exchange,sm9,initiator,0.04238773
key_exchange,sm9,initiator,0.04492811
key_exchange,sm9,initiator,0.05072523
key_exchange,sm9,initiator,0.04350460
key_exchange,sm9,initiator,0.04379730
key_exchange,sm9,initiator,0.04524573
key_exchange,sm9,initiator,0.04338736
key_exchange,sm9,initiator,0.04279206
key_exchange,sm9,initiator,0.05262156
key_exchange,sm9,initiator,0.05189623
key_exchange,sm9,initiator,0.05546770
key_exchange,sm9,initiator,0.04175915
key_exchange,sm9,initiator,0.04036404
key_exchange,sm9,initiator,0.04058509
key_exchange,sm9,initiator,0.05291096
key_exchange,sm9,initiator,0.04949121
key_exchange,sm9,initiator,0.05559105
key_exchange,sm9,initiator,0.04517774
key_exchange,sm9,initiator,0.03860659
key_exchange,sm9,initiator,0.03350890
key_exchange,sm9,initiator,0.04742300
key_exchange,sm9,initiator,0.03612768
key_exchange,sm9,initiator,0.04018285
key_exchange,sm9,initiator,0.03649797
key_exchange,sm9,initiator,0.03603279
key_exchange,sm9,initiator,0.03977702
key_exchange,sm9,initiator,0.04883092
key_exchange,ecdh_p256,exchange,0.00014977
key_exchange,ecdh_p256,exchange,0.00007442
key_exchange,ecdh_p256,exchange,0.00006990
key_exchange,ecdh_p256,exchange,0.00006939
key_exchange,ecdh_p256,exchange,0.00006912
key_exchange,ecdh_p256,exchange,0.00006914
key_exchange,ecdh_p256,exchange,0.00006971
key_exchange,ecdh_p256,exchange,0.00007645
key_exchange,ecdh_p256,exchange,0.00008600
key_exchange,ecdh_p256,exchange,0.00006939
key_exchange,ecdh_p256,exchange,0.00006943
key_exchange,ecdh_p256,exchange,0.00006869
key_exchange,ecdh_p256,exchange,0.00006905
key_exchange,ecdh_p256,exchange,0.00006892
key_exchange,ecdh_p256,exchange,0.00006903
key_exchange,ecdh_p256,exchange,0.00006887
key_exchange,ecdh_p256,exchange,0.00006897
key_exchange,ecdh_p256,exchange,0.00006897
key_exchange,ecdh_p256,exchange,0.00006875
key_exchange,ecdh_p256,exchange,0.00006900
key_exchange,ecdh_p256,exchange,0.00006874
key_exchange,ecdh_p256,exchange,0.00006911
key_exchange,ecdh_p256,exchange,0.00007368
key_exchange,ecdh_p256,exchange,0.00008792
key_exchange,ecdh_p256,exchange,0.00008195
key_exchange,ecdh_p256,exchange,0.00008150
key_exchange,ecdh_p256,exchange,0.00007716
key_exchange,ecdh_p256,exchange,0.00008068
key_exchange,ecdh_p256,exchange,0.00009169
key_exchange,ecdh_p256,exchange,0.00009237
key_exchange,ecdh_p256,exchange,0.00009367
key_exchange,ecdh_p256,exchange,0.00012308
key_exchange,ecdh_p256,exchange,0.00009899
key_exchange,ecdh_p256,exchange,0.00011729
key_exchange,ecdh_p256,exchange,0.00010977
key_exchange,ecdh_p256,exchange,0.00011007
key_exchange,ecdh_p256,exchange,0.00010908
key_exchange,ecdh_p256,exchange,0.00007819
key_exchange,ecdh_p256,exchange,0.00010726
key_exchange,ecdh_p256,exchange,0.00010880
key_exchange,ecdh_p256,exchange,0.00010883
key_exchange,ecdh_p256,exchange,0.00010905
key_exchange,ecdh_p256,exchange,0.00010869
key_exchange,ecdh_p256,exchange,0.00009060
key_exchange,ecdh_p256,exchange,0.00008131
key_exchange,ecdh_p256,exchange,0.00008038
key_exchange,ecdh_p256,exchange,0.00008221
key_exchange,ecdh_p256,exchange,0.00007981
key_exchange,ecdh_p256,exchange,0.00007970
key_exchange,ecdh_p256,exchange,0.00008128
key_exchange,ecdh_p256,exchange,0.00007718
key_exchange,ecdh_p256,exchange,0.00010937
key_exchange,ecdh_p256,exchange,0.00010907
key_exchange,ecdh_p256,exchange,0.00010685
key_exchange,ecdh_p256,exchange,0.00012850
key_exchange,ecdh_p256,exchange,0.00009773
key_exchange,ecdh_p256,exchange,0.00010589
key_exchange,ecdh_p256,exchange,0.00010529
key_exchange,ecdh_p256,exchange,0.00010573
key_exchange,ecdh_p256,exchange,0.00010562
key_exchange,ecdh_p256,exchange,0.00010542
key_exchange,ecdh_p256,exchange,0.00010162
key_exchange,ecdh_p256,exchange,0.00007110
key_exchange,ecdh_p256,exchange,0.00006887
key_exchange,ecdh_p256,exchange,0.00007538
key_exchange,ecdh_p256,exchange,0.00007079
key_exchange,ecdh_p256,exchange,0.00006857
key_exchange,ecdh_p256,exchange,0.00006856
key_exchange,ecdh_p256,exchange,0.00006838
key_exchange,ecdh_p256,exchange,0.00006860
key_exchange,ecdh_p256,exchange,0.00006847
key_exchange,ecdh_p256,exchange,0.00006820
key_exchange,ecdh_p256,exchange,0.00006845
key_exchange,ecdh_p256,exchange,0.00006853
key_exchange,ecdh_p256,exchange,0.00006834
key_exchange,ecdh_p256,exchange,0.00006850
key_exchange,ecdh_p256,exchange,0.00006823
key_exchange,ecdh_p256,exchange,0.00006850
key_exchange,ecdh_p256,exchange,0.00006858
key_exchange,ecdh_p256,exchange,0.00007197
key_exchange,ecdh_p256,exchange,0.00006886
key_exchange,ecdh_p256,exchange,0.00006854
key_exchange,ecdh_p256,exchange,0.00006898
key_exchange,ecdh_p256,exchange,0.00006873
key_exchange,ecdh_p256,exchange,0.00006859
key_exchange,ecdh_p256,exchange,0.00006830
key_exchange,ecdh_p256,exchange,0.00006804
key_exchange,ecdh_p256,exchange,0.00006622
key_exchange,ecdh_p256,exchange,0.00006635
key_exchange,ecdh_p256,exchange,0.00006624
key_exchange,ecdh_p256,exchange,0.00006611
key_exchange,ecdh_p256,exchange,0.00006923
key_exchange,ecdh_p256,exchange,0.00006661
key_exchange,ecdh_p256,exchange,0.00007046
key_exchange,ecdh_p256,exchange,0.00007737
key_exchange,ecdh_p256,exchange,0.00007810
key_exchange,ecdh_p256,exchange,0.00007709
key_exchange,ecdh_p256,exchange,0.00007211
key_exchange,ecdh_p256,exchange,0.00006726
key_exchange,ecdh_p256,exchange,0.00006675
key_exchange,ecdh_p256,exchange,0.00006628
key_exchange,ecdh_p256,exchange,0.00006611
key_exchange,ecdh_p256,exchange,0.00006606
key_exchange,ecdh_p256,exchange,0.00006612
key_exchange,ecdh_p256,exchange,0.00006651
key_exchange,ecdh_p256,exchange,0.00006669
key_exchange,ecdh_p256,exchange,0.00006671
key_exchange,ecdh_p256,exchange,0.00006654
key_exchange,ecdh_p256,exchange,0.00007008
key_exchange,ecdh_p256,exchange,0.00006678
key_exchange,ecdh_p256,exchange,0.00007522
key_exchange,ecdh_p256,exchange,0.00006702
key_exchange,ecdh_p256,exchange,0.00006677
key_exchange,ecdh_p256,exchange,0.00006672
key_exchange,ecdh_p256,exchange,0.00006664
key_exchange,ecdh_p256,exchange,0.00006655
key_exchange,ecdh_p256,exchange,0.00006654
key_exchange,ecdh_p256,exchange,0.00006647
key_exchange,ecdh_p256,exchange,0.00006680
key_exchange,ecdh_p256,exchange,0.00006683
key_exchange,ecdh_p256,exchange,0.00006674
key_exchange,ecdh_p256,exchange,0.00006650
key_exchange,ecdh_p256,exchange,0.00006621
key_exchange,ecdh_p256,exchange,0.00007554
key_exchange,ecdh_p256,exchange,0.00006721
key_exchange,ecdh_p256,exchange,0.00006660
key_exchange,ecdh_p256,exchange,0.00006661
key_exchange,ecdh_p256,exchange,0.00006646
key_exchange,ecdh_p256,exchange,0.00006655
key_exchange,ecdh_p256,exchange,0.00006668
key_exchange,ecdh_p256,exchange,0.00006607
key_exchange,ecdh_p256,exchange,0.00006608
key_exchange,ecdh_p256,exchange,0.00006596
key_exchange,ecdh_p256,exchange,0.00006629
key_exchange,ecdh_p256,exchange,0.00006620
key_exchange,ecdh_p256,exchange,0.00006631
key_exchange,ecdh_p256,exchange,0.00006620
key_exchange,ecdh_p256,exchange,0.00007014
key_exchange,ecdh_p256,exchange,0.00008083
key_exchange,ecdh_p256,exchange,0.00007990
key_exchange,ecdh_p256,exchange,0.00007438
key_exchange,ecdh_p256,exchange,0.00007104
key_exchange,ecdh_p256,exchange,0.00006600
key_exchange,ecdh_p256,exchange,0.00006561
key_exchange,ecdh_p256,exchange,0.00006592
key_exchange,ecdh_p256,exchange,0.00006649
key_exchange,ecdh_p256,exchange,0.00006629
key_exchange,ecdh_p256,exchange,0.00006602
key_exchange,ecdh_p256,exchange,0.00006644
key_exchange,ecdh_p256,exchange,0.00006632
key_exchange,ecdh_p256,exchange,0.00006613
key_exchange,ecdh_p256,exchange,0.00006633
key_exchange,ecdh_p256,exchange,0.00007559
key_exchange,ecdh_p256,exchange,0.00007662
key_exchange,ecdh_p256,exchange,0.00007613
key_exchange,ecdh_p256,exchange,0.00007499
key_exchange,ecdh_p256,exchange,0.00007295
key_exchange,ecdh_p256,exchange,0.00007929
key_exchange,ecdh_p256,exchange,0.00008154
key_exchange,ecdh_p256,exchange,0.00007642
key_exchange,ecdh_p256,exchange,0.00006858
key_exchange,ecdh_p256,exchange,0.00006653
key_exchange,ecdh_p256,exchange,0.00006645
key_exchange,ecdh_p256,exchange,0.00006648
key_exchange,ecdh_p256,exchange,0.00006626
key_exchange,ecdh_p256,exchange,0.00006608
key_exchange,ecdh_p256,exchange,0.00007170
key_exchange,ecdh_p256,exchange,0.00006698
key_exchange,ecdh_p256,exchange,0.00006641
key_exchange,ecdh_p256,exchange,0.00006639
key_exchange,ecdh_p256,exchange,0.00006627
key_exchange,ecdh_p256,exchange,0.00006600
key_exchange,ecdh_p256,exchange,0.00006628
key_exchange,ecdh_p256,exchange,0.00006679
key_exchange,ecdh_p256,exchange,0.00006693
key_exchange,ecdh_p256,exchange,0.00006788
key_exchange,ecdh_p256,exchange,0.00007688
key_exchange,ecdh_p256,exchange,0.00008443
key_exchange,ecdh_p256,exchange,0.00006655
key_exchange,ecdh_p256,exchange,0.00006632
key_exchange,ecdh_p256,exchange,0.00006972
key_exchange,ecdh_p256,exchange,0.00006681
key_exchange,ecdh_p256,exchange,0.00006654
key_exchange,ecdh_p256,exchange,0.00006636
key_exchange,ecdh_p256,exchange,0.00006666
key_exchange,ecdh_p256,exchange,0.00006650
key_exchange,ecdh_p256,exchange,0.00006679
key_exchange,ecdh_p256,exchange,0.00067584
key_exchange,ecdh_p256,exchange,0.00007919
key_exchange,ecdh_p256,exchange,0.00006792
key_exchange,ecdh_p256,exchange,0.00006701
key_exchange,ecdh_p256,exchange,0.00006655
key_exchange,ecdh_p256,exchange,0.00006882
key_exchange,ecdh_p256,exchange,0.00006670
key_exchange,ecdh_p256,exchange,0.00006679
key_exchange,ecdh_p256,exchange,0.00006677
key_exchange,ecdh_p256,exchange,0.00006680
key_exchange,ecdh_p256,exchange,0.00006646
key_exchange,ecdh_p256,exchange,0.00006615
key_exchange,ecdh_p256,exchange,0.00006676
