person,noise_type,intensity,ok,similarity,extract_failed
Abdullah_Gul,gaussian,0.00000000,1,1.00000012,0
Abdullah_Gul,gaussian,0.02000000,1,0.99033523,0
Abdullah_Gul,gaussian,0.05000000,1,0.96160507,0
Abdullah_Gul,gaussian,0.10000000,1,0.92131424,0
Abdullah_Gul,gaussian,0.20000000,0,nan,1
Abdullah_Gul,gaussian,0.30000000,0,nan,1
Abdullah_Gul,brightness,1.00000000,1,1.00000012,0
Abdullah_Gul,brightness,0.90000000,1,0.99945265,0
Abdullah_Gul,brightness,0.80000000,1,0.99844551,0
Abdullah_Gul,brightness,0.65000000,1,0.99592400,0
Abdullah_Gul,brightness,0.50000000,1,0.99300104,0
Abdullah_Gul,brightness,0.35000000,1,0.98624802,0
Abdullah_Gul,rotation,0.00000000,1,1.00000012,0
Abdullah_Gul,rotation,3.00000000,1,0.99891621,0
Abdullah_Gul,rotation,6.00000000,1,0.99696416,0
Abdullah_Gul,rotation,10.00000000,1,0.99440348,0
Abdullah_Gul,rotation,15.00000000,1,0.99544907,0
Abdullah_Gul,rotation,20.00000000,1,0.99262524,0
Abdullah_Gul,blur,0.00000000,1,0.99696177,0
Abdullah_Gul,blur,1.00000000,1,0.99653542,0
Abdullah_Gul,blur,2.00000000,1,0.97437209,0
Abdullah_Gul,blur,3.00000000,1,0.91523182,0
Abdullah_Gul,blur,4.00000000,0,0.82638901,0
Abdullah_Gul,blur,5.00000000,1,0.73694479,0
Abdullah_Gul,occlusion,0.00000000,1,0.99940574,0
Abdullah_Gul,occlusion,0.10000000,0,0.46792048,0
Abdullah_Gul,occlusion,0.15000000,0,nan,1
Abdullah_Gul,occlusion,0.20000000,0,nan,1
Abdullah_Gul,occlusion,0.25000000,0,nan,1
Abdullah_Gul,occlusion,0.30000000,0,nan,1
Adrien_Brody,gaussian,0.00000000,1,0.99999994,0
Adrien_Brody,gaussian,0.02000000,1,0.98954111,0
Adrien_Brody,gaussian,0.05000000,1,0.96441680,0
Adrien_Brody,gaussian,0.10000000,1,0.88440323,0
Adrien_Brody,gaussian,0.20000000,0,nan,1
Adrien_Brody,gaussian,0.30000000,0,nan,1
Adrien_Brody,brightness,1.00000000,1,0.99999994,0
Adrien_Brody,brightness,0.90000000,1,0.99945450,0
Adrien_Brody,brightness,0.80000000,1,0.99823952,0
Adrien_Brody,brightness,0.65000000,1,0.99568391,0
Adrien_Brody,brightness,0.50000000,1,0.99247271,0
Adrien_Brody,brightness,0.35000000,1,0.98556554,0
Adrien_Brody,rotation,0.00000000,1,0.99999994,0
Adrien_Brody,rotation,3.00000000,1,0.99810350,0
Adrien_Brody,rotation,6.00000000,1,0.99718666,0
Adrien_Brody,rotation,10.00000000,1,0.99379420,0
Adrien_Brody,rotation,15.00000000,1,0.99287254,0
Adrien_Brody,rotation,20.00000000,1,0.99122095,0
Adrien_Brody,blur,0.00000000,1,0.99529880,0
Adrien_Brody,blur,1.00000000,1,0.99446911,0
Adrien_Brody,blur,2.00000000,1,0.96991098,0
Adrien_Brody,blur,3.00000000,1,0.92148954,0
Adrien_Brody,blur,4.00000000,0,0.81641251,0
Adrien_Brody,blur,5.00000000,0,0.71126151,0
Adrien_Brody,occlusion,0.00000000,1,0.99870491,0
Adrien_Brody,occlusion,0.10000000,0,0.30845535,0
Adrien_Brody,occlusion,0.15000000,0,nan,1
Adrien_Brody,occlusion,0.20000000,0,nan,1
Adrien_Brody,occlusion,0.25000000,0,nan,1
Adrien_Brody,occlusion,0.30000000,0,nan,1
Ahmed_Chalabi,gaussian,0.00000000,1,1.00000000,0
Ahmed_Chalabi,gaussian,0.02000000,1,0.98432505,0
Ahmed_Chalabi,gaussian,0.05000000,1,0.93594670,0
Ahmed_Chalabi,gaussian,0.10000000,1,0.85214669,0
Ahmed_Chalabi,gaussian,0.20000000,0,nan,1
Ahmed_Chalabi,gaussian,0.30000000,0,nan,1
Ahmed_Chalabi,brightness,1.00000000,1,1.00000000,0
Ahmed_Chalabi,brightness,0.90000000,1,0.99902785,0
Ahmed_Chalabi,brightness,0.80000000,1,0.99742508,0
Ahmed_Chalabi,brightness,0.65000000,1,0.99483585,0
Ahmed_Chalabi,brightness,0.50000000,1,0.99071658,0
Ahmed_Chalabi,brightness,0.35000000,1,0.98434794,0
Ahmed_Chalabi,rotation,0.00000000,1,1.00000000,0
Ahmed_Chalabi,rotation,3.00000000,1,0.99436975,0
Ahmed_Chalabi,rotation,6.00000000,1,0.99387497,0
Ahmed_Chalabi,rotation,10.00000000,1,0.99479437,0
Ahmed_Chalabi,rotation,15.00000000,1,0.99453956,0
Ahmed_Chalabi,rotation,20.00000000,1,0.99535960,0
Ahmed_Chalabi,blur,0.00000000,1,0.99148053,0
Ahmed_Chalabi,blur,1.00000000,1,0.98960817,0
Ahmed_Chalabi,blur,2.00000000,1,0.93935192,0
Ahmed_Chalabi,blur,3.00000000,1,0.84906173,0
Ahmed_Chalabi,blur,4.00000000,0,0.73729587,0
Ahmed_Chalabi,blur,5.00000000,0,0.61019444,0
Ahmed_Chalabi,occlusion,0.00000000,1,0.99881160,0
Ahmed_Chalabi,occlusion,0.10000000,0,nan,1
Ahmed_Chalabi,occlusion,0.15000000,0,nan,1
Ahmed_Chalabi,occlusion,0.20000000,0,nan,1
Ahmed_Chalabi,occlusion,0.25000000,0,nan,1
Ahmed_Chalabi,occlusion,0.30000000,0,nan,1
Ai_Sugiyama,gaussian,0.00000000,1,1.00000000,0
Ai_Sugiyama,gaussian,0.02000000,1,0.98759335,0
Ai_Sugiyama,gaussian,0.05000000,1,0.94905978,0
Ai_Sugiyama,gaussian,0.10000000,1,0.88433993,0
Ai_Sugiyama,gaussian,0.20000000,0,nan,1
Ai_Sugiyama,gaussian,0.30000000,0,nan,1
Ai_Sugiyama,brightness,1.00000000,1,1.00000000,0
Ai_Sugiyama,brightness,0.90000000,1,0.99943548,0
Ai_Sugiyama,brightness,0.80000000,1,0.99838352,0
Ai_Sugiyama,brightness,0.65000000,1,0.99509490,0
Ai_Sugiyama,brightness,0.50000000,1,0.99063814,0
Ai_Sugiyama,brightness,0.35000000,1,0.98252791,0
Ai_Sugiyama,rotation,0.00000000,1,1.00000000,0
Ai_Sugiyama,rotation,3.00000000,1,0.99790961,0
Ai_Sugiyama,rotation,6.00000000,1,0.99767470,0
Ai_Sugiyama,rotation,10.00000000,1,0.99719566,0
Ai_Sugiyama,rotation,15.00000000,1,0.99722624,0
Ai_Sugiyama,rotation,20.00000000,1,0.99233562,0
Ai_Sugiyama,blur,0.00000000,1,0.99700570,0
Ai_Sugiyama,blur,1.00000000,1,0.99636942,0
Ai_Sugiyama,blur,2.00000000,1,0.97817689,0
Ai_Sugiyama,blur,3.00000000,1,0.93580937,0
Ai_Sugiyama,blur,4.00000000,1,0.84394968,0
Ai_Sugiyama,blur,5.00000000,0,0.74036002,0
Ai_Sugiyama,occlusion,0.00000000,1,0.99811959,0
Ai_Sugiyama,occlusion,0.10000000,0,0.26044306,0
Ai_Sugiyama,occlusion,0.15000000,0,nan,1
Ai_Sugiyama,occlusion,0.20000000,0,nan,1
Ai_Sugiyama,occlusion,0.25000000,0,nan,1
Ai_Sugiyama,occlusion,0.30000000,0,nan,1
Al_Gore,gaussian,0.00000000,1,1.00000012,0
Al_Gore,gaussian,0.02000000,1,0.98516661,0
Al_Gore,gaussian,0.05000000,1,0.91865587,0
Al_Gore,gaussian,0.10000000,0,0.83802974,0
Al_Gore,gaussian,0.20000000,0,nan,1
Al_Gore,gaussian,0.30000000,0,nan,1
Al_Gore,brightness,1.00000000,1,1.00000012,0
Al_Gore,brightness,0.90000000,1,0.99935806,0
Al_Gore,brightness,0.80000000,1,0.99815607,0
Al_Gore,brightness,0.65000000,1,0.99549282,0
Al_Gore,brightness,0.50000000,1,0.99130750,0
Al_Gore,brightness,0.35000000,1,0.98513204,0
Al_Gore,rotation,0.00000000,1,1.00000012,0
Al_Gore,rotation,3.00000000,1,0.99786168,0
Al_Gore,rotation,6.00000000,1,0.99715948,0
Al_Gore,rotation,10.00000000,1,0.99645716,0
Al_Gore,rotation,15.00000000,1,0.99626493,0
Al_Gore,rotation,20.00000000,1,0.98953164,0
Al_Gore,blur,0.00000000,1,0.99774647,0
Al_Gore,blur,1.00000000,1,0.99732959,0
Al_Gore,blur,2.00000000,1,0.97424370,0
Al_Gore,blur,3.00000000,1,0.91583097,0
Al_Gore,blur,4.00000000,0,0.81935120,0
Al_Gore,blur,5.00000000,0,0.69929647,0
Al_Gore,occlusion,0.00000000,1,0.99961412,0
Al_Gore,occlusion,0.10000000,0,nan,1
Al_Gore,occlusion,0.15000000,0,nan,1
Al_Gore,occlusion,0.20000000,0,nan,1
Al_Gore,occlusion,0.25000000,0,nan,1
Al_Gore,occlusion,0.30000000,0,nan,1
Al_Sharpton,gaussian,0.00000000,1,1.00000000,0
Al_Sharpton,gaussian,0.02000000,1,0.98475611,0
Al_Sharpton,gaussian,0.05000000,1,0.94321561,0
Al_Sharpton,gaussian,0.10000000,1,0.83614981,0
Al_Sharpton,gaussian,0.20000000,0,nan,1
Al_Sharpton,gaussian,0.30000000,0,nan,1
Al_Sharpton,brightness,1.00000000,1,1.00000000,0
Al_Sharpton,brightness,0.90000000,1,0.99925548,0
Al_Sharpton,brightness,0.80000000,1,0.99775982,0
Al_Sharpton,brightness,0.65000000,1,0.99391216,0
Al_Sharpton,brightness,0.50000000,1,0.98897475,0
Al_Sharpton,brightness,0.35000000,1,0.97560966,0
Al_Sharpton,rotation,0.00000000,1,1.00000000,0
Al_Sharpton,rotation,3.00000000,1,0.99583411,0
Al_Sharpton,rotation,6.00000000,1,0.99361682,0
Al_Sharpton,rotation,10.00000000,1,0.98954678,0
Al_Sharpton,rotation,15.00000000,1,0.98572040,0
Al_Sharpton,rotation,20.00000000,1,0.98041636,0
Al_Sharpton,blur,0.00000000,1,0.99307632,0
Al_Sharpton,blur,1.00000000,1,0.99174249,0
Al_Sharpton,blur,2.00000000,1,0.95804822,0
Al_Sharpton,blur,3.00000000,1,0.88618219,0
Al_Sharpton,blur,4.00000000,1,0.78131545,0
Al_Sharpton,blur,5.00000000,1,0.69510704,0
Al_Sharpton,occlusion,0.00000000,1,0.99929571,0
Al_Sharpton,occlusion,0.10000000,0,0.33301610,0
Al_Sharpton,occlusion,0.15000000,0,nan,1
Al_Sharpton,occlusion,0.20000000,0,nan,1
Al_Sharpton,occlusion,0.25000000,0,nan,1
Al_Sharpton,occlusion,0.30000000,0,nan,1
Alan_Greenspan,gaussian,0.00000000,1,1.00000024,0
Alan_Greenspan,gaussian,0.02000000,1,0.98738080,0
Alan_Greenspan,gaussian,0.05000000,1,0.94561702,0
Alan_Greenspan,gaussian,0.10000000,1,0.86768776,0
Alan_Greenspan,gaussian,0.20000000,0,nan,1
Alan_Greenspan,gaussian,0.30000000,0,nan,1
Alan_Greenspan,brightness,1.00000000,1,1.00000024,0
Alan_Greenspan,brightness,0.90000000,1,0.99934328,0
Alan_Greenspan,brightness,0.80000000,1,0.99818826,0
Alan_Greenspan,brightness,0.65000000,1,0.99360442,0
Alan_Greenspan,brightness,0.50000000,1,0.98743689,0
Alan_Greenspan,brightness,0.35000000,1,0.97713542,0
Alan_Greenspan,rotation,0.00000000,1,1.00000024,0
Alan_Greenspan,rotation,3.00000000,1,0.99479353,0
Alan_Greenspan,rotation,6.00000000,1,0.99462438,0
Alan_Greenspan,rotation,10.00000000,1,0.99160683,0
Alan_Greenspan,rotation,15.00000000,1,0.98982966,0
Alan_Greenspan,rotation,20.00000000,1,0.98602819,0
Alan_Greenspan,blur,0.00000000,1,0.98442924,0
Alan_Greenspan,blur,1.00000000,1,0.98180705,0
Alan_Greenspan,blur,2.00000000,1,0.92195344,0
Alan_Greenspan,blur,3.00000000,1,0.80436277,0
Alan_Greenspan,blur,4.00000000,0,0.64891851,0
Alan_Greenspan,blur,5.00000000,0,0.57772428,0
Alan_Greenspan,occlusion,0.00000000,1,0.99972272,0
Alan_Greenspan,occlusion,0.10000000,0,-0.03979158,0
Alan_Greenspan,occlusion,0.15000000,0,nan,1
Alan_Greenspan,occlusion,0.20000000,0,nan,1
Alan_Greenspan,occlusion,0.25000000,0,nan,1
Alan_Greenspan,occlusion,0.30000000,0,nan,1
Alastair_Campbell,gaussian,0.00000000,1,1.00000000,0
Alastair_Campbell,gaussian,0.02000000,1,0.98866826,0
Alastair_Campbell,gaussian,0.05000000,1,0.92052937,0
Alastair_Campbell,gaussian,0.10000000,1,0.86727637,0
Alastair_Campbell,gaussian,0.20000000,0,nan,1
Alastair_Campbell,gaussian,0.30000000,0,nan,1
Alastair_Campbell,brightness,1.00000000,1,1.00000000,0
Alastair_Campbell,brightness,0.90000000,1,0.99920964,0
Alastair_Campbell,brightness,0.80000000,1,0.99803329,0
Alastair_Campbell,brightness,0.65000000,1,0.99430811,0
Alastair_Campbell,brightness,0.50000000,1,0.98822993,0
Alastair_Campbell,brightness,0.35000000,1,0.97910178,0
Alastair_Campbell,rotation,0.00000000,1,1.00000000,0
Alastair_Campbell,rotation,3.00000000,1,0.99706382,0
Alastair_Campbell,rotation,6.00000000,1,0.99741322,0
Alastair_Campbell,rotation,10.00000000,1,0.99563259,0
Alastair_Campbell,rotation,15.00000000,1,0.99362665,0
Alastair_Campbell,rotation,20.00000000,1,0.98795223,0
Alastair_Campbell,blur,0.00000000,1,0.99479097,0
Alastair_Campbell,blur,1.00000000,1,0.99390739,0
Alastair_Campbell,blur,2.00000000,1,0.96059030,0
Alastair_Campbell,blur,3.00000000,1,0.88822293,0
Alastair_Campbell,blur,4.00000000,1,0.77524984,0
Alastair_Campbell,blur,5.00000000,1,0.66383648,0
Alastair_Campbell,occlusion,0.00000000,1,0.99918264,0
Alastair_Campbell,occlusion,0.10000000,0,nan,1
Alastair_Campbell,occlusion,0.15000000,0,nan,1
Alastair_Campbell,occlusion,0.20000000,0,nan,1
Alastair_Campbell,occlusion,0.25000000,0,nan,1
Alastair_Campbell,occlusion,0.30000000,0,nan,1
Albert_Costa,gaussian,0.00000000,1,0.99999994,0
Albert_Costa,gaussian,0.02000000,1,0.99100381,0
Albert_Costa,gaussian,0.05000000,1,0.95499873,0
Albert_Costa,gaussian,0.10000000,1,0.86721110,0
Albert_Costa,gaussian,0.20000000,0,nan,1
Albert_Costa,gaussian,0.30000000,0,nan,1
Albert_Costa,brightness,1.00000000,1,0.99999994,0
Albert_Costa,brightness,0.90000000,1,0.99939048,0
Albert_Costa,brightness,0.80000000,1,0.99825412,0
Albert_Costa,brightness,0.65000000,1,0.99451017,0
Albert_Costa,brightness,0.50000000,1,0.98599756,0
Albert_Costa,brightness,0.35000000,1,0.96888912,0
Albert_Costa,rotation,0.00000000,1,0.99999994,0
Albert_Costa,rotation,3.00000000,1,0.99748367,0
Albert_Costa,rotation,6.00000000,1,0.99690235,0
Albert_Costa,rotation,10.00000000,1,0.99538922,0
Albert_Costa,rotation,15.00000000,1,0.99321949,0
Albert_Costa,rotation,20.00000000,1,0.98849738,0
Albert_Costa,blur,0.00000000,1,0.99638259,0
Albert_Costa,blur,1.00000000,1,0.99545753,0
Albert_Costa,blur,2.00000000,1,0.97132790,0
Albert_Costa,blur,3.00000000,1,0.91651452,0
Albert_Costa,blur,4.00000000,1,0.82508057,0
Albert_Costa,blur,5.00000000,1,0.71235949,0
Albert_Costa,occlusion,0.00000000,1,0.99860114,0
Albert_Costa,occlusion,0.10000000,0,0.40670332,0
Albert_Costa,occlusion,0.15000000,0,nan,1
Albert_Costa,occlusion,0.20000000,0,nan,1
Albert_Costa,occlusion,0.25000000,0,nan,1
Albert_Costa,occlusion,0.30000000,0,nan,1
Alejandro_Toledo,gaussian,0.00000000,1,1.00000000,0
Alejandro_Toledo,gaussian,0.02000000,1,0.98524350,0
Alejandro_Toledo,gaussian,0.05000000,1,0.92777336,0
Alejandro_Toledo,gaussian,0.10000000,1,0.80184937,0
Alejandro_Toledo,gaussian,0.20000000,0,nan,1
Alejandro_Toledo,gaussian,0.30000000,0,nan,1
Alejandro_Toledo,brightness,1.00000000,1,1.00000000,0
Alejandro_Toledo,brightness,0.90000000,1,0.99932700,0
Alejandro_Toledo,brightness,0.80000000,1,0.99798405,0
Alejandro_Toledo,brightness,0.65000000,1,0.99355561,0
Alejandro_Toledo,brightness,0.50000000,1,0.98944902,0
Alejandro_Toledo,brightness,0.35000000,1,0.97858030,0
Alejandro_Toledo,rotation,0.00000000,1,1.00000000,0
Alejandro_Toledo,rotation,3.00000000,1,0.99736339,0
Alejandro_Toledo,rotation,6.00000000,1,0.99553412,0
Alejandro_Toledo,rotation,10.00000000,1,0.99602193,0
Alejandro_Toledo,rotation,15.00000000,1,0.99490941,0
Alejandro_Toledo,rotation,20.00000000,1,0.98786020,0
Alejandro_Toledo,blur,0.00000000,1,0.99467611,0
Alejandro_Toledo,blur,1.00000000,1,0.99373174,0
Alejandro_Toledo,blur,2.00000000,1,0.94609821,0
Alejandro_Toledo,blur,3.00000000,1,0.82503694,0
Alejandro_Toledo,blur,4.00000000,1,0.61884165,0
Alejandro_Toledo,blur,5.00000000,1,0.50920671,0
Alejandro_Toledo,occlusion,0.00000000,1,0.99741143,0
Alejandro_Toledo,occlusion,0.10000000,0,0.46972510,0
Alejandro_Toledo,occlusion,0.15000000,0,nan,1
Alejandro_Toledo,occlusion,0.20000000,0,nan,1
Alejandro_Toledo,occlusion,0.25000000,0,nan,1
Alejandro_Toledo,occlusion,0.30000000,0,nan,1
Ali_Naimi,gaussian,0.00000000,1,1.00000000,0
Ali_Naimi,gaussian,0.02000000,1,0.99054205,0
Ali_Naimi,gaussian,0.05000000,1,0.95362687,0
Ali_Naimi,gaussian,0.10000000,1,0.81926852,0
Ali_Naimi,gaussian,0.20000000,0,nan,1
Ali_Naimi,gaussian,0.30000000,0,nan,1
Ali_Naimi,brightness,1.00000000,1,1.00000000,0
Ali_Naimi,brightness,0.90000000,1,0.99940020,0
Ali_Naimi,brightness,0.80000000,1,0.99807382,0
Ali_Naimi,brightness,0.65000000,1,0.99482679,0
Ali_Naimi,brightness,0.50000000,1,0.98817492,0
Ali_Naimi,brightness,0.35000000,1,0.97903287,0
Ali_Naimi,rotation,0.00000000,1,1.00000000,0
Ali_Naimi,rotation,3.00000000,1,0.99610925,0
Ali_Naimi,rotation,6.00000000,1,0.99439013,0
Ali_Naimi,rotation,10.00000000,1,0.98760128,0
Ali_Naimi,rotation,15.00000000,1,0.97919178,0
Ali_Naimi,rotation,20.00000000,1,0.97031397,0
Ali_Naimi,blur,0.00000000,1,0.99287379,0
Ali_Naimi,blur,1.00000000,1,0.99208260,0
Ali_Naimi,blur,2.00000000,1,0.94830239,0
Ali_Naimi,blur,3.00000000,1,0.84753323,0
Ali_Naimi,blur,4.00000000,1,0.76422065,0
Ali_Naimi,blur,5.00000000,1,0.64917183,0
Ali_Naimi,occlusion,0.00000000,1,0.99935168,0
Ali_Naimi,occlusion,0.10000000,0,nan,1
Ali_Naimi,occlusion,0.15000000,0,nan,1
Ali_Naimi,occlusion,0.20000000,0,nan,1
Ali_Naimi,occlusion,0.25000000,0,nan,1
Ali_Naimi,occlusion,0.30000000,0,nan,1
Allyson_Felix,gaussian,0.00000000,1,1.00000000,0
Allyson_Felix,gaussian,0.02000000,1,0.98282009,0
Allyson_Felix,gaussian,0.05000000,1,0.93965125,0
Allyson_Felix,gaussian,0.10000000,1,0.86496639,0
Allyson_Felix,gaussian,0.20000000,0,nan,1
Allyson_Felix,gaussian,0.30000000,0,nan,1
Allyson_Felix,brightness,1.00000000,1,1.00000000,0
Allyson_Felix,brightness,0.90000000,1,0.99931240,0
Allyson_Felix,brightness,0.80000000,1,0.99859017,0
Allyson_Felix,brightness,0.65000000,1,0.99560189,0
Allyson_Felix,brightness,0.50000000,1,0.99019587,0
Allyson_Felix,brightness,0.35000000,1,0.98054022,0
Allyson_Felix,rotation,0.00000000,1,1.00000000,0
Allyson_Felix,rotation,3.00000000,1,0.99625456,0
Allyson_Felix,rotation,6.00000000,1,0.99653155,0
Allyson_Felix,rotation,10.00000000,1,0.99356306,0
Allyson_Felix,rotation,15.00000000,1,0.98944414,0
Allyson_Felix,rotation,20.00000000,1,0.99164450,0
Allyson_Felix,blur,0.00000000,1,0.99181914,0
Allyson_Felix,blur,1.00000000,1,0.99038994,0
Allyson_Felix,blur,2.00000000,0,0.94211936,0
Allyson_Felix,blur,3.00000000,0,0.86627263,0
Allyson_Felix,blur,4.00000000,0,0.76976526,0
Allyson_Felix,blur,5.00000000,0,0.65528196,0
Allyson_Felix,occlusion,0.00000000,1,0.99583483,0
Allyson_Felix,occlusion,0.10000000,0,0.23230214,0
Allyson_Felix,occlusion,0.15000000,0,nan,1
Allyson_Felix,occlusion,0.20000000,0,nan,1
Allyson_Felix,occlusion,0.25000000,0,nan,1
Allyson_Felix,occlusion,0.30000000,0,nan,1
Alvaro_Uribe,gaussian,0.00000000,1,0.99999988,0
Alvaro_Uribe,gaussian,0.02000000,1,0.98854685,0
Alvaro_Uribe,gaussian,0.05000000,1,0.94944966,0
Alvaro_Uribe,gaussian,0.10000000,1,0.85116386,0
Alvaro_Uribe,gaussian,0.20000000,0,nan,1
Alvaro_Uribe,gaussian,0.30000000,0,nan,1
Alvaro_Uribe,brightness,1.00000000,1,0.99999988,0
Alvaro_Uribe,brightness,0.90000000,1,0.99889642,0
Alvaro_Uribe,brightness,0.80000000,1,0.99651831,0
Alvaro_Uribe,brightness,0.65000000,1,0.99227309,0
Alvaro_Uribe,brightness,0.50000000,1,0.98467445,0
Alvaro_Uribe,brightness,0.35000000,1,0.97658920,0
Alvaro_Uribe,rotation,0.00000000,1,0.99999988,0
Alvaro_Uribe,rotation,3.00000000,1,0.99607158,0
Alvaro_Uribe,rotation,6.00000000,1,0.99659669,0
Alvaro_Uribe,rotation,10.00000000,1,0.99641162,0
Alvaro_Uribe,rotation,15.00000000,1,0.98543972,0
Alvaro_Uribe,rotation,20.00000000,1,0.97944999,0
Alvaro_Uribe,blur,0.00000000,1,0.98778570,0
Alvaro_Uribe,blur,1.00000000,1,0.98538697,0
Alvaro_Uribe,blur,2.00000000,1,0.92262530,0
Alvaro_Uribe,blur,3.00000000,1,0.83450425,0
Alvaro_Uribe,blur,4.00000000,1,0.77030563,0
Alvaro_Uribe,blur,5.00000000,0,0.66273481,0
Alvaro_Uribe,occlusion,0.00000000,1,0.99839830,0
Alvaro_Uribe,occlusion,0.10000000,0,0.35631523,0
Alvaro_Uribe,occlusion,0.15000000,0,nan,1
Alvaro_Uribe,occlusion,0.20000000,0,nan,1
Alvaro_Uribe,occlusion,0.25000000,0,nan,1
Alvaro_Uribe,occlusion,0.30000000,0,nan,1
Amelia_Vega,gaussian,0.00000000,1,1.00000000,0
Amelia_Vega,gaussian,0.02000000,1,0.98740411,0
Amelia_Vega,gaussian,0.05000000,1,0.91881317,0
Amelia_Vega,gaussian,0.10000000,1,0.80812109,0
Amelia_Vega,gaussian,0.20000000,0,nan,1
Amelia_Vega,gaussian,0.30000000,0,nan,1
Amelia_Vega,brightness,1.00000000,1,1.00000000,0
Amelia_Vega,brightness,0.90000000,1,0.99837244,0
Amelia_Vega,brightness,0.80000000,1,0.99540782,0
Amelia_Vega,brightness,0.65000000,1,0.98973751,0
Amelia_Vega,brightness,0.50000000,1,0.98081958,0
Amelia_Vega,brightness,0.35000000,1,0.96328509,0
Amelia_Vega,rotation,0.00000000,1,1.00000000,0
Amelia_Vega,rotation,3.00000000,1,0.99756962,0
Amelia_Vega,rotation,6.00000000,1,0.99515641,0
Amelia_Vega,rotation,10.00000000,1,0.99221039,0
Amelia_Vega,rotation,15.00000000,1,0.98875415,0
Amelia_Vega,rotation,20.00000000,1,0.98810935,0
Amelia_Vega,blur,0.00000000,1,0.99636042,0
Amelia_Vega,blur,1.00000000,1,0.99577153,0
Amelia_Vega,blur,2.00000000,1,0.97147191,0
Amelia_Vega,blur,3.00000000,1,0.91218215,0
Amelia_Vega,blur,4.00000000,1,0.81571788,0
Amelia_Vega,blur,5.00000000,0,0.70797503,0
Amelia_Vega,occlusion,0.00000000,1,0.99903244,0
Amelia_Vega,occlusion,0.10000000,0,0.29235089,0
Amelia_Vega,occlusion,0.15000000,0,nan,1
Amelia_Vega,occlusion,0.20000000,0,nan,1
Amelia_Vega,occlusion,0.25000000,0,nan,1
Amelia_Vega,occlusion,0.30000000,0,nan,1
Amelie_Mauresmo,gaussian,0.00000000,1,0.99999988,0
Amelie_Mauresmo,gaussian,0.02000000,1,0.98034775,0
Amelie_Mauresmo,gaussian,0.05000000,1,0.92218506,0
Amelie_Mauresmo,gaussian,0.10000000,1,0.85792255,0
Amelie_Mauresmo,gaussian,0.20000000,0,nan,1
Amelie_Mauresmo,gaussian,0.30000000,0,nan,1
Amelie_Mauresmo,brightness,1.00000000,1,0.99999988,0
Amelie_Mauresmo,brightness,0.90000000,1,0.99868685,0
Amelie_Mauresmo,brightness,0.80000000,1,0.99696892,0
Amelie_Mauresmo,brightness,0.65000000,1,0.99460393,0
Amelie_Mauresmo,brightness,0.50000000,1,0.98766321,0
Amelie_Mauresmo,brightness,0.35000000,1,0.97557950,0
Amelie_Mauresmo,rotation,0.00000000,1,0.99999988,0
Amelie_Mauresmo,rotation,3.00000000,1,0.99674726,0
Amelie_Mauresmo,rotation,6.00000000,1,0.99529707,0
Amelie_Mauresmo,rotation,10.00000000,1,0.99277747,0
Amelie_Mauresmo,rotation,15.00000000,1,0.98851919,0
Amelie_Mauresmo,rotation,20.00000000,1,0.98430192,0
Amelie_Mauresmo,blur,0.00000000,1,0.99135524,0
Amelie_Mauresmo,blur,1.00000000,1,0.99007434,0
Amelie_Mauresmo,blur,2.00000000,1,0.94713318,0
Amelie_Mauresmo,blur,3.00000000,1,0.85904372,0
Amelie_Mauresmo,blur,4.00000000,1,0.75646633,0
Amelie_Mauresmo,blur,5.00000000,1,0.68058169,0
Amelie_Mauresmo,occlusion,0.00000000,1,0.99836522,0
Amelie_Mauresmo,occlusion,0.10000000,0,0.09119317,0
Amelie_Mauresmo,occlusion,0.15000000,0,nan,1
Amelie_Mauresmo,occlusion,0.20000000,0,nan,1
Amelie_Mauresmo,occlusion,0.25000000,0,nan,1
Amelie_Mauresmo,occlusion,0.30000000,0,nan,1
Ana_Guevara,gaussian,0.00000000,1,1.00000000,0
Ana_Guevara,gaussian,0.02000000,1,0.98345709,0
Ana_Guevara,gaussian,0.05000000,1,0.93385863,0
Ana_Guevara,gaussian,0.10000000,1,0.82907337,0
Ana_Guevara,gaussian,0.20000000,0,nan,1
Ana_Guevara,gaussian,0.30000000,0,nan,1
Ana_Guevara,brightness,1.00000000,1,1.00000000,0
Ana_Guevara,brightness,0.90000000,1,0.99929243,0
Ana_Guevara,brightness,0.80000000,1,0.99825191,0
Ana_Guevara,brightness,0.65000000,1,0.99526191,0
Ana_Guevara,brightness,0.50000000,1,0.99107194,0
Ana_Guevara,brightness,0.35000000,1,0.98268330,0
Ana_Guevara,rotation,0.00000000,1,1.00000000,0
Ana_Guevara,rotation,3.00000000,1,0.99680543,0
Ana_Guevara,rotation,6.00000000,1,0.99584270,0
Ana_Guevara,rotation,10.00000000,1,0.99417865,0
Ana_Guevara,rotation,15.00000000,1,0.99348074,0
Ana_Guevara,rotation,20.00000000,1,0.99322844,0
Ana_Guevara,blur,0.00000000,1,0.99182683,0
Ana_Guevara,blur,1.00000000,1,0.99069333,0
Ana_Guevara,blur,2.00000000,1,0.93313134,0
Ana_Guevara,blur,3.00000000,0,0.83153951,0
Ana_Guevara,blur,4.00000000,0,0.74412847,0
Ana_Guevara,blur,5.00000000,0,0.66653997,0
Ana_Guevara,occlusion,0.00000000,1,0.99783605,0
Ana_Guevara,occlusion,0.10000000,0,0.38916916,0
Ana_Guevara,occlusion,0.15000000,0,nan,1
Ana_Guevara,occlusion,0.20000000,0,nan,1
Ana_Guevara,occlusion,0.25000000,0,nan,1
Ana_Guevara,occlusion,0.30000000,0,nan,1
Ana_Palacio,gaussian,0.00000000,1,1.00000000,0
Ana_Palacio,gaussian,0.02000000,1,0.98266095,0
Ana_Palacio,gaussian,0.05000000,1,0.94831473,0
Ana_Palacio,gaussian,0.10000000,1,0.86242360,0
Ana_Palacio,gaussian,0.20000000,1,0.73329175,0
Ana_Palacio,gaussian,0.30000000,0,nan,1
Ana_Palacio,brightness,1.00000000,1,1.00000000,0
Ana_Palacio,brightness,0.90000000,1,0.99903989,0
Ana_Palacio,brightness,0.80000000,1,0.99743289,0
Ana_Palacio,brightness,0.65000000,1,0.99315971,0
Ana_Palacio,brightness,0.50000000,1,0.98775268,0
Ana_Palacio,brightness,0.35000000,1,0.97668129,0
Ana_Palacio,rotation,0.00000000,1,1.00000000,0
Ana_Palacio,rotation,3.00000000,1,0.99662447,0
Ana_Palacio,rotation,6.00000000,1,0.99654448,0
Ana_Palacio,rotation,10.00000000,1,0.99496877,0
Ana_Palacio,rotation,15.00000000,1,0.99181819,0
Ana_Palacio,rotation,20.00000000,1,0.98782516,0
Ana_Palacio,blur,0.00000000,1,0.99405843,0
Ana_Palacio,blur,1.00000000,1,0.99303412,0
Ana_Palacio,blur,2.00000000,1,0.95231146,0
Ana_Palacio,blur,3.00000000,1,0.88776541,0
Ana_Palacio,blur,4.00000000,1,0.81735981,0
Ana_Palacio,blur,5.00000000,1,0.68993938,0
Ana_Palacio,occlusion,0.00000000,1,0.99673474,0
Ana_Palacio,occlusion,0.10000000,0,0.26656073,0
Ana_Palacio,occlusion,0.15000000,0,nan,1
Ana_Palacio,occlusion,0.20000000,0,nan,1
Ana_Palacio,occlusion,0.25000000,0,nan,1
Ana_Palacio,occlusion,0.30000000,0,nan,1
Andre_Agassi,gaussian,0.00000000,1,0.99999988,0
Andre_Agassi,gaussian,0.02000000,1,0.98953253,0
Andre_Agassi,gaussian,0.05000000,1,0.94465357,0
Andre_Agassi,gaussian,0.10000000,1,0.86409158,0
Andre_Agassi,gaussian,0.20000000,0,nan,1
Andre_Agassi,gaussian,0.30000000,0,nan,1
Andre_Agassi,brightness,1.00000000,1,0.99999988,0
Andre_Agassi,brightness,0.90000000,1,0.99936044,0
Andre_Agassi,brightness,0.80000000,1,0.99803662,0
Andre_Agassi,brightness,0.65000000,1,0.99283910,0
Andre_Agassi,brightness,0.50000000,1,0.98671973,0
Andre_Agassi,brightness,0.35000000,1,0.97692859,0
Andre_Agassi,rotation,0.00000000,1,0.99999988,0
Andre_Agassi,rotation,3.00000000,1,0.99797302,0
Andre_Agassi,rotation,6.00000000,1,0.99834216,0
Andre_Agassi,rotation,10.00000000,1,0.99767488,0
Andre_Agassi,rotation,15.00000000,1,0.99481809,0
Andre_Agassi,rotation,20.00000000,1,0.99180400,0
Andre_Agassi,blur,0.00000000,1,0.99664462,0
Andre_Agassi,blur,1.00000000,1,0.99586636,0
Andre_Agassi,blur,2.00000000,1,0.96499765,0
Andre_Agassi,blur,3.00000000,1,0.85889709,0
Andre_Agassi,blur,4.00000000,0,0.71003282,0
Andre_Agassi,blur,5.00000000,1,0.56467390,0
Andre_Agassi,occlusion,0.00000000,1,0.99912089,0
Andre_Agassi,occlusion,0.10000000,0,nan,1
Andre_Agassi,occlusion,0.15000000,0,nan,1
Andre_Agassi,occlusion,0.20000000,0,nan,1
Andre_Agassi,occlusion,0.25000000,0,nan,1
Andre_Agassi,occlusion,0.30000000,0,nan,1
Andy_Roddick,gaussian,0.00000000,1,1.00000000,0
Andy_Roddick,gaussian,0.02000000,1,0.98290670,0
Andy_Roddick,gaussian,0.05000000,1,0.92411774,0
Andy_Roddick,gaussian,0.10000000,1,0.82630795,0
Andy_Roddick,gaussian,0.20000000,0,nan,1
Andy_Roddick,gaussian,0.30000000,0,nan,1
Andy_Roddick,brightness,1.00000000,1,1.00000000,0
Andy_Roddick,brightness,0.90000000,1,0.99847221,0
Andy_Roddick,brightness,0.80000000,1,0.99602258,0
Andy_Roddick,brightness,0.65000000,1,0.99050397,0
Andy_Roddick,brightness,0.50000000,1,0.98071086,0
Andy_Roddick,brightness,0.35000000,1,0.96594048,0
Andy_Roddick,rotation,0.00000000,1,1.00000000,0
Andy_Roddick,rotation,3.00000000,1,0.99690962,0
Andy_Roddick,rotation,6.00000000,1,0.99616969,0
Andy_Roddick,rotation,10.00000000,1,0.99537545,0
Andy_Roddick,rotation,15.00000000,1,0.99277794,0
Andy_Roddick,rotation,20.00000000,1,0.99485528,0
Andy_Roddick,blur,0.00000000,1,0.99058294,0
Andy_Roddick,blur,1.00000000,1,0.98873675,0
Andy_Roddick,blur,2.00000000,1,0.93746018,0
Andy_Roddick,blur,3.00000000,1,0.85786307,0
Andy_Roddick,blur,4.00000000,1,0.73315632,0
Andy_Roddick,blur,5.00000000,0,0.55542260,0
Andy_Roddick,occlusion,0.00000000,1,0.99839991,0
Andy_Roddick,occlusion,0.10000000,0,nan,1
Andy_Roddick,occlusion,0.15000000,0,-0.01411563,0
Andy_Roddick,occlusion,0.20000000,0,-0.02509383,0
Andy_Roddick,occlusion,0.25000000,0,nan,1
Andy_Roddick,occlusion,0.30000000,0,nan,1
Angela_Bassett,gaussian,0.00000000,1,0.99999994,0
Angela_Bassett,gaussian,0.02000000,1,0.98573214,0
Angela_Bassett,gaussian,0.05000000,1,0.94557917,0
Angela_Bassett,gaussian,0.10000000,1,0.89417160,0
Angela_Bassett,gaussian,0.20000000,0,nan,1
Angela_Bassett,gaussian,0.30000000,0,nan,1
Angela_Bassett,brightness,1.00000000,1,0.99999994,0
Angela_Bassett,brightness,0.90000000,1,0.99944317,0
Angela_Bassett,brightness,0.80000000,1,0.99840528,0
Angela_Bassett,brightness,0.65000000,1,0.99648303,0
Angela_Bassett,brightness,0.50000000,1,0.99235189,0
Angela_Bassett,brightness,0.35000000,1,0.98500109,0
Angela_Bassett,rotation,0.00000000,1,0.99999994,0
Angela_Bassett,rotation,3.00000000,1,0.99778557,0
Angela_Bassett,rotation,6.00000000,1,0.99572456,0
Angela_Bassett,rotation,10.00000000,1,0.99503386,0
Angela_Bassett,rotation,15.00000000,1,0.99538791,0
Angela_Bassett,rotation,20.00000000,1,0.99440408,0
Angela_Bassett,blur,0.00000000,1,0.99408334,0
Angela_Bassett,blur,1.00000000,1,0.99310660,0
Angela_Bassett,blur,2.00000000,1,0.94731921,0
Angela_Bassett,blur,3.00000000,1,0.85558534,0
Angela_Bassett,blur,4.00000000,1,0.74411595,0
Angela_Bassett,blur,5.00000000,0,0.63628465,0
Angela_Bassett,occlusion,0.00000000,1,0.99795234,0
Angela_Bassett,occlusion,0.10000000,0,0.17793252,0
Angela_Bassett,occlusion,0.15000000,0,nan,1
Angela_Bassett,occlusion,0.20000000,0,nan,1
Angela_Bassett,occlusion,0.25000000,0,nan,1
Angela_Bassett,occlusion,0.30000000,0,nan,1
Angela_Merkel,gaussian,0.00000000,1,0.99999988,0
Angela_Merkel,gaussian,0.02000000,1,0.98292911,0
Angela_Merkel,gaussian,0.05000000,1,0.90488476,0
Angela_Merkel,gaussian,0.10000000,0,0.75087911,0
Angela_Merkel,gaussian,0.20000000,0,nan,1
Angela_Merkel,gaussian,0.30000000,0,nan,1
Angela_Merkel,brightness,1.00000000,1,0.99999988,0
Angela_Merkel,brightness,0.90000000,1,0.99884301,0
Angela_Merkel,brightness,0.80000000,1,0.99678516,0
Angela_Merkel,brightness,0.65000000,1,0.99264801,0
Angela_Merkel,brightness,0.50000000,1,0.98742330,0
Angela_Merkel,brightness,0.35000000,1,0.97602963,0
Angela_Merkel,rotation,0.00000000,1,0.99999988,0
Angela_Merkel,rotation,3.00000000,1,0.99577063,0
Angela_Merkel,rotation,6.00000000,1,0.99510318,0
Angela_Merkel,rotation,10.00000000,1,0.99584115,0
Angela_Merkel,rotation,15.00000000,1,0.99414062,0
Angela_Merkel,rotation,20.00000000,1,0.98867470,0
Angela_Merkel,blur,0.00000000,1,0.98707455,0
Angela_Merkel,blur,1.00000000,1,0.98524010,0
Angela_Merkel,blur,2.00000000,1,0.92358583,0
Angela_Merkel,blur,3.00000000,1,0.81832314,0
Angela_Merkel,blur,4.00000000,1,0.67456663,0
Angela_Merkel,blur,5.00000000,1,0.56535339,0
Angela_Merkel,occlusion,0.00000000,1,0.99850571,0
Angela_Merkel,occlusion,0.10000000,0,0.05305238,0
Angela_Merkel,occlusion,0.15000000,0,nan,1
Angela_Merkel,occlusion,0.20000000,0,nan,1
Angela_Merkel,occlusion,0.25000000,0,nan,1
Angela_Merkel,occlusion,0.30000000,0,nan,1
Angelina_Jolie,gaussian,0.00000000,1,1.00000000,0
Angelina_Jolie,gaussian,0.02000000,1,0.98258197,0
Angelina_Jolie,gaussian,0.05000000,1,0.92268789,0
Angelina_Jolie,gaussian,0.10000000,1,0.78131807,0
Angelina_Jolie,gaussian,0.20000000,0,nan,1
Angelina_Jolie,gaussian,0.30000000,0,nan,1
Angelina_Jolie,brightness,1.00000000,1,1.00000000,0
Angelina_Jolie,brightness,0.90000000,1,0.99896580,0
Angelina_Jolie,brightness,0.80000000,1,0.99834710,0
Angelina_Jolie,brightness,0.65000000,1,0.99573171,0
Angelina_Jolie,brightness,0.50000000,1,0.99086237,0
Angelina_Jolie,brightness,0.35000000,1,0.97973609,0
Angelina_Jolie,rotation,0.00000000,1,1.00000000,0
Angelina_Jolie,rotation,3.00000000,1,0.99796236,0
Angelina_Jolie,rotation,6.00000000,1,0.99572206,0
Angelina_Jolie,rotation,10.00000000,1,0.99468350,0
Angelina_Jolie,rotation,15.00000000,1,0.99454331,0
Angelina_Jolie,rotation,20.00000000,1,0.99245501,0
Angelina_Jolie,blur,0.00000000,1,0.99161285,0
Angelina_Jolie,blur,1.00000000,1,0.98982739,0
Angelina_Jolie,blur,2.00000000,1,0.93517327,0
Angelina_Jolie,blur,3.00000000,1,0.83294576,0
Angelina_Jolie,blur,4.00000000,0,0.69941282,0
Angelina_Jolie,blur,5.00000000,0,0.59329879,0
Angelina_Jolie,occlusion,0.00000000,1,0.99845606,0
Angelina_Jolie,occlusion,0.10000000,0,0.24670896,0
Angelina_Jolie,occlusion,0.15000000,0,nan,1
Angelina_Jolie,occlusion,0.20000000,0,nan,1
Angelina_Jolie,occlusion,0.25000000,0,nan,1
Angelina_Jolie,occlusion,0.30000000,0,nan,1
Ann_Veneman,gaussian,0.00000000,1,0.99999994,0
Ann_Veneman,gaussian,0.02000000,1,0.99182391,0
Ann_Veneman,gaussian,0.05000000,1,0.96067286,0
Ann_Veneman,gaussian,0.10000000,1,0.87910903,0
Ann_Veneman,gaussian,0.20000000,0,nan,1
Ann_Veneman,gaussian,0.30000000,0,nan,1
Ann_Veneman,brightness,1.00000000,1,0.99999994,0
Ann_Veneman,brightness,0.90000000,1,0.99921393,0
Ann_Veneman,brightness,0.80000000,1,0.99744844,0
Ann_Veneman,brightness,0.65000000,1,0.99424839,0
Ann_Veneman,brightness,0.50000000,1,0.98873025,0
Ann_Veneman,brightness,0.35000000,1,0.98139441,0
Ann_Veneman,rotation,0.00000000,1,0.99999994,0
Ann_Veneman,rotation,3.00000000,1,0.99725920,0
Ann_Veneman,rotation,6.00000000,1,0.99695623,0
Ann_Veneman,rotation,10.00000000,1,0.99594200,0
Ann_Veneman,rotation,15.00000000,1,0.98971868,0
Ann_Veneman,rotation,20.00000000,1,0.97894931,0
Ann_Veneman,blur,0.00000000,1,0.99410212,0
Ann_Veneman,blur,1.00000000,1,0.99287188,0
Ann_Veneman,blur,2.00000000,1,0.94625837,0
Ann_Veneman,blur,3.00000000,1,0.86968231,0
Ann_Veneman,blur,4.00000000,1,0.77665722,0
Ann_Veneman,blur,5.00000000,0,0.65146029,0
Ann_Veneman,occlusion,0.00000000,1,0.99902487,0
Ann_Veneman,occlusion,0.10000000,0,0.22278342,0
Ann_Veneman,occlusion,0.15000000,0,nan,1
Ann_Veneman,occlusion,0.20000000,0,nan,1
Ann_Veneman,occlusion,0.25000000,0,nan,1
Ann_Veneman,occlusion,0.30000000,0,nan,1
Anna_Kournikova,gaussian,0.00000000,1,0.99999988,0
Anna_Kournikova,gaussian,0.02000000,1,0.98310447,0
Anna_Kournikova,gaussian,0.05000000,1,0.94541579,0
Anna_Kournikova,gaussian,0.10000000,0,0.80453634,0
Anna_Kournikova,gaussian,0.20000000,0,nan,1
Anna_Kournikova,gaussian,0.30000000,0,nan,1
Anna_Kournikova,brightness,1.00000000,1,0.99999988,0
Anna_Kournikova,brightness,0.90000000,1,0.99869180,0
Anna_Kournikova,brightness,0.80000000,1,0.99650371,0
Anna_Kournikova,brightness,0.65000000,1,0.99298906,0
Anna_Kournikova,brightness,0.50000000,1,0.98665690,0
Anna_Kournikova,brightness,0.35000000,1,0.97373080,0
Anna_Kournikova,rotation,0.00000000,1,0.99999988,0
Anna_Kournikova,rotation,3.00000000,1,0.99558514,0
Anna_Kournikova,rotation,6.00000000,1,0.99065024,0
Anna_Kournikova,rotation,10.00000000,1,0.99410987,0
Anna_Kournikova,rotation,15.00000000,1,0.98514521,0
Anna_Kournikova,rotation,20.00000000,1,0.98432219,0
Anna_Kournikova,blur,0.00000000,1,0.99556822,0
Anna_Kournikova,blur,1.00000000,1,0.99461174,0
Anna_Kournikova,blur,2.00000000,1,0.96733987,0
Anna_Kournikova,blur,3.00000000,1,0.90942049,0
Anna_Kournikova,blur,4.00000000,0,nan,1
Anna_Kournikova,blur,5.00000000,0,nan,1
Anna_Kournikova,occlusion,0.00000000,1,0.99906921,0
Anna_Kournikova,occlusion,0.10000000,0,nan,1
Anna_Kournikova,occlusion,0.15000000,0,nan,1
Anna_Kournikova,occlusion,0.20000000,0,nan,1
Anna_Kournikova,occlusion,0.25000000,0,nan,1
Anna_Kournikova,occlusion,0.30000000,0,nan,1
Antonio_Banderas,gaussian,0.00000000,1,1.00000000,0
Antonio_Banderas,gaussian,0.02000000,1,0.98483109,0
Antonio_Banderas,gaussian,0.05000000,1,0.91781664,0
Antonio_Banderas,gaussian,0.10000000,1,0.85147345,0
Antonio_Banderas,gaussian,0.20000000,0,nan,1
Antonio_Banderas,gaussian,0.30000000,0,nan,1
Antonio_Banderas,brightness,1.00000000,1,1.00000000,0
Antonio_Banderas,brightness,0.90000000,1,0.99878621,0
Antonio_Banderas,brightness,0.80000000,1,0.99640024,0
Antonio_Banderas,brightness,0.65000000,1,0.99044740,0
Antonio_Banderas,brightness,0.50000000,1,0.98488963,0
Antonio_Banderas,brightness,0.35000000,1,0.97335804,0
Antonio_Banderas,rotation,0.00000000,1,1.00000000,0
Antonio_Banderas,rotation,3.00000000,1,0.99642354,0
Antonio_Banderas,rotation,6.00000000,1,0.99527097,0
Antonio_Banderas,rotation,10.00000000,1,0.99184465,0
Antonio_Banderas,rotation,15.00000000,1,0.99249136,0
Antonio_Banderas,rotation,20.00000000,1,0.98963547,0
Antonio_Banderas,blur,0.00000000,1,0.99195135,0
Antonio_Banderas,blur,1.00000000,1,0.98969829,0
Antonio_Banderas,blur,2.00000000,1,0.94305217,0
Antonio_Banderas,blur,3.00000000,1,0.83639777,0
Antonio_Banderas,blur,4.00000000,0,0.73680609,0
Antonio_Banderas,blur,5.00000000,0,0.65287900,0
Antonio_Banderas,occlusion,0.00000000,1,0.99673676,0
Antonio_Banderas,occlusion,0.10000000,0,-0.02224668,0
Antonio_Banderas,occlusion,0.15000000,0,-0.02441596,0
Antonio_Banderas,occlusion,0.20000000,0,-0.02721676,0
Antonio_Banderas,occlusion,0.25000000,0,-0.02770030,0
Antonio_Banderas,occlusion,0.30000000,0,-0.02667318,0
Antonio_Palocci,gaussian,0.00000000,1,1.00000000,0
Antonio_Palocci,gaussian,0.02000000,1,0.98763061,0
Antonio_Palocci,gaussian,0.05000000,1,0.95840859,0
Antonio_Palocci,gaussian,0.10000000,1,0.87456381,0
Antonio_Palocci,gaussian,0.20000000,1,0.74120772,0
Antonio_Palocci,gaussian,0.30000000,0,nan,1
Antonio_Palocci,brightness,1.00000000,1,1.00000000,0
Antonio_Palocci,brightness,0.90000000,1,0.99940675,0
Antonio_Palocci,brightness,0.80000000,1,0.99835318,0
Antonio_Palocci,brightness,0.65000000,1,0.99598342,0
Antonio_Palocci,brightness,0.50000000,1,0.99168783,0
Antonio_Palocci,brightness,0.35000000,1,0.98539609,0
Antonio_Palocci,rotation,0.00000000,1,1.00000000,0
Antonio_Palocci,rotation,3.00000000,1,0.99643511,0
Antonio_Palocci,rotation,6.00000000,1,0.99606270,0
Antonio_Palocci,rotation,10.00000000,1,0.99510062,0
Antonio_Palocci,rotation,15.00000000,1,0.99554795,0
Antonio_Palocci,rotation,20.00000000,1,0.99545878,0
Antonio_Palocci,blur,0.00000000,1,0.99367523,0
Antonio_Palocci,blur,1.00000000,1,0.99220687,0
Antonio_Palocci,blur,2.00000000,1,0.96326739,0
Antonio_Palocci,blur,3.00000000,1,0.93064487,0
Antonio_Palocci,blur,4.00000000,1,0.86977649,0
Antonio_Palocci,blur,5.00000000,1,0.78211343,0
Antonio_Palocci,occlusion,0.00000000,1,0.99865830,0
Antonio_Palocci,occlusion,0.10000000,0,0.55472273,0
Antonio_Palocci,occlusion,0.15000000,0,0.16152453,0
Antonio_Palocci,occlusion,0.20000000,0,nan,1
Antonio_Palocci,occlusion,0.25000000,0,nan,1
Antonio_Palocci,occlusion,0.30000000,0,nan,1
Ari_Fleischer,gaussian,0.00000000,1,1.00000000,0
Ari_Fleischer,gaussian,0.02000000,1,0.98638445,0
Ari_Fleischer,gaussian,0.05000000,1,0.95361578,0
Ari_Fleischer,gaussian,0.10000000,1,0.89148551,0
Ari_Fleischer,gaussian,0.20000000,0,nan,1
Ari_Fleischer,gaussian,0.30000000,0,nan,1
Ari_Fleischer,brightness,1.00000000,1,1.00000000,0
Ari_Fleischer,brightness,0.90000000,1,0.99917173,0
Ari_Fleischer,brightness,0.80000000,1,0.99792862,0
Ari_Fleischer,brightness,0.65000000,1,0.99452341,0
Ari_Fleischer,brightness,0.50000000,1,0.98652279,0
Ari_Fleischer,brightness,0.35000000,1,0.97862160,0
Ari_Fleischer,rotation,0.00000000,1,1.00000000,0
Ari_Fleischer,rotation,3.00000000,1,0.99606669,0
Ari_Fleischer,rotation,6.00000000,1,0.99711066,0
Ari_Fleischer,rotation,10.00000000,1,0.99726152,0
Ari_Fleischer,rotation,15.00000000,1,0.99595213,0
Ari_Fleischer,rotation,20.00000000,1,0.99212670,0
Ari_Fleischer,blur,0.00000000,1,0.99141371,0
Ari_Fleischer,blur,1.00000000,1,0.98985201,0
Ari_Fleischer,blur,2.00000000,1,0.94704133,0
Ari_Fleischer,blur,3.00000000,1,0.85276908,0
Ari_Fleischer,blur,4.00000000,0,0.72044742,0
Ari_Fleischer,blur,5.00000000,0,0.64289683,0
Ari_Fleischer,occlusion,0.00000000,1,0.99868560,0
Ari_Fleischer,occlusion,0.10000000,0,0.33987480,0
Ari_Fleischer,occlusion,0.15000000,0,nan,1
Ari_Fleischer,occlusion,0.20000000,0,nan,1
Ari_Fleischer,occlusion,0.25000000,0,nan,1
Ari_Fleischer,occlusion,0.30000000,0,nan,1
Ariel_Sharon,gaussian,0.00000000,1,1.00000000,0
Ariel_Sharon,gaussian,0.02000000,1,0.98736435,0
Ariel_Sharon,gaussian,0.05000000,1,0.94928294,0
Ariel_Sharon,gaussian,0.10000000,1,0.85760343,0
Ariel_Sharon,gaussian,0.20000000,0,nan,1
Ariel_Sharon,gaussian,0.30000000,0,nan,1
Ariel_Sharon,brightness,1.00000000,1,1.00000000,0
Ariel_Sharon,brightness,0.90000000,1,0.99927109,0
Ariel_Sharon,brightness,0.80000000,1,0.99802035,0
Ariel_Sharon,brightness,0.65000000,1,0.99381065,0
Ariel_Sharon,brightness,0.50000000,1,0.98755240,0
Ariel_Sharon,brightness,0.35000000,1,0.97863495,0
Ariel_Sharon,rotation,0.00000000,1,1.00000000,0
Ariel_Sharon,rotation,3.00000000,1,0.99833894,0
Ariel_Sharon,rotation,6.00000000,1,0.99758101,0
Ariel_Sharon,rotation,10.00000000,1,0.99657261,0
Ariel_Sharon,rotation,15.00000000,1,0.99389148,0
Ariel_Sharon,rotation,20.00000000,1,0.98785138,0
Ariel_Sharon,blur,0.00000000,1,0.99663007,0
Ariel_Sharon,blur,1.00000000,1,0.99608862,0
Ariel_Sharon,blur,2.00000000,1,0.97356784,0
Ariel_Sharon,blur,3.00000000,1,0.92250973,0
Ariel_Sharon,blur,4.00000000,1,0.82510692,0
Ariel_Sharon,blur,5.00000000,0,0.71229744,0
Ariel_Sharon,occlusion,0.00000000,1,0.99872267,0
Ariel_Sharon,occlusion,0.10000000,0,0.45190281,0
Ariel_Sharon,occlusion,0.15000000,0,nan,1
Ariel_Sharon,occlusion,0.20000000,0,nan,1
Ariel_Sharon,occlusion,0.25000000,0,nan,1
Ariel_Sharon,occlusion,0.30000000,0,nan,1
Arminio_Fraga,gaussian,0.00000000,0,1.00000012,0
Arminio_Fraga,gaussian,0.02000000,0,0.95162523,0
Arminio_Fraga,gaussian,0.05000000,0,0.81073284,0
Arminio_Fraga,gaussian,0.10000000,0,0.71289510,0
Arminio_Fraga,gaussian,0.20000000,0,nan,1
Arminio_Fraga,gaussian,0.30000000,0,nan,1
Arminio_Fraga,brightness,1.00000000,0,1.00000012,0
Arminio_Fraga,brightness,0.90000000,0,0.99863672,0
Arminio_Fraga,brightness,0.80000000,0,0.99602795,0
Arminio_Fraga,brightness,0.65000000,0,0.99016678,0
Arminio_Fraga,brightness,0.50000000,0,0.97527349,0
Arminio_Fraga,brightness,0.35000000,0,0.95589674,0
Arminio_Fraga,rotation,0.00000000,0,1.00000012,0
Arminio_Fraga,rotation,3.00000000,0,0.09564139,0
Arminio_Fraga,rotation,6.00000000,0,0.99310714,0
Arminio_Fraga,rotation,10.00000000,0,0.99580127,0
Arminio_Fraga,rotation,15.00000000,0,0.99150556,0
Arminio_Fraga,rotation,20.00000000,0,-0.02469065,0
Arminio_Fraga,blur,0.00000000,0,0.97156626,0
Arminio_Fraga,blur,1.00000000,0,0.96708173,0
Arminio_Fraga,blur,2.00000000,0,0.85633475,0
Arminio_Fraga,blur,3.00000000,0,0.69828594,0
Arminio_Fraga,blur,4.00000000,0,0.55706322,0
Arminio_Fraga,blur,5.00000000,0,0.39773452,0
Arminio_Fraga,occlusion,0.00000000,0,0.99999738,0
Arminio_Fraga,occlusion,0.10000000,0,0.99973017,0
Arminio_Fraga,occlusion,0.15000000,0,0.99976611,0
Arminio_Fraga,occlusion,0.20000000,0,0.99964774,0
Arminio_Fraga,occlusion,0.25000000,0,0.99372655,0
Arminio_Fraga,occlusion,0.30000000,0,0.94294870,0
Arnold_Schwarzenegger,gaussian,0.00000000,1,1.00000000,0
Arnold_Schwarzenegger,gaussian,0.02000000,1,0.98558754,0
Arnold_Schwarzenegger,gaussian,0.05000000,1,0.96510017,0
Arnold_Schwarzenegger,gaussian,0.10000000,1,0.92560023,0
Arnold_Schwarzenegger,gaussian,0.20000000,0,nan,1
Arnold_Schwarzenegger,gaussian,0.30000000,0,nan,1
Arnold_Schwarzenegger,brightness,1.00000000,1,1.00000000,0
Arnold_Schwarzenegger,brightness,0.90000000,1,0.99908972,0
Arnold_Schwarzenegger,brightness,0.80000000,1,0.99781322,0
Arnold_Schwarzenegger,brightness,0.65000000,1,0.99439454,0
Arnold_Schwarzenegger,brightness,0.50000000,1,0.98820901,0
Arnold_Schwarzenegger,brightness,0.35000000,1,0.98078126,0
Arnold_Schwarzenegger,rotation,0.00000000,1,1.00000000,0
Arnold_Schwarzenegger,rotation,3.00000000,1,0.99218619,0
Arnold_Schwarzenegger,rotation,6.00000000,1,0.98810679,0
Arnold_Schwarzenegger,rotation,10.00000000,1,0.98532683,0
Arnold_Schwarzenegger,rotation,15.00000000,1,0.98652053,0
Arnold_Schwarzenegger,rotation,20.00000000,1,0.97983825,0
Arnold_Schwarzenegger,blur,0.00000000,1,0.99472243,0
Arnold_Schwarzenegger,blur,1.00000000,1,0.99358475,0
Arnold_Schwarzenegger,blur,2.00000000,1,0.98138595,0
Arnold_Schwarzenegger,blur,3.00000000,1,0.95151234,0
Arnold_Schwarzenegger,blur,4.00000000,1,0.90615743,0
Arnold_Schwarzenegger,blur,5.00000000,1,0.86214364,0
Arnold_Schwarzenegger,occlusion,0.00000000,1,0.99901831,0
Arnold_Schwarzenegger,occlusion,0.10000000,0,nan,1
Arnold_Schwarzenegger,occlusion,0.15000000,0,nan,1
Arnold_Schwarzenegger,occlusion,0.20000000,0,nan,1
Arnold_Schwarzenegger,occlusion,0.25000000,0,nan,1
Arnold_Schwarzenegger,occlusion,0.30000000,0,nan,1
Arnoldo_Aleman,gaussian,0.00000000,1,0.99999988,0
Arnoldo_Aleman,gaussian,0.02000000,1,0.98763144,0
Arnoldo_Aleman,gaussian,0.05000000,1,0.94915915,0
Arnoldo_Aleman,gaussian,0.10000000,1,0.88032430,0
Arnoldo_Aleman,gaussian,0.20000000,0,nan,1
Arnoldo_Aleman,gaussian,0.30000000,0,nan,1
Arnoldo_Aleman,brightness,1.00000000,1,0.99999988,0
Arnoldo_Aleman,brightness,0.90000000,1,0.99947536,0
Arnoldo_Aleman,brightness,0.80000000,1,0.99835449,0
Arnoldo_Aleman,brightness,0.65000000,1,0.99543858,0
Arnoldo_Aleman,brightness,0.50000000,1,0.99110639,0
Arnoldo_Aleman,brightness,0.35000000,1,0.98438334,0
Arnoldo_Aleman,rotation,0.00000000,1,0.99999988,0
Arnoldo_Aleman,rotation,3.00000000,1,0.99628699,0
Arnoldo_Aleman,rotation,6.00000000,1,0.99522638,0
Arnoldo_Aleman,rotation,10.00000000,1,0.99443889,0
Arnoldo_Aleman,rotation,15.00000000,1,0.99484706,0
Arnoldo_Aleman,rotation,20.00000000,1,0.99429929,0
Arnoldo_Aleman,blur,0.00000000,1,0.99601579,0
Arnoldo_Aleman,blur,1.00000000,1,0.99571049,0
Arnoldo_Aleman,blur,2.00000000,1,0.97089517,0
Arnoldo_Aleman,blur,3.00000000,1,0.91761875,0
Arnoldo_Aleman,blur,4.00000000,1,0.81900024,0
Arnoldo_Aleman,blur,5.00000000,1,0.71703613,0
Arnoldo_Aleman,occlusion,0.00000000,1,0.99920952,0
Arnoldo_Aleman,occlusion,0.10000000,0,0.05721792,0
Arnoldo_Aleman,occlusion,0.15000000,0,0.05838525,0
Arnoldo_Aleman,occlusion,0.20000000,0,0.05763586,0
Arnoldo_Aleman,occlusion,0.25000000,0,0.06078444,0
Arnoldo_Aleman,occlusion,0.30000000,0,0.05222264,0
Ashanti,gaussian,0.00000000,1,1.00000000,0
Ashanti,gaussian,0.02000000,1,0.98643029,0
Ashanti,gaussian,0.05000000,1,0.92903012,0
Ashanti,gaussian,0.10000000,0,0.84582305,0
Ashanti,gaussian,0.20000000,0,nan,1
Ashanti,gaussian,0.30000000,0,nan,1
Ashanti,brightness,1.00000000,1,1.00000000,0
Ashanti,brightness,0.90000000,1,0.99926555,0
Ashanti,brightness,0.80000000,1,0.99736774,0
Ashanti,brightness,0.65000000,1,0.99282980,0
Ashanti,brightness,0.50000000,1,0.98850036,0
Ashanti,brightness,0.35000000,1,0.97825563,0
Ashanti,rotation,0.00000000,1,1.00000000,0
Ashanti,rotation,3.00000000,1,0.99533820,0
Ashanti,rotation,6.00000000,1,0.99520558,0
Ashanti,rotation,10.00000000,1,0.99528974,0
Ashanti,rotation,15.00000000,1,0.99459279,0
Ashanti,rotation,20.00000000,1,0.98970884,0
Ashanti,blur,0.00000000,1,0.99220896,0
Ashanti,blur,1.00000000,1,0.99089789,0
Ashanti,blur,2.00000000,1,0.94864231,0
Ashanti,blur,3.00000000,0,0.88036609,0
Ashanti,blur,4.00000000,0,0.77345848,0
Ashanti,blur,5.00000000,0,0.66083705,0
Ashanti,occlusion,0.00000000,1,0.99799228,0
Ashanti,occlusion,0.10000000,0,0.14453694,0
Ashanti,occlusion,0.15000000,0,nan,1
Ashanti,occlusion,0.20000000,0,nan,1
Ashanti,occlusion,0.25000000,0,nan,1
Ashanti,occlusion,0.30000000,0,nan,1
Atal_Bihari_Vajpayee,gaussian,0.00000000,1,1.00000000,0
Atal_Bihari_Vajpayee,gaussian,0.02000000,1,0.98097545,0
Atal_Bihari_Vajpayee,gaussian,0.05000000,1,0.91602570,0
Atal_Bihari_Vajpayee,gaussian,0.10000000,1,0.85419959,0
Atal_Bihari_Vajpayee,gaussian,0.20000000,0,nan,1
Atal_Bihari_Vajpayee,gaussian,0.30000000,0,nan,1
Atal_Bihari_Vajpayee,brightness,1.00000000,1,1.00000000,0
Atal_Bihari_Vajpayee,brightness,0.90000000,1,0.99935365,0
Atal_Bihari_Vajpayee,brightness,0.80000000,1,0.99779677,0
Atal_Bihari_Vajpayee,brightness,0.65000000,1,0.99541235,0
Atal_Bihari_Vajpayee,brightness,0.50000000,1,0.98905599,0
Atal_Bihari_Vajpayee,brightness,0.35000000,1,0.97545397,0
Atal_Bihari_Vajpayee,rotation,0.00000000,1,1.00000000,0
Atal_Bihari_Vajpayee,rotation,3.00000000,1,0.99710423,0
Atal_Bihari_Vajpayee,rotation,6.00000000,1,0.99672508,0
Atal_Bihari_Vajpayee,rotation,10.00000000,1,0.99592829,0
Atal_Bihari_Vajpayee,rotation,15.00000000,1,0.99636120,0
Atal_Bihari_Vajpayee,rotation,20.00000000,1,0.99212557,0
Atal_Bihari_Vajpayee,blur,0.00000000,1,0.99366808,0
Atal_Bihari_Vajpayee,blur,1.00000000,1,0.99267501,0
Atal_Bihari_Vajpayee,blur,2.00000000,1,0.93172169,0
Atal_Bihari_Vajpayee,blur,3.00000000,1,0.85000235,0
Atal_Bihari_Vajpayee,blur,4.00000000,1,0.78919315,0
Atal_Bihari_Vajpayee,blur,5.00000000,1,0.70906079,0
Atal_Bihari_Vajpayee,occlusion,0.00000000,1,0.99658942,0
Atal_Bihari_Vajpayee,occlusion,0.10000000,0,nan,1
Atal_Bihari_Vajpayee,occlusion,0.15000000,0,nan,1
Atal_Bihari_Vajpayee,occlusion,0.20000000,0,nan,1
Atal_Bihari_Vajpayee,occlusion,0.25000000,0,nan,1
Atal_Bihari_Vajpayee,occlusion,0.30000000,0,nan,1
Ben_Affleck,gaussian,0.00000000,1,1.00000000,0
Ben_Affleck,gaussian,0.02000000,1,0.98350024,0
Ben_Affleck,gaussian,0.05000000,1,0.94358134,0
Ben_Affleck,gaussian,0.10000000,1,0.88199133,0
Ben_Affleck,gaussian,0.20000000,0,nan,1
Ben_Affleck,gaussian,0.30000000,0,nan,1
Ben_Affleck,brightness,1.00000000,1,1.00000000,0
Ben_Affleck,brightness,0.90000000,1,0.99922806,0
Ben_Affleck,brightness,0.80000000,1,0.99772841,0
Ben_Affleck,brightness,0.65000000,1,0.99471831,0
Ben_Affleck,brightness,0.50000000,1,0.98929799,0
Ben_Affleck,brightness,0.35000000,1,0.98049372,0
Ben_Affleck,rotation,0.00000000,1,1.00000000,0
Ben_Affleck,rotation,3.00000000,1,0.99786246,0
Ben_Affleck,rotation,6.00000000,1,0.99815869,0
Ben_Affleck,rotation,10.00000000,1,0.99812973,0
Ben_Affleck,rotation,15.00000000,1,0.99725819,0
Ben_Affleck,rotation,20.00000000,1,0.99243200,0
Ben_Affleck,blur,0.00000000,1,0.99542379,0
Ben_Affleck,blur,1.00000000,1,0.99459559,0
Ben_Affleck,blur,2.00000000,1,0.96234608,0
Ben_Affleck,blur,3.00000000,1,0.89686787,0
Ben_Affleck,blur,4.00000000,0,0.77535713,0
Ben_Affleck,blur,5.00000000,0,0.65698481,0
Ben_Affleck,occlusion,0.00000000,1,0.99811840,0
Ben_Affleck,occlusion,0.10000000,0,nan,1
Ben_Affleck,occlusion,0.15000000,0,nan,1
Ben_Affleck,occlusion,0.20000000,0,nan,1
Ben_Affleck,occlusion,0.25000000,0,nan,1
Ben_Affleck,occlusion,0.30000000,0,nan,1
Benazir_Bhutto,gaussian,0.00000000,1,1.00000000,0
Benazir_Bhutto,gaussian,0.02000000,1,0.98158234,0
Benazir_Bhutto,gaussian,0.05000000,1,0.92668152,0
Benazir_Bhutto,gaussian,0.10000000,1,0.82564092,0
Benazir_Bhutto,gaussian,0.20000000,0,nan,1
Benazir_Bhutto,gaussian,0.30000000,0,nan,1
Benazir_Bhutto,brightness,1.00000000,1,1.00000000,0
Benazir_Bhutto,brightness,0.90000000,1,0.99939919,0
Benazir_Bhutto,brightness,0.80000000,1,0.99852216,0
Benazir_Bhutto,brightness,0.65000000,1,0.99468607,0
Benazir_Bhutto,brightness,0.50000000,1,0.98735797,0
Benazir_Bhutto,brightness,0.35000000,1,0.97595817,0
Benazir_Bhutto,rotation,0.00000000,1,1.00000000,0
Benazir_Bhutto,rotation,3.00000000,1,0.99729228,0
Benazir_Bhutto,rotation,6.00000000,1,0.99563676,0
Benazir_Bhutto,rotation,10.00000000,1,0.99279028,0
Benazir_Bhutto,rotation,15.00000000,1,0.99390608,0
Benazir_Bhutto,rotation,20.00000000,1,0.99404687,0
Benazir_Bhutto,blur,0.00000000,1,0.99289602,0
Benazir_Bhutto,blur,1.00000000,1,0.99178070,0
Benazir_Bhutto,blur,2.00000000,1,0.94192374,0
Benazir_Bhutto,blur,3.00000000,1,0.85580063,0
Benazir_Bhutto,blur,4.00000000,1,0.73954439,0
Benazir_Bhutto,blur,5.00000000,0,0.61731601,0
Benazir_Bhutto,occlusion,0.00000000,1,0.99930227,0
Benazir_Bhutto,occlusion,0.10000000,0,0.35003513,0
Benazir_Bhutto,occlusion,0.15000000,0,nan,1
Benazir_Bhutto,occlusion,0.20000000,0,nan,1
Benazir_Bhutto,occlusion,0.25000000,0,nan,1
Benazir_Bhutto,occlusion,0.30000000,0,nan,1
Benjamin_Netanyahu,gaussian,0.00000000,1,1.00000000,0
Benjamin_Netanyahu,gaussian,0.02000000,1,0.99185616,0
Benjamin_Netanyahu,gaussian,0.05000000,1,0.95251322,0
Benjamin_Netanyahu,gaussian,0.10000000,1,0.89441711,0
Benjamin_Netanyahu,gaussian,0.20000000,0,nan,1
Benjamin_Netanyahu,gaussian,0.30000000,0,nan,1
Benjamin_Netanyahu,brightness,1.00000000,1,1.00000000,0
Benjamin_Netanyahu,brightness,0.90000000,1,0.99944985,0
Benjamin_Netanyahu,brightness,0.80000000,1,0.99833333,0
Benjamin_Netanyahu,brightness,0.65000000,1,0.99542010,0
Benjamin_Netanyahu,brightness,0.50000000,1,0.99041212,0
Benjamin_Netanyahu,brightness,0.35000000,1,0.98197275,0
Benjamin_Netanyahu,rotation,0.00000000,1,1.00000000,0
Benjamin_Netanyahu,rotation,3.00000000,1,0.99766803,0
Benjamin_Netanyahu,rotation,6.00000000,1,0.99731040,0
Benjamin_Netanyahu,rotation,10.00000000,1,0.99602062,0
Benjamin_Netanyahu,rotation,15.00000000,1,0.99041045,0
Benjamin_Netanyahu,rotation,20.00000000,1,0.98417717,0
Benjamin_Netanyahu,blur,0.00000000,1,0.99518788,0
Benjamin_Netanyahu,blur,1.00000000,1,0.99445331,0
Benjamin_Netanyahu,blur,2.00000000,1,0.96476829,0
Benjamin_Netanyahu,blur,3.00000000,1,0.90857542,0
Benjamin_Netanyahu,blur,4.00000000,1,0.82995272,0
Benjamin_Netanyahu,blur,5.00000000,0,0.74347454,0
Benjamin_Netanyahu,occlusion,0.00000000,1,0.99848926,0
Benjamin_Netanyahu,occlusion,0.10000000,0,0.45527303,0
Benjamin_Netanyahu,occlusion,0.15000000,0,0.05111942,0
Benjamin_Netanyahu,occlusion,0.20000000,0,0.05268846,0
Benjamin_Netanyahu,occlusion,0.25000000,0,0.05428543,0
Benjamin_Netanyahu,occlusion,0.30000000,0,0.06000771,0
Bernard_Law,gaussian,0.00000000,1,0.99999994,0
Bernard_Law,gaussian,0.02000000,1,0.98964542,0
Bernard_Law,gaussian,0.05000000,1,0.95501053,0
Bernard_Law,gaussian,0.10000000,1,0.85984123,0
Bernard_Law,gaussian,0.20000000,0,nan,1
Bernard_Law,gaussian,0.30000000,0,nan,1
Bernard_Law,brightness,1.00000000,1,0.99999994,0
Bernard_Law,brightness,0.90000000,1,0.99929202,0
Bernard_Law,brightness,0.80000000,1,0.99819672,0
Bernard_Law,brightness,0.65000000,1,0.99490702,0
Bernard_Law,brightness,0.50000000,1,0.98887998,0
Bernard_Law,brightness,0.35000000,1,0.97966683,0
Bernard_Law,rotation,0.00000000,1,0.99999994,0
Bernard_Law,rotation,3.00000000,1,0.99654388,0
Bernard_Law,rotation,6.00000000,1,0.99369526,0
Bernard_Law,rotation,10.00000000,1,0.99044478,0
Bernard_Law,rotation,15.00000000,1,0.97932386,0
Bernard_Law,rotation,20.00000000,1,0.96774203,0
Bernard_Law,blur,0.00000000,1,0.99427247,0
Bernard_Law,blur,1.00000000,1,0.99309587,0
Bernard_Law,blur,2.00000000,1,0.95383084,0
Bernard_Law,blur,3.00000000,1,0.86697936,0
Bernard_Law,blur,4.00000000,0,0.75679851,0
Bernard_Law,blur,5.00000000,0,0.62047368,0
Bernard_Law,occlusion,0.00000000,1,0.99982178,0
Bernard_Law,occlusion,0.10000000,0,nan,1
Bernard_Law,occlusion,0.15000000,0,nan,1
Bernard_Law,occlusion,0.20000000,0,nan,1
Bernard_Law,occlusion,0.25000000,0,nan,1
Bernard_Law,occlusion,0.30000000,0,nan,1
Bertie_Ahern,gaussian,0.00000000,1,0.99999988,0
Bertie_Ahern,gaussian,0.02000000,1,0.98607057,0
Bertie_Ahern,gaussian,0.05000000,1,0.94417614,0
Bertie_Ahern,gaussian,0.10000000,1,0.87877715,0
Bertie_Ahern,gaussian,0.20000000,0,nan,1
Bertie_Ahern,gaussian,0.30000000,0,nan,1
Bertie_Ahern,brightness,1.00000000,1,0.99999988,0
Bertie_Ahern,brightness,0.90000000,1,0.99909782,0
Bertie_Ahern,brightness,0.80000000,1,0.99753022,0
Bertie_Ahern,brightness,0.65000000,1,0.99364734,0
Bertie_Ahern,brightness,0.50000000,1,0.98479217,0
Bertie_Ahern,brightness,0.35000000,1,0.96161449,0
Bertie_Ahern,rotation,0.00000000,1,0.99999988,0
Bertie_Ahern,rotation,3.00000000,1,0.99569529,0
Bertie_Ahern,rotation,6.00000000,1,0.99573731,0
Bertie_Ahern,rotation,10.00000000,1,0.99434155,0
Bertie_Ahern,rotation,15.00000000,1,0.99106419,0
Bertie_Ahern,rotation,20.00000000,1,0.98986834,0
Bertie_Ahern,blur,0.00000000,1,0.99116123,0
Bertie_Ahern,blur,1.00000000,1,0.98928893,0
Bertie_Ahern,blur,2.00000000,1,0.94949776,0
Bertie_Ahern,blur,3.00000000,1,0.88956213,0
Bertie_Ahern,blur,4.00000000,1,0.80540782,0
Bertie_Ahern,blur,5.00000000,1,0.73098511,0
Bertie_Ahern,occlusion,0.00000000,1,0.99913627,0
Bertie_Ahern,occlusion,0.10000000,0,0.34681433,0
Bertie_Ahern,occlusion,0.15000000,0,nan,1
Bertie_Ahern,occlusion,0.20000000,0,nan,1
Bertie_Ahern,occlusion,0.25000000,0,nan,1
Bertie_Ahern,occlusion,0.30000000,0,nan,1
Bill_Clinton,gaussian,0.00000000,1,1.00000000,0
Bill_Clinton,gaussian,0.02000000,1,0.98954457,0
Bill_Clinton,gaussian,0.05000000,1,0.94580591,0
Bill_Clinton,gaussian,0.10000000,1,0.86046946,0
Bill_Clinton,gaussian,0.20000000,0,nan,1
Bill_Clinton,gaussian,0.30000000,0,nan,1
Bill_Clinton,brightness,1.00000000,1,1.00000000,0
Bill_Clinton,brightness,0.90000000,1,0.99939656,0
Bill_Clinton,brightness,0.80000000,1,0.99840081,0
Bill_Clinton,brightness,0.65000000,1,0.99591923,0
Bill_Clinton,brightness,0.50000000,1,0.98838174,0
Bill_Clinton,brightness,0.35000000,1,0.97883379,0
Bill_Clinton,rotation,0.00000000,1,1.00000000,0
Bill_Clinton,rotation,3.00000000,1,0.99763286,0
Bill_Clinton,rotation,6.00000000,1,0.99722290,0
Bill_Clinton,rotation,10.00000000,1,0.99731368,0
Bill_Clinton,rotation,15.00000000,1,0.99548054,0
Bill_Clinton,rotation,20.00000000,1,0.99416113,0
Bill_Clinton,blur,0.00000000,1,0.99679530,0
Bill_Clinton,blur,1.00000000,1,0.99594331,0
Bill_Clinton,blur,2.00000000,1,0.97449023,0
Bill_Clinton,blur,3.00000000,1,0.91424441,0
Bill_Clinton,blur,4.00000000,1,0.84556609,0
Bill_Clinton,blur,5.00000000,1,0.75381780,0
Bill_Clinton,occlusion,0.00000000,1,0.99858195,0
Bill_Clinton,occlusion,0.10000000,0,0.55867052,0
Bill_Clinton,occlusion,0.15000000,0,nan,1
Bill_Clinton,occlusion,0.20000000,0,nan,1
Bill_Clinton,occlusion,0.25000000,0,nan,1
Bill_Clinton,occlusion,0.30000000,0,nan,1
Bill_Frist,gaussian,0.00000000,1,1.00000000,0
Bill_Frist,gaussian,0.02000000,1,0.98766768,0
Bill_Frist,gaussian,0.05000000,1,0.96152782,0
Bill_Frist,gaussian,0.10000000,1,0.90564346,0
Bill_Frist,gaussian,0.20000000,0,nan,1
Bill_Frist,gaussian,0.30000000,0,nan,1
Bill_Frist,brightness,1.00000000,1,1.00000000,0
Bill_Frist,brightness,0.90000000,1,0.99891979,0
Bill_Frist,brightness,0.80000000,1,0.99680936,0
Bill_Frist,brightness,0.65000000,1,0.99388731,0
Bill_Frist,brightness,0.50000000,1,0.98866814,0
Bill_Frist,brightness,0.35000000,1,0.98092866,0
Bill_Frist,rotation,0.00000000,1,1.00000000,0
Bill_Frist,rotation,3.00000000,1,0.99733126,0
Bill_Frist,rotation,6.00000000,1,0.99647367,0
Bill_Frist,rotation,10.00000000,1,0.99507165,0
Bill_Frist,rotation,15.00000000,1,0.99464333,0
Bill_Frist,rotation,20.00000000,1,0.99215168,0
Bill_Frist,blur,0.00000000,1,0.99564469,0
Bill_Frist,blur,1.00000000,1,0.99465203,0
Bill_Frist,blur,2.00000000,1,0.96889699,0
Bill_Frist,blur,3.00000000,1,0.89699548,0
Bill_Frist,blur,4.00000000,1,0.79754454,0
Bill_Frist,blur,5.00000000,1,0.68424571,0
Bill_Frist,occlusion,0.00000000,1,0.99865377,0
Bill_Frist,occlusion,0.10000000,0,0.49973515,0
Bill_Frist,occlusion,0.15000000,0,nan,1
Bill_Frist,occlusion,0.20000000,0,nan,1
Bill_Frist,occlusion,0.25000000,0,nan,1
Bill_Frist,occlusion,0.30000000,0,nan,1
Bill_Gates,gaussian,0.00000000,1,1.00000012,0
Bill_Gates,gaussian,0.02000000,1,0.98771751,0
Bill_Gates,gaussian,0.05000000,1,0.93337178,0
Bill_Gates,gaussian,0.10000000,0,0.83480477,0
Bill_Gates,gaussian,0.20000000,0,nan,1
Bill_Gates,gaussian,0.30000000,0,nan,1
Bill_Gates,brightness,1.00000000,1,1.00000012,0
Bill_Gates,brightness,0.90000000,1,0.99905282,0
Bill_Gates,brightness,0.80000000,1,0.99733627,0
Bill_Gates,brightness,0.65000000,1,0.99258161,0
Bill_Gates,brightness,0.50000000,1,0.98401374,0
Bill_Gates,brightness,0.35000000,1,0.96880406,0
Bill_Gates,rotation,0.00000000,1,1.00000012,0
Bill_Gates,rotation,3.00000000,1,0.99677461,0
Bill_Gates,rotation,6.00000000,1,0.99554032,0
Bill_Gates,rotation,10.00000000,1,0.99481142,0
Bill_Gates,rotation,15.00000000,1,0.99222863,0
Bill_Gates,rotation,20.00000000,1,0.99069238,0
Bill_Gates,blur,0.00000000,1,0.99191439,0
Bill_Gates,blur,1.00000000,1,0.99105388,0
Bill_Gates,blur,2.00000000,1,0.95814097,0
Bill_Gates,blur,3.00000000,1,0.86896729,0
Bill_Gates,blur,4.00000000,0,0.75665498,0
Bill_Gates,blur,5.00000000,0,0.66145587,0
Bill_Gates,occlusion,0.00000000,1,0.98915482,0
Bill_Gates,occlusion,0.10000000,0,nan,1
Bill_Gates,occlusion,0.15000000,0,nan,1
Bill_Gates,occlusion,0.20000000,0,nan,1
Bill_Gates,occlusion,0.25000000,0,nan,1
Bill_Gates,occlusion,0.30000000,0,nan,1
Bill_Graham,gaussian,0.00000000,1,1.00000000,0
Bill_Graham,gaussian,0.02000000,1,0.98893231,0
Bill_Graham,gaussian,0.05000000,1,0.95189989,0
Bill_Graham,gaussian,0.10000000,1,0.87440515,0
Bill_Graham,gaussian,0.20000000,0,nan,1
Bill_Graham,gaussian,0.30000000,0,nan,1
Bill_Graham,brightness,1.00000000,1,1.00000000,0
Bill_Graham,brightness,0.90000000,1,0.99817878,0
Bill_Graham,brightness,0.80000000,1,0.99537987,0
Bill_Graham,brightness,0.65000000,1,0.98912728,0
Bill_Graham,brightness,0.50000000,1,0.98052216,0
Bill_Graham,brightness,0.35000000,1,0.96854174,0
Bill_Graham,rotation,0.00000000,1,1.00000000,0
Bill_Graham,rotation,3.00000000,1,0.99689680,0
Bill_Graham,rotation,6.00000000,1,0.99810141,0
Bill_Graham,rotation,10.00000000,1,0.99593055,0
Bill_Graham,rotation,15.00000000,1,0.99532318,0
Bill_Graham,rotation,20.00000000,1,0.99077773,0
Bill_Graham,blur,0.00000000,1,0.98990846,0
Bill_Graham,blur,1.00000000,1,0.98807728,0
Bill_Graham,blur,2.00000000,1,0.94662762,0
Bill_Graham,blur,3.00000000,1,0.88673472,0
Bill_Graham,blur,4.00000000,1,0.80332029,0
Bill_Graham,blur,5.00000000,0,0.69578421,0
Bill_Graham,occlusion,0.00000000,1,0.99839103,0
Bill_Graham,occlusion,0.10000000,0,nan,1
Bill_Graham,occlusion,0.15000000,0,nan,1
Bill_Graham,occlusion,0.20000000,0,nan,1
Bill_Graham,occlusion,0.25000000,0,nan,1
Bill_Graham,occlusion,0.30000000,0,nan,1
Bill_McBride,gaussian,0.00000000,1,1.00000012,0
Bill_McBride,gaussian,0.02000000,1,0.99236691,0
Bill_McBride,gaussian,0.05000000,1,0.95621681,0
Bill_McBride,gaussian,0.10000000,1,0.89296770,0
Bill_McBride,gaussian,0.20000000,0,nan,1
Bill_McBride,gaussian,0.30000000,0,nan,1
Bill_McBride,brightness,1.00000000,1,1.00000012,0
Bill_McBride,brightness,0.90000000,1,0.99951828,0
Bill_McBride,brightness,0.80000000,1,0.99856210,0
Bill_McBride,brightness,0.65000000,1,0.99638313,0
Bill_McBride,brightness,0.50000000,1,0.99205160,0
Bill_McBride,brightness,0.35000000,1,0.98583484,0
Bill_McBride,rotation,0.00000000,1,1.00000012,0
Bill_McBride,rotation,3.00000000,1,0.99674821,0
Bill_McBride,rotation,6.00000000,1,0.99634784,0
Bill_McBride,rotation,10.00000000,1,0.99726903,0
Bill_McBride,rotation,15.00000000,1,0.99439514,0
Bill_McBride,rotation,20.00000000,1,0.99121290,0
Bill_McBride,blur,0.00000000,1,0.99538743,0
Bill_McBride,blur,1.00000000,1,0.99421692,0
Bill_McBride,blur,2.00000000,1,0.96963418,0
Bill_McBride,blur,3.00000000,1,0.90698195,0
Bill_McBride,blur,4.00000000,1,0.82109094,0
Bill_McBride,blur,5.00000000,1,0.74654865,0
Bill_McBride,occlusion,0.00000000,1,0.99896407,0
Bill_McBride,occlusion,0.10000000,0,0.37022927,0
Bill_McBride,occlusion,0.15000000,0,nan,1
Bill_McBride,occlusion,0.20000000,0,nan,1
Bill_McBride,occlusion,0.25000000,0,nan,1
Bill_McBride,occlusion,0.30000000,0,nan,1
Bill_Simon,gaussian,0.00000000,1,1.00000000,0
Bill_Simon,gaussian,0.02000000,1,0.98957127,0
Bill_Simon,gaussian,0.05000000,1,0.97013736,0
Bill_Simon,gaussian,0.10000000,1,0.92128772,0
Bill_Simon,gaussian,0.20000000,0,nan,1
Bill_Simon,gaussian,0.30000000,0,nan,1
Bill_Simon,brightness,1.00000000,1,1.00000000,0
Bill_Simon,brightness,0.90000000,1,0.99963784,0
Bill_Simon,brightness,0.80000000,1,0.99866843,0
Bill_Simon,brightness,0.65000000,1,0.99539471,0
Bill_Simon,brightness,0.50000000,1,0.98956692,0
Bill_Simon,brightness,0.35000000,1,0.98153961,0
Bill_Simon,rotation,0.00000000,1,1.00000000,0
Bill_Simon,rotation,3.00000000,1,0.99389756,0
Bill_Simon,rotation,6.00000000,1,0.99325114,0
Bill_Simon,rotation,10.00000000,1,0.99387693,0
Bill_Simon,rotation,15.00000000,1,0.99335378,0
Bill_Simon,rotation,20.00000000,1,0.98826182,0
Bill_Simon,blur,0.00000000,1,0.99362510,0
Bill_Simon,blur,1.00000000,1,0.99229777,0
Bill_Simon,blur,2.00000000,1,0.96058047,0
Bill_Simon,blur,3.00000000,1,0.91025448,0
Bill_Simon,blur,4.00000000,1,0.80974770,0
Bill_Simon,blur,5.00000000,1,0.72738457,0
Bill_Simon,occlusion,0.00000000,1,0.99493885,0
Bill_Simon,occlusion,0.10000000,0,0.45982197,0
Bill_Simon,occlusion,0.15000000,0,0.17999732,0
Bill_Simon,occlusion,0.20000000,0,nan,1
Bill_Simon,occlusion,0.25000000,0,nan,1
Bill_Simon,occlusion,0.30000000,0,nan,1
Billy_Crystal,gaussian,0.00000000,1,1.00000000,0
Billy_Crystal,gaussian,0.02000000,1,0.99024487,0
Billy_Crystal,gaussian,0.05000000,1,0.95777845,0
Billy_Crystal,gaussian,0.10000000,1,0.85385889,0
Billy_Crystal,gaussian,0.20000000,0,nan,1
Billy_Crystal,gaussian,0.30000000,0,nan,1
Billy_Crystal,brightness,1.00000000,1,1.00000000,0
Billy_Crystal,brightness,0.90000000,1,0.99945068,0
Billy_Crystal,brightness,0.80000000,1,0.99817812,0
Billy_Crystal,brightness,0.65000000,1,0.99499214,0
Billy_Crystal,brightness,0.50000000,1,0.98613197,0
Billy_Crystal,brightness,0.35000000,1,0.97308016,0
Billy_Crystal,rotation,0.00000000,1,1.00000000,0
Billy_Crystal,rotation,3.00000000,1,0.99414939,0
Billy_Crystal,rotation,6.00000000,1,0.99191451,0
Billy_Crystal,rotation,10.00000000,1,0.99426180,0
Billy_Crystal,rotation,15.00000000,1,0.99402773,0
Billy_Crystal,rotation,20.00000000,1,0.99614400,0
Billy_Crystal,blur,0.00000000,1,0.99081695,0
Billy_Crystal,blur,1.00000000,1,0.98903883,0
Billy_Crystal,blur,2.00000000,1,0.90221351,0
Billy_Crystal,blur,3.00000000,1,0.79550368,0
Billy_Crystal,blur,4.00000000,0,0.70352292,0
Billy_Crystal,blur,5.00000000,0,0.64381719,0
Billy_Crystal,occlusion,0.00000000,1,0.99900651,0
Billy_Crystal,occlusion,0.10000000,0,0.26163715,0
Billy_Crystal,occlusion,0.15000000,0,nan,1
Billy_Crystal,occlusion,0.20000000,0,nan,1
Billy_Crystal,occlusion,0.25000000,0,nan,1
Billy_Crystal,occlusion,0.30000000,0,nan,1
Binyamin_Ben-Eliezer,gaussian,0.00000000,1,1.00000000,0
Binyamin_Ben-Eliezer,gaussian,0.02000000,1,0.98975182,0
Binyamin_Ben-Eliezer,gaussian,0.05000000,1,0.95904529,0
Binyamin_Ben-Eliezer,gaussian,0.10000000,1,0.89721721,0
Binyamin_Ben-Eliezer,gaussian,0.20000000,0,nan,1
Binyamin_Ben-Eliezer,gaussian,0.30000000,0,nan,1
Binyamin_Ben-Eliezer,brightness,1.00000000,1,1.00000000,0
Binyamin_Ben-Eliezer,brightness,0.90000000,1,0.99910372,0
Binyamin_Ben-Eliezer,brightness,0.80000000,1,0.99768466,0
Binyamin_Ben-Eliezer,brightness,0.65000000,1,0.99546754,0
Binyamin_Ben-Eliezer,brightness,0.50000000,1,0.99056000,0
Binyamin_Ben-Eliezer,brightness,0.35000000,1,0.98469526,0
Binyamin_Ben-Eliezer,rotation,0.00000000,1,1.00000000,0
Binyamin_Ben-Eliezer,rotation,3.00000000,1,0.99595338,0
Binyamin_Ben-Eliezer,rotation,6.00000000,1,0.99458760,0
Binyamin_Ben-Eliezer,rotation,10.00000000,1,0.99546248,0
Binyamin_Ben-Eliezer,rotation,15.00000000,1,0.99329495,0
Binyamin_Ben-Eliezer,rotation,20.00000000,1,0.98410881,0
Binyamin_Ben-Eliezer,blur,0.00000000,1,0.99636149,0
Binyamin_Ben-Eliezer,blur,1.00000000,1,0.99591690,0
Binyamin_Ben-Eliezer,blur,2.00000000,1,0.97508848,0
Binyamin_Ben-Eliezer,blur,3.00000000,1,0.92928970,0
Binyamin_Ben-Eliezer,blur,4.00000000,1,0.86919558,0
Binyamin_Ben-Eliezer,blur,5.00000000,1,0.79501760,0
Binyamin_Ben-Eliezer,occlusion,0.00000000,1,0.99945641,0
Binyamin_Ben-Eliezer,occlusion,0.10000000,0,0.39169082,0
Binyamin_Ben-Eliezer,occlusion,0.15000000,0,0.03956633,0
Binyamin_Ben-Eliezer,occlusion,0.20000000,0,0.04128537,0
Binyamin_Ben-Eliezer,occlusion,0.25000000,0,0.05691433,0
Binyamin_Ben-Eliezer,occlusion,0.30000000,0,nan,1
Bob_Graham,gaussian,0.00000000,1,1.00000012,0
Bob_Graham,gaussian,0.02000000,1,0.98894757,0
Bob_Graham,gaussian,0.05000000,1,0.95202065,0
Bob_Graham,gaussian,0.10000000,1,0.87113130,0
Bob_Graham,gaussian,0.20000000,0,nan,1
Bob_Graham,gaussian,0.30000000,0,nan,1
Bob_Graham,brightness,1.00000000,1,1.00000012,0
Bob_Graham,brightness,0.90000000,1,0.99946558,0
Bob_Graham,brightness,0.80000000,1,0.99835956,0
Bob_Graham,brightness,0.65000000,1,0.99557841,0
Bob_Graham,brightness,0.50000000,1,0.99165207,0
Bob_Graham,brightness,0.35000000,1,0.98365360,0
Bob_Graham,rotation,0.00000000,1,1.00000012,0
Bob_Graham,rotation,3.00000000,1,0.99818629,0
Bob_Graham,rotation,6.00000000,1,0.99744534,0
Bob_Graham,rotation,10.00000000,1,0.99562502,0
Bob_Graham,rotation,15.00000000,1,0.99512148,0
Bob_Graham,rotation,20.00000000,1,0.99107265,0
Bob_Graham,blur,0.00000000,1,0.99630845,0
Bob_Graham,blur,1.00000000,1,0.99553144,0
Bob_Graham,blur,2.00000000,1,0.96830225,0
Bob_Graham,blur,3.00000000,1,0.90256596,0
Bob_Graham,blur,4.00000000,1,0.81923133,0
Bob_Graham,blur,5.00000000,1,0.71920598,0
Bob_Graham,occlusion,0.00000000,1,0.99882817,0
Bob_Graham,occlusion,0.10000000,0,0.08018318,0
Bob_Graham,occlusion,0.15000000,0,0.08052397,0
Bob_Graham,occlusion,0.20000000,0,0.08149593,0
Bob_Graham,occlusion,0.25000000,0,0.07986088,0
Bob_Graham,occlusion,0.30000000,0,0.08065791,0
Bob_Hope,gaussian,0.00000000,1,1.00000000,0
Bob_Hope,gaussian,0.02000000,1,0.98214537,0
Bob_Hope,gaussian,0.05000000,1,0.94549388,0
Bob_Hope,gaussian,0.10000000,0,0.85640776,0
Bob_Hope,gaussian,0.20000000,0,nan,1
Bob_Hope,gaussian,0.30000000,0,nan,1
Bob_Hope,brightness,1.00000000,1,1.00000000,0
Bob_Hope,brightness,0.90000000,1,0.99799430,0
Bob_Hope,brightness,0.80000000,1,0.99496102,0
Bob_Hope,brightness,0.65000000,1,0.98768294,0
Bob_Hope,brightness,0.50000000,1,0.97857034,0
Bob_Hope,brightness,0.35000000,1,0.97120035,0
Bob_Hope,rotation,0.00000000,1,1.00000000,0
Bob_Hope,rotation,3.00000000,1,0.99696106,0
Bob_Hope,rotation,6.00000000,1,0.99263775,0
Bob_Hope,rotation,10.00000000,1,0.98783088,0
Bob_Hope,rotation,15.00000000,1,0.98231435,0
Bob_Hope,rotation,20.00000000,1,0.98259956,0
Bob_Hope,blur,0.00000000,1,0.99621618,0
Bob_Hope,blur,1.00000000,1,0.99538672,0
Bob_Hope,blur,2.00000000,1,0.97458035,0
Bob_Hope,blur,3.00000000,1,0.92334330,0
Bob_Hope,blur,4.00000000,1,0.85891938,0
Bob_Hope,blur,5.00000000,0,0.77197218,0
Bob_Hope,occlusion,0.00000000,1,0.99858701,0
Bob_Hope,occlusion,0.10000000,0,nan,1
Bob_Hope,occlusion,0.15000000,0,nan,1
Bob_Hope,occlusion,0.20000000,0,nan,1
Bob_Hope,occlusion,0.25000000,0,nan,1
Bob_Hope,occlusion,0.30000000,0,nan,1
Bob_Stoops,gaussian,0.00000000,1,0.99999988,0
Bob_Stoops,gaussian,0.02000000,1,0.97995293,0
Bob_Stoops,gaussian,0.05000000,1,0.92482722,0
Bob_Stoops,gaussian,0.10000000,0,0.76769865,0
Bob_Stoops,gaussian,0.20000000,0,nan,1
Bob_Stoops,gaussian,0.30000000,0,nan,1
Bob_Stoops,brightness,1.00000000,1,0.99999988,0
Bob_Stoops,brightness,0.90000000,1,0.99931061,0
Bob_Stoops,brightness,0.80000000,1,0.99776751,0
Bob_Stoops,brightness,0.65000000,1,0.99229515,0
Bob_Stoops,brightness,0.50000000,1,0.98664629,0
Bob_Stoops,brightness,0.35000000,1,0.97685152,0
Bob_Stoops,rotation,0.00000000,1,0.99999988,0
Bob_Stoops,rotation,3.00000000,1,0.99718165,0
Bob_Stoops,rotation,6.00000000,1,0.99636137,0
Bob_Stoops,rotation,10.00000000,1,0.99528146,0
Bob_Stoops,rotation,15.00000000,1,0.98966193,0
Bob_Stoops,rotation,20.00000000,1,0.98892617,0
Bob_Stoops,blur,0.00000000,1,0.99265748,0
Bob_Stoops,blur,1.00000000,1,0.99145174,0
Bob_Stoops,blur,2.00000000,1,0.95011401,0
Bob_Stoops,blur,3.00000000,1,0.87100750,0
Bob_Stoops,blur,4.00000000,1,0.77279973,0
Bob_Stoops,blur,5.00000000,0,0.62222040,0
Bob_Stoops,occlusion,0.00000000,1,0.99831945,0
Bob_Stoops,occlusion,0.10000000,0,0.31174374,0
Bob_Stoops,occlusion,0.15000000,0,nan,1
Bob_Stoops,occlusion,0.20000000,0,nan,1
Bob_Stoops,occlusion,0.25000000,0,nan,1
Bob_Stoops,occlusion,0.30000000,0,nan,1
Boris_Becker,gaussian,0.00000000,1,0.99999988,0
Boris_Becker,gaussian,0.02000000,1,0.98939967,0
Boris_Becker,gaussian,0.05000000,1,0.93751031,0
Boris_Becker,gaussian,0.10000000,1,0.85490316,0
Boris_Becker,gaussian,0.20000000,0,nan,1
Boris_Becker,gaussian,0.30000000,0,nan,1
Boris_Becker,brightness,1.00000000,1,0.99999988,0
Boris_Becker,brightness,0.90000000,1,0.99934846,0
Boris_Becker,brightness,0.80000000,1,0.99781394,0
Boris_Becker,brightness,0.65000000,1,0.99416256,0
Boris_Becker,brightness,0.50000000,1,0.98867702,0
Boris_Becker,brightness,0.35000000,1,0.97665566,0
Boris_Becker,rotation,0.00000000,1,0.99999988,0
Boris_Becker,rotation,3.00000000,1,0.99796504,0
Boris_Becker,rotation,6.00000000,1,0.99641299,0
Boris_Becker,rotation,10.00000000,1,0.99263817,0
Boris_Becker,rotation,15.00000000,1,0.98938757,0
Boris_Becker,rotation,20.00000000,1,0.98311639,0
Boris_Becker,blur,0.00000000,1,0.99343944,0
Boris_Becker,blur,1.00000000,1,0.99198556,0
Boris_Becker,blur,2.00000000,1,0.95924342,0
Boris_Becker,blur,3.00000000,1,0.89692438,0
Boris_Becker,blur,4.00000000,1,0.79323423,0
Boris_Becker,blur,5.00000000,0,0.71661341,0
Boris_Becker,occlusion,0.00000000,1,0.99954855,0
Boris_Becker,occlusion,0.10000000,0,0.02593280,0
Boris_Becker,occlusion,0.15000000,0,0.02717667,0
Boris_Becker,occlusion,0.20000000,0,0.02621998,0
Boris_Becker,occlusion,0.25000000,0,0.01602542,0
Boris_Becker,occlusion,0.30000000,0,0.00050137,0
Brad_Johnson,gaussian,0.00000000,1,0.99999994,0
Brad_Johnson,gaussian,0.02000000,1,0.98287833,0
Brad_Johnson,gaussian,0.05000000,1,0.94773501,0
Brad_Johnson,gaussian,0.10000000,0,0.85217637,0
Brad_Johnson,gaussian,0.20000000,0,nan,1
Brad_Johnson,gaussian,0.30000000,0,nan,1
Brad_Johnson,brightness,1.00000000,1,0.99999994,0
Brad_Johnson,brightness,0.90000000,1,0.99936014,0
Brad_Johnson,brightness,0.80000000,1,0.99821198,0
Brad_Johnson,brightness,0.65000000,1,0.99544978,0
Brad_Johnson,brightness,0.50000000,1,0.98987734,0
Brad_Johnson,brightness,0.35000000,1,0.97827095,0
Brad_Johnson,rotation,0.00000000,1,0.99999994,0
Brad_Johnson,rotation,3.00000000,1,0.99837232,0
Brad_Johnson,rotation,6.00000000,1,0.99802387,0
Brad_Johnson,rotation,10.00000000,1,0.99562371,0
Brad_Johnson,rotation,15.00000000,1,0.99310899,0
Brad_Johnson,rotation,20.00000000,1,0.99027061,0
Brad_Johnson,blur,0.00000000,1,0.99615514,0
Brad_Johnson,blur,1.00000000,1,0.99559045,0
Brad_Johnson,blur,2.00000000,1,0.97176278,0
Brad_Johnson,blur,3.00000000,1,0.92286456,0
Brad_Johnson,blur,4.00000000,1,0.84782290,0
Brad_Johnson,blur,5.00000000,1,0.75499880,0
Brad_Johnson,occlusion,0.00000000,1,0.99903250,0
Brad_Johnson,occlusion,0.10000000,0,0.33859769,0
Brad_Johnson,occlusion,0.15000000,0,nan,1
Brad_Johnson,occlusion,0.20000000,0,nan,1
Brad_Johnson,occlusion,0.25000000,0,nan,1
Brad_Johnson,occlusion,0.30000000,0,nan,1
Britney_Spears,gaussian,0.00000000,1,1.00000000,0
Britney_Spears,gaussian,0.02000000,1,0.98239982,0
Britney_Spears,gaussian,0.05000000,1,0.91830766,0
Britney_Spears,gaussian,0.10000000,1,0.79147339,0
Britney_Spears,gaussian,0.20000000,0,nan,1
Britney_Spears,gaussian,0.30000000,0,nan,1
Britney_Spears,brightness,1.00000000,1,1.00000000,0
Britney_Spears,brightness,0.90000000,1,0.99894142,0
Britney_Spears,brightness,0.80000000,1,0.99645168,0
Britney_Spears,brightness,0.65000000,1,0.98872906,0
Britney_Spears,brightness,0.50000000,1,0.97968817,0
Britney_Spears,brightness,0.35000000,1,0.96629608,0
Britney_Spears,rotation,0.00000000,1,1.00000000,0
Britney_Spears,rotation,3.00000000,1,0.99657625,0
Britney_Spears,rotation,6.00000000,1,0.99624622,0
Britney_Spears,rotation,10.00000000,1,0.99497259,0
Britney_Spears,rotation,15.00000000,1,0.98827899,0
Britney_Spears,rotation,20.00000000,1,0.98122489,0
Britney_Spears,blur,0.00000000,1,0.99435359,0
Britney_Spears,blur,1.00000000,1,0.99285835,0
Britney_Spears,blur,2.00000000,1,0.95688921,0
Britney_Spears,blur,3.00000000,1,0.87562716,0
Britney_Spears,blur,4.00000000,1,0.74113190,0
Britney_Spears,blur,5.00000000,1,0.61097759,0
Britney_Spears,occlusion,0.00000000,1,0.99568409,0
Britney_Spears,occlusion,0.10000000,0,0.30570972,0
Britney_Spears,occlusion,0.15000000,0,nan,1
Britney_Spears,occlusion,0.20000000,0,nan,1
Britney_Spears,occlusion,0.25000000,0,nan,1
Britney_Spears,occlusion,0.30000000,0,nan,1
Bulent_Ecevit,gaussian,0.00000000,1,1.00000000,0
Bulent_Ecevit,gaussian,0.02000000,1,0.99351394,0
Bulent_Ecevit,gaussian,0.05000000,1,0.96744645,0
Bulent_Ecevit,gaussian,0.10000000,1,0.92458022,0
Bulent_Ecevit,gaussian,0.20000000,0,nan,1
Bulent_Ecevit,gaussian,0.30000000,0,nan,1
Bulent_Ecevit,brightness,1.00000000,1,1.00000000,0
Bulent_Ecevit,brightness,0.90000000,1,0.99953860,0
Bulent_Ecevit,brightness,0.80000000,1,0.99862778,0
Bulent_Ecevit,brightness,0.65000000,1,0.99561334,0
Bulent_Ecevit,brightness,0.50000000,1,0.99147153,0
Bulent_Ecevit,brightness,0.35000000,1,0.98343712,0
Bulent_Ecevit,rotation,0.00000000,1,1.00000000,0
Bulent_Ecevit,rotation,3.00000000,1,0.99783289,0
Bulent_Ecevit,rotation,6.00000000,1,0.99741781,0
Bulent_Ecevit,rotation,10.00000000,1,0.99473625,0
Bulent_Ecevit,rotation,15.00000000,1,0.99158227,0
Bulent_Ecevit,rotation,20.00000000,1,0.99378920,0
Bulent_Ecevit,blur,0.00000000,1,0.99594063,0
Bulent_Ecevit,blur,1.00000000,1,0.99488664,0
Bulent_Ecevit,blur,2.00000000,1,0.97013414,0
Bulent_Ecevit,blur,3.00000000,1,0.91469556,0
Bulent_Ecevit,blur,4.00000000,1,0.86068326,0
Bulent_Ecevit,blur,5.00000000,1,0.80849409,0
Bulent_Ecevit,occlusion,0.00000000,1,0.99924660,0
Bulent_Ecevit,occlusion,0.10000000,0,0.23743415,0
Bulent_Ecevit,occlusion,0.15000000,0,nan,1
Bulent_Ecevit,occlusion,0.20000000,0,nan,1
Bulent_Ecevit,occlusion,0.25000000,0,nan,1
Bulent_Ecevit,occlusion,0.30000000,0,nan,1
Calista_Flockhart,gaussian,0.00000000,1,1.00000000,0
Calista_Flockhart,gaussian,0.02000000,1,0.98515433,0
Calista_Flockhart,gaussian,0.05000000,1,0.94852370,0
Calista_Flockhart,gaussian,0.10000000,1,0.78421128,0
Calista_Flockhart,gaussian,0.20000000,0,nan,1
Calista_Flockhart,gaussian,0.30000000,0,nan,1
Calista_Flockhart,brightness,1.00000000,1,1.00000000,0
Calista_Flockhart,brightness,0.90000000,1,0.99890828,0
Calista_Flockhart,brightness,0.80000000,1,0.99773163,0
Calista_Flockhart,brightness,0.65000000,1,0.99400830,0
Calista_Flockhart,brightness,0.50000000,1,0.98592705,0
Calista_Flockhart,brightness,0.35000000,1,0.97458524,0
Calista_Flockhart,rotation,0.00000000,1,1.00000000,0
Calista_Flockhart,rotation,3.00000000,1,0.99365306,0
Calista_Flockhart,rotation,6.00000000,1,0.98739135,0
Calista_Flockhart,rotation,10.00000000,1,0.98127580,0
Calista_Flockhart,rotation,15.00000000,1,0.97984016,0
Calista_Flockhart,rotation,20.00000000,1,0.97564006,0
Calista_Flockhart,blur,0.00000000,1,0.99000514,0
Calista_Flockhart,blur,1.00000000,1,0.98860794,0
Calista_Flockhart,blur,2.00000000,1,0.94930041,0
Calista_Flockhart,blur,3.00000000,1,0.84964132,0
Calista_Flockhart,blur,4.00000000,1,0.71347749,0
Calista_Flockhart,blur,5.00000000,0,0.59928763,0
Calista_Flockhart,occlusion,0.00000000,1,0.99746466,0
Calista_Flockhart,occlusion,0.10000000,0,0.23602365,0
Calista_Flockhart,occlusion,0.15000000,0,nan,1
Calista_Flockhart,occlusion,0.20000000,0,nan,1
Calista_Flockhart,occlusion,0.25000000,0,nan,1
Calista_Flockhart,occlusion,0.30000000,0,nan,1
Cameron_Diaz,gaussian,0.00000000,1,0.99999994,0
Cameron_Diaz,gaussian,0.02000000,1,0.98923224,0
Cameron_Diaz,gaussian,0.05000000,1,0.94052756,0
Cameron_Diaz,gaussian,0.10000000,1,0.90132153,0
Cameron_Diaz,gaussian,0.20000000,0,nan,1
Cameron_Diaz,gaussian,0.30000000,0,nan,1
Cameron_Diaz,brightness,1.00000000,1,0.99999994,0
Cameron_Diaz,brightness,0.90000000,1,0.99941689,0
Cameron_Diaz,brightness,0.80000000,1,0.99810094,0
Cameron_Diaz,brightness,0.65000000,1,0.99550027,0
Cameron_Diaz,brightness,0.50000000,1,0.99030316,0
Cameron_Diaz,brightness,0.35000000,1,0.98123419,0
Cameron_Diaz,rotation,0.00000000,1,0.99999994,0
Cameron_Diaz,rotation,3.00000000,1,0.99386394,0
Cameron_Diaz,rotation,6.00000000,1,0.99325645,0
Cameron_Diaz,rotation,10.00000000,1,0.98841673,0
Cameron_Diaz,rotation,15.00000000,1,0.98496008,0
Cameron_Diaz,rotation,20.00000000,1,0.98567736,0
Cameron_Diaz,blur,0.00000000,1,0.99510431,0
Cameron_Diaz,blur,1.00000000,1,0.99425936,0
Cameron_Diaz,blur,2.00000000,1,0.97178036,0
Cameron_Diaz,blur,3.00000000,1,0.91221273,0
Cameron_Diaz,blur,4.00000000,0,0.80210763,0
Cameron_Diaz,blur,5.00000000,0,0.67782730,0
Cameron_Diaz,occlusion,0.00000000,1,0.99887681,0
Cameron_Diaz,occlusion,0.10000000,0,0.33240694,0
Cameron_Diaz,occlusion,0.15000000,0,nan,1
Cameron_Diaz,occlusion,0.20000000,0,nan,1
Cameron_Diaz,occlusion,0.25000000,0,nan,1
Cameron_Diaz,occlusion,0.30000000,0,nan,1
Carla_Del_Ponte,gaussian,0.00000000,1,0.99999988,0
Carla_Del_Ponte,gaussian,0.02000000,1,0.98892105,0
Carla_Del_Ponte,gaussian,0.05000000,1,0.93727231,0
Carla_Del_Ponte,gaussian,0.10000000,1,0.86860955,0
Carla_Del_Ponte,gaussian,0.20000000,0,nan,1
Carla_Del_Ponte,gaussian,0.30000000,0,nan,1
Carla_Del_Ponte,brightness,1.00000000,1,0.99999988,0
Carla_Del_Ponte,brightness,0.90000000,1,0.99912369,0
Carla_Del_Ponte,brightness,0.80000000,1,0.99728745,0
Carla_Del_Ponte,brightness,0.65000000,1,0.99382985,0
Carla_Del_Ponte,brightness,0.50000000,1,0.98846018,0
Carla_Del_Ponte,brightness,0.35000000,1,0.98052293,0
Carla_Del_Ponte,rotation,0.00000000,1,0.99999988,0
Carla_Del_Ponte,rotation,3.00000000,1,0.99733186,0
Carla_Del_Ponte,rotation,6.00000000,1,0.99775147,0
Carla_Del_Ponte,rotation,10.00000000,1,0.99769402,0
Carla_Del_Ponte,rotation,15.00000000,1,0.99583668,0
Carla_Del_Ponte,rotation,20.00000000,1,0.99393803,0
Carla_Del_Ponte,blur,0.00000000,1,0.99472815,0
Carla_Del_Ponte,blur,1.00000000,1,0.99366570,0
Carla_Del_Ponte,blur,2.00000000,1,0.96387982,0
Carla_Del_Ponte,blur,3.00000000,1,0.91051841,0
Carla_Del_Ponte,blur,4.00000000,0,0.78787792,0
Carla_Del_Ponte,blur,5.00000000,0,0.69012856,0
Carla_Del_Ponte,occlusion,0.00000000,1,0.99883044,0
Carla_Del_Ponte,occlusion,0.10000000,0,0.44792992,0
Carla_Del_Ponte,occlusion,0.15000000,0,nan,1
Carla_Del_Ponte,occlusion,0.20000000,0,nan,1
Carla_Del_Ponte,occlusion,0.25000000,0,nan,1
Carla_Del_Ponte,occlusion,0.30000000,0,nan,1
Carlos_Menem,gaussian,0.00000000,1,0.99999982,0
Carlos_Menem,gaussian,0.02000000,1,0.99114972,0
Carlos_Menem,gaussian,0.05000000,1,0.95950818,0
Carlos_Menem,gaussian,0.10000000,1,0.87887245,0
Carlos_Menem,gaussian,0.20000000,0,nan,1
Carlos_Menem,gaussian,0.30000000,0,nan,1
Carlos_Menem,brightness,1.00000000,1,0.99999982,0
Carlos_Menem,brightness,0.90000000,1,0.99948514,0
Carlos_Menem,brightness,0.80000000,1,0.99843049,0
Carlos_Menem,brightness,0.65000000,1,0.99547750,0
Carlos_Menem,brightness,0.50000000,1,0.98959196,0
Carlos_Menem,brightness,0.35000000,1,0.98138171,0
Carlos_Menem,rotation,0.00000000,1,0.99999982,0
Carlos_Menem,rotation,3.00000000,1,0.99763310,0
Carlos_Menem,rotation,6.00000000,1,0.99653411,0
Carlos_Menem,rotation,10.00000000,1,0.99532962,0
Carlos_Menem,rotation,15.00000000,1,0.99814808,0
Carlos_Menem,rotation,20.00000000,1,0.99594736,0
Carlos_Menem,blur,0.00000000,1,0.99531269,0
Carlos_Menem,blur,1.00000000,1,0.99427664,0
Carlos_Menem,blur,2.00000000,1,0.95113474,0
Carlos_Menem,blur,3.00000000,1,0.86566669,0
Carlos_Menem,blur,4.00000000,1,0.73394573,0
Carlos_Menem,blur,5.00000000,0,0.64003551,0
Carlos_Menem,occlusion,0.00000000,1,0.99951452,0
Carlos_Menem,occlusion,0.10000000,0,0.42832708,0
Carlos_Menem,occlusion,0.15000000,0,nan,1
Carlos_Menem,occlusion,0.20000000,0,nan,1
Carlos_Menem,occlusion,0.25000000,0,nan,1
Carlos_Menem,occlusion,0.30000000,0,nan,1
Carlos_Moya,gaussian,0.00000000,1,1.00000012,0
Carlos_Moya,gaussian,0.02000000,1,0.98571169,0
Carlos_Moya,gaussian,0.05000000,1,0.93064153,0
Carlos_Moya,gaussian,0.10000000,1,0.84799808,0
Carlos_Moya,gaussian,0.20000000,0,nan,1
Carlos_Moya,gaussian,0.30000000,0,nan,1
Carlos_Moya,brightness,1.00000000,1,1.00000012,0
Carlos_Moya,brightness,0.90000000,1,0.99943519,0
Carlos_Moya,brightness,0.80000000,1,0.99841040,0
Carlos_Moya,brightness,0.65000000,1,0.99516165,0
Carlos_Moya,brightness,0.50000000,1,0.99029851,0
Carlos_Moya,brightness,0.35000000,1,0.98025471,0
Carlos_Moya,rotation,0.00000000,1,1.00000012,0
Carlos_Moya,rotation,3.00000000,1,0.99721301,0
Carlos_Moya,rotation,6.00000000,1,0.99751878,0
Carlos_Moya,rotation,10.00000000,1,0.99685812,0
Carlos_Moya,rotation,15.00000000,1,0.99642110,0
Carlos_Moya,rotation,20.00000000,1,0.99456632,0
Carlos_Moya,blur,0.00000000,1,0.99658334,0
Carlos_Moya,blur,1.00000000,1,0.99560422,0
Carlos_Moya,blur,2.00000000,1,0.96810746,0
Carlos_Moya,blur,3.00000000,1,0.90054035,0
Carlos_Moya,blur,4.00000000,1,0.82674265,0
Carlos_Moya,blur,5.00000000,0,0.72785491,0
Carlos_Moya,occlusion,0.00000000,1,0.99889386,0
Carlos_Moya,occlusion,0.10000000,0,0.21975240,0
Carlos_Moya,occlusion,0.15000000,0,0.07191394,0
Carlos_Moya,occlusion,0.20000000,0,0.03273305,0
Carlos_Moya,occlusion,0.25000000,0,nan,1
Carlos_Moya,occlusion,0.30000000,0,nan,1
Carmen_Electra,gaussian,0.00000000,1,1.00000000,0
Carmen_Electra,gaussian,0.02000000,1,0.98802638,0
Carmen_Electra,gaussian,0.05000000,1,0.94050086,0
Carmen_Electra,gaussian,0.10000000,1,0.86456680,0
Carmen_Electra,gaussian,0.20000000,0,nan,1
Carmen_Electra,gaussian,0.30000000,0,nan,1
Carmen_Electra,brightness,1.00000000,1,1.00000000,0
Carmen_Electra,brightness,0.90000000,1,0.99842322,0
Carmen_Electra,brightness,0.80000000,1,0.99570060,0
Carmen_Electra,brightness,0.65000000,1,0.98998386,0
Carmen_Electra,brightness,0.50000000,1,0.98337936,0
Carmen_Electra,brightness,0.35000000,1,0.97083914,0
Carmen_Electra,rotation,0.00000000,1,1.00000000,0
Carmen_Electra,rotation,3.00000000,1,0.99805772,0
Carmen_Electra,rotation,6.00000000,1,0.99739873,0
Carmen_Electra,rotation,10.00000000,1,0.99823779,0
Carmen_Electra,rotation,15.00000000,1,0.99364114,0
Carmen_Electra,rotation,20.00000000,1,0.98184061,0
Carmen_Electra,blur,0.00000000,1,0.99537611,0
Carmen_Electra,blur,1.00000000,1,0.99457574,0
Carmen_Electra,blur,2.00000000,1,0.95714521,0
Carmen_Electra,blur,3.00000000,1,0.87734163,0
Carmen_Electra,blur,4.00000000,1,0.77887344,0
Carmen_Electra,blur,5.00000000,1,0.67819506,0
Carmen_Electra,occlusion,0.00000000,1,0.99918228,0
Carmen_Electra,occlusion,0.10000000,0,0.24627720,0
Carmen_Electra,occlusion,0.15000000,0,nan,1
Carmen_Electra,occlusion,0.20000000,0,nan,1
Carmen_Electra,occlusion,0.25000000,0,nan,1
Carmen_Electra,occlusion,0.30000000,0,nan,1
Carrie-Anne_Moss,gaussian,0.00000000,1,1.00000000,0
Carrie-Anne_Moss,gaussian,0.02000000,1,0.98580575,0
Carrie-Anne_Moss,gaussian,0.05000000,1,0.92064434,0
Carrie-Anne_Moss,gaussian,0.10000000,1,0.83580637,0
Carrie-Anne_Moss,gaussian,0.20000000,0,nan,1
Carrie-Anne_Moss,gaussian,0.30000000,0,nan,1
Carrie-Anne_Moss,brightness,1.00000000,1,1.00000000,0
Carrie-Anne_Moss,brightness,0.90000000,1,0.99935883,0
Carrie-Anne_Moss,brightness,0.80000000,1,0.99798048,0
Carrie-Anne_Moss,brightness,0.65000000,1,0.99437368,0
Carrie-Anne_Moss,brightness,0.50000000,1,0.98592097,0
Carrie-Anne_Moss,brightness,0.35000000,1,0.98005819,0
Carrie-Anne_Moss,rotation,0.00000000,1,1.00000000,0
Carrie-Anne_Moss,rotation,3.00000000,1,0.99732983,0
Carrie-Anne_Moss,rotation,6.00000000,1,0.99437040,0
Carrie-Anne_Moss,rotation,10.00000000,1,0.99341887,0
Carrie-Anne_Moss,rotation,15.00000000,1,0.99310303,0
Carrie-Anne_Moss,rotation,20.00000000,1,0.98798621,0
Carrie-Anne_Moss,blur,0.00000000,1,0.99546874,0
Carrie-Anne_Moss,blur,1.00000000,1,0.99466699,0
Carrie-Anne_Moss,blur,2.00000000,1,0.96190423,0
Carrie-Anne_Moss,blur,3.00000000,1,0.88256800,0
Carrie-Anne_Moss,blur,4.00000000,1,0.78332806,0
Carrie-Anne_Moss,blur,5.00000000,0,0.69006455,0
Carrie-Anne_Moss,occlusion,0.00000000,1,0.99875557,0
Carrie-Anne_Moss,occlusion,0.10000000,0,0.24484041,0
Carrie-Anne_Moss,occlusion,0.15000000,0,nan,1
Carrie-Anne_Moss,occlusion,0.20000000,0,nan,1
Carrie-Anne_Moss,occlusion,0.25000000,0,nan,1
Carrie-Anne_Moss,occlusion,0.30000000,0,nan,1
Catherine_Deneuve,gaussian,0.00000000,1,1.00000000,0
Catherine_Deneuve,gaussian,0.02000000,1,0.98268920,0
Catherine_Deneuve,gaussian,0.05000000,1,0.93455040,0
Catherine_Deneuve,gaussian,0.10000000,1,0.80879015,0
Catherine_Deneuve,gaussian,0.20000000,0,nan,1
Catherine_Deneuve,gaussian,0.30000000,0,nan,1
Catherine_Deneuve,brightness,1.00000000,1,1.00000000,0
Catherine_Deneuve,brightness,0.90000000,1,0.99935293,0
Catherine_Deneuve,brightness,0.80000000,1,0.99791241,0
Catherine_Deneuve,brightness,0.65000000,1,0.99451649,0
Catherine_Deneuve,brightness,0.50000000,1,0.98836720,0
Catherine_Deneuve,brightness,0.35000000,1,0.97595108,0
Catherine_Deneuve,rotation,0.00000000,1,1.00000000,0
Catherine_Deneuve,rotation,3.00000000,1,0.99758673,0
Catherine_Deneuve,rotation,6.00000000,1,0.99692476,0
Catherine_Deneuve,rotation,10.00000000,1,0.99600554,0
Catherine_Deneuve,rotation,15.00000000,1,0.99351311,0
Catherine_Deneuve,rotation,20.00000000,1,0.99218506,0
Catherine_Deneuve,blur,0.00000000,1,0.99535751,0
Catherine_Deneuve,blur,1.00000000,1,0.99436891,0
Catherine_Deneuve,blur,2.00000000,1,0.95952737,0
Catherine_Deneuve,blur,3.00000000,1,0.88472366,0
Catherine_Deneuve,blur,4.00000000,1,0.76699448,0
Catherine_Deneuve,blur,5.00000000,1,0.63687027,0
Catherine_Deneuve,occlusion,0.00000000,1,0.99919891,0
Catherine_Deneuve,occlusion,0.10000000,0,nan,1
Catherine_Deneuve,occlusion,0.15000000,0,nan,1
Catherine_Deneuve,occlusion,0.20000000,0,nan,1
Catherine_Deneuve,occlusion,0.25000000,0,nan,1
Catherine_Deneuve,occlusion,0.30000000,0,nan,1
Catherine_Zeta-Jones,gaussian,0.00000000,1,1.00000000,0
Catherine_Zeta-Jones,gaussian,0.02000000,1,0.98907626,0
Catherine_Zeta-Jones,gaussian,0.05000000,1,0.96063769,0
Catherine_Zeta-Jones,gaussian,0.10000000,1,0.89775467,0
Catherine_Zeta-Jones,gaussian,0.20000000,0,nan,1
Catherine_Zeta-Jones,gaussian,0.30000000,0,nan,1
Catherine_Zeta-Jones,brightness,1.00000000,1,1.00000000,0
Catherine_Zeta-Jones,brightness,0.90000000,1,0.99939919,0
Catherine_Zeta-Jones,brightness,0.80000000,1,0.99832594,0
Catherine_Zeta-Jones,brightness,0.65000000,1,0.99551404,0
Catherine_Zeta-Jones,brightness,0.50000000,1,0.99154353,0
Catherine_Zeta-Jones,brightness,0.35000000,1,0.98322475,0
Catherine_Zeta-Jones,rotation,0.00000000,1,1.00000000,0
Catherine_Zeta-Jones,rotation,3.00000000,1,0.99721199,0
Catherine_Zeta-Jones,rotation,6.00000000,1,0.99698734,0
Catherine_Zeta-Jones,rotation,10.00000000,1,0.99743885,0
Catherine_Zeta-Jones,rotation,15.00000000,1,0.99462700,0
Catherine_Zeta-Jones,rotation,20.00000000,1,0.99261534,0
Catherine_Zeta-Jones,blur,0.00000000,1,0.99726146,0
Catherine_Zeta-Jones,blur,1.00000000,1,0.99684346,0
Catherine_Zeta-Jones,blur,2.00000000,1,0.97715545,0
Catherine_Zeta-Jones,blur,3.00000000,1,0.92001021,0
Catherine_Zeta-Jones,blur,4.00000000,1,0.84737349,0
Catherine_Zeta-Jones,blur,5.00000000,1,0.75061023,0
Catherine_Zeta-Jones,occlusion,0.00000000,1,0.99727225,0
Catherine_Zeta-Jones,occlusion,0.10000000,0,0.42874289,0
Catherine_Zeta-Jones,occlusion,0.15000000,0,nan,1
Catherine_Zeta-Jones,occlusion,0.20000000,0,nan,1
Catherine_Zeta-Jones,occlusion,0.25000000,0,nan,1
Catherine_Zeta-Jones,occlusion,0.30000000,0,nan,1
Celine_Dion,gaussian,0.00000000,1,1.00000000,0
Celine_Dion,gaussian,0.02000000,1,0.98925221,0
Celine_Dion,gaussian,0.05000000,1,0.94148958,0
Celine_Dion,gaussian,0.10000000,1,0.84988123,0
Celine_Dion,gaussian,0.20000000,0,nan,1
Celine_Dion,gaussian,0.30000000,0,nan,1
Celine_Dion,brightness,1.00000000,1,1.00000000,0
Celine_Dion,brightness,0.90000000,1,0.99922007,0
Celine_Dion,brightness,0.80000000,1,0.99771905,0
Celine_Dion,brightness,0.65000000,1,0.99464333,0
Celine_Dion,brightness,0.50000000,1,0.98937696,0
Celine_Dion,brightness,0.35000000,1,0.98284757,0
Celine_Dion,rotation,0.00000000,1,1.00000000,0
Celine_Dion,rotation,3.00000000,1,0.99695849,0
Celine_Dion,rotation,6.00000000,1,0.99634838,0
Celine_Dion,rotation,10.00000000,1,0.99637556,0
Celine_Dion,rotation,15.00000000,1,0.99369448,0
Celine_Dion,rotation,20.00000000,1,0.98513341,0
Celine_Dion,blur,0.00000000,1,0.99248469,0
Celine_Dion,blur,1.00000000,1,0.99075139,0
Celine_Dion,blur,2.00000000,1,0.93297166,0
Celine_Dion,blur,3.00000000,1,0.79864800,0
Celine_Dion,blur,4.00000000,0,0.69979525,0
Celine_Dion,blur,5.00000000,0,0.62123692,0
Celine_Dion,occlusion,0.00000000,1,0.99908036,0
Celine_Dion,occlusion,0.10000000,0,0.25155362,0
Celine_Dion,occlusion,0.15000000,0,nan,1
Celine_Dion,occlusion,0.20000000,0,nan,1
Celine_Dion,occlusion,0.25000000,0,nan,1
Celine_Dion,occlusion,0.30000000,0,nan,1
Cesar_Gaviria,gaussian,0.00000000,1,0.99999988,0
Cesar_Gaviria,gaussian,0.02000000,1,0.99005079,0
Cesar_Gaviria,gaussian,0.05000000,1,0.95687449,0
Cesar_Gaviria,gaussian,0.10000000,1,0.89000547,0
Cesar_Gaviria,gaussian,0.20000000,0,nan,1
Cesar_Gaviria,gaussian,0.30000000,0,nan,1
Cesar_Gaviria,brightness,1.00000000,1,0.99999988,0
Cesar_Gaviria,brightness,0.90000000,1,0.99881327,0
Cesar_Gaviria,brightness,0.80000000,1,0.99680841,0
Cesar_Gaviria,brightness,0.65000000,1,0.99315852,0
Cesar_Gaviria,brightness,0.50000000,1,0.98611313,0
Cesar_Gaviria,brightness,0.35000000,1,0.97821033,0
Cesar_Gaviria,rotation,0.00000000,1,0.99999988,0
Cesar_Gaviria,rotation,3.00000000,1,0.99730766,0
Cesar_Gaviria,rotation,6.00000000,1,0.99614269,0
Cesar_Gaviria,rotation,10.00000000,1,0.99465245,0
Cesar_Gaviria,rotation,15.00000000,1,0.99063915,0
Cesar_Gaviria,rotation,20.00000000,1,0.98858345,0
Cesar_Gaviria,blur,0.00000000,1,0.99202394,0
Cesar_Gaviria,blur,1.00000000,1,0.99060035,0
Cesar_Gaviria,blur,2.00000000,1,0.95369160,0
Cesar_Gaviria,blur,3.00000000,0,0.86364269,0
Cesar_Gaviria,blur,4.00000000,0,0.76553202,0
Cesar_Gaviria,blur,5.00000000,0,0.67191190,0
Cesar_Gaviria,occlusion,0.00000000,1,0.99810088,0
Cesar_Gaviria,occlusion,0.10000000,0,0.25467235,0
Cesar_Gaviria,occlusion,0.15000000,0,nan,1
Cesar_Gaviria,occlusion,0.20000000,0,nan,1
Cesar_Gaviria,occlusion,0.25000000,0,nan,1
Cesar_Gaviria,occlusion,0.30000000,0,nan,1
Chanda_Rubin,gaussian,0.00000000,1,1.00000000,0
Chanda_Rubin,gaussian,0.02000000,1,0.99021864,0
Chanda_Rubin,gaussian,0.05000000,1,0.95938390,0
Chanda_Rubin,gaussian,0.10000000,1,0.91668552,0
Chanda_Rubin,gaussian,0.20000000,0,nan,1
Chanda_Rubin,gaussian,0.30000000,0,nan,1
Chanda_Rubin,brightness,1.00000000,1,1.00000000,0
Chanda_Rubin,brightness,0.90000000,1,0.99970484,0
Chanda_Rubin,brightness,0.80000000,1,0.99899387,0
Chanda_Rubin,brightness,0.65000000,1,0.99549663,0
Chanda_Rubin,brightness,0.50000000,1,0.99057561,0
Chanda_Rubin,brightness,0.35000000,1,0.97966129,0
Chanda_Rubin,rotation,0.00000000,1,1.00000000,0
Chanda_Rubin,rotation,3.00000000,1,0.99819177,0
Chanda_Rubin,rotation,6.00000000,1,0.99618691,0
Chanda_Rubin,rotation,10.00000000,1,0.99739945,0
Chanda_Rubin,rotation,15.00000000,1,0.99626553,0
Chanda_Rubin,rotation,20.00000000,1,0.99790549,0
Chanda_Rubin,blur,0.00000000,1,0.99632347,0
Chanda_Rubin,blur,1.00000000,1,0.99546558,0
Chanda_Rubin,blur,2.00000000,1,0.97587502,0
Chanda_Rubin,blur,3.00000000,1,0.92625254,0
Chanda_Rubin,blur,4.00000000,1,0.86525524,0
Chanda_Rubin,blur,5.00000000,1,0.79279351,0
Chanda_Rubin,occlusion,0.00000000,1,0.99865621,0
Chanda_Rubin,occlusion,0.10000000,0,nan,1
Chanda_Rubin,occlusion,0.15000000,0,nan,1
Chanda_Rubin,occlusion,0.20000000,0,nan,1
Chanda_Rubin,occlusion,0.25000000,0,nan,1
Chanda_Rubin,occlusion,0.30000000,0,nan,1
Charles_Moose,gaussian,0.00000000,1,1.00000000,0
Charles_Moose,gaussian,0.02000000,1,0.98519492,0
Charles_Moose,gaussian,0.05000000,1,0.95090365,0
Charles_Moose,gaussian,0.10000000,1,0.86383915,0
Charles_Moose,gaussian,0.20000000,0,nan,1
Charles_Moose,gaussian,0.30000000,0,nan,1
Charles_Moose,brightness,1.00000000,1,1.00000000,0
Charles_Moose,brightness,0.90000000,1,0.99955481,0
Charles_Moose,brightness,0.80000000,1,0.99860120,0
Charles_Moose,brightness,0.65000000,1,0.99632502,0
Charles_Moose,brightness,0.50000000,1,0.99291432,0
Charles_Moose,brightness,0.35000000,1,0.98683238,0
Charles_Moose,rotation,0.00000000,1,1.00000000,0
Charles_Moose,rotation,3.00000000,1,0.99798387,0
Charles_Moose,rotation,6.00000000,1,0.99703503,0
Charles_Moose,rotation,10.00000000,1,0.99812764,0
Charles_Moose,rotation,15.00000000,1,0.99796909,0
Charles_Moose,rotation,20.00000000,1,0.99467337,0
Charles_Moose,blur,0.00000000,1,0.99655455,0
Charles_Moose,blur,1.00000000,1,0.99577677,0
Charles_Moose,blur,2.00000000,1,0.97193694,0
Charles_Moose,blur,3.00000000,1,0.92067987,0
Charles_Moose,blur,4.00000000,1,0.82268244,0
Charles_Moose,blur,5.00000000,1,0.67052579,0
Charles_Moose,occlusion,0.00000000,1,0.99919319,0
Charles_Moose,occlusion,0.10000000,0,0.43367130,0
Charles_Moose,occlusion,0.15000000,0,0.29397014,0
Charles_Moose,occlusion,0.20000000,0,nan,1
Charles_Moose,occlusion,0.25000000,0,nan,1
Charles_Moose,occlusion,0.30000000,0,nan,1
Charles_Taylor,gaussian,0.00000000,1,0.99999988,0
Charles_Taylor,gaussian,0.02000000,1,0.99062347,0
Charles_Taylor,gaussian,0.05000000,1,0.95628971,0
Charles_Taylor,gaussian,0.10000000,1,0.87536651,0
Charles_Taylor,gaussian,0.20000000,0,nan,1
Charles_Taylor,gaussian,0.30000000,0,nan,1
Charles_Taylor,brightness,1.00000000,1,0.99999988,0
Charles_Taylor,brightness,0.90000000,1,0.99910241,0
Charles_Taylor,brightness,0.80000000,1,0.99726629,0
Charles_Taylor,brightness,0.65000000,1,0.99373031,0
Charles_Taylor,brightness,0.50000000,1,0.98694837,0
Charles_Taylor,brightness,0.35000000,1,0.97300452,0
Charles_Taylor,rotation,0.00000000,1,0.99999988,0
Charles_Taylor,rotation,3.00000000,1,0.99624515,0
Charles_Taylor,rotation,6.00000000,1,0.99635363,0
Charles_Taylor,rotation,10.00000000,1,0.99393547,0
Charles_Taylor,rotation,15.00000000,1,0.99481934,0
Charles_Taylor,rotation,20.00000000,1,0.99466145,0
Charles_Taylor,blur,0.00000000,1,0.99063379,0
Charles_Taylor,blur,1.00000000,1,0.98939484,0
Charles_Taylor,blur,2.00000000,1,0.95030797,0
Charles_Taylor,blur,3.00000000,1,0.88058162,0
Charles_Taylor,blur,4.00000000,1,0.74886233,0
Charles_Taylor,blur,5.00000000,1,0.62145734,0
Charles_Taylor,occlusion,0.00000000,1,0.99618971,0
Charles_Taylor,occlusion,0.10000000,0,0.18768384,0
Charles_Taylor,occlusion,0.15000000,0,0.19090985,0
Charles_Taylor,occlusion,0.20000000,0,0.19124025,0
Charles_Taylor,occlusion,0.25000000,0,0.18998557,0
Charles_Taylor,occlusion,0.30000000,0,0.19904706,0
Charlton_Heston,gaussian,0.00000000,1,0.99999988,0
Charlton_Heston,gaussian,0.02000000,1,0.99026114,0
Charlton_Heston,gaussian,0.05000000,1,0.95960492,0
Charlton_Heston,gaussian,0.10000000,1,0.85696387,0
Charlton_Heston,gaussian,0.20000000,0,nan,1
Charlton_Heston,gaussian,0.30000000,0,nan,1
Charlton_Heston,brightness,1.00000000,1,0.99999988,0
Charlton_Heston,brightness,0.90000000,1,0.99596494,0
Charlton_Heston,brightness,0.80000000,1,0.99827468,0
Charlton_Heston,brightness,0.65000000,1,0.99300420,0
Charlton_Heston,brightness,0.50000000,1,0.98888433,0
Charlton_Heston,brightness,0.35000000,1,0.98499304,0
Charlton_Heston,rotation,0.00000000,1,0.99999988,0
Charlton_Heston,rotation,3.00000000,1,0.99554831,0
Charlton_Heston,rotation,6.00000000,1,0.99656689,0
Charlton_Heston,rotation,10.00000000,1,0.99508870,0
Charlton_Heston,rotation,15.00000000,1,0.99014258,0
Charlton_Heston,rotation,20.00000000,1,0.98669875,0
Charlton_Heston,blur,0.00000000,1,0.99539065,0
Charlton_Heston,blur,1.00000000,1,0.99459600,0
Charlton_Heston,blur,2.00000000,1,0.95618230,0
Charlton_Heston,blur,3.00000000,1,0.85575700,0
Charlton_Heston,blur,4.00000000,1,0.73523986,0
Charlton_Heston,blur,5.00000000,1,0.62553608,0
Charlton_Heston,occlusion,0.00000000,1,0.99646729,0
Charlton_Heston,occlusion,0.10000000,0,nan,1
Charlton_Heston,occlusion,0.15000000,0,nan,1
Charlton_Heston,occlusion,0.20000000,0,nan,1
Charlton_Heston,occlusion,0.25000000,0,nan,1
Charlton_Heston,occlusion,0.30000000,0,nan,1
Chen_Shui-bian,gaussian,0.00000000,1,0.99999988,0
Chen_Shui-bian,gaussian,0.02000000,1,0.98925829,0
Chen_Shui-bian,gaussian,0.05000000,1,0.93829405,0
Chen_Shui-bian,gaussian,0.10000000,1,0.86524498,0
Chen_Shui-bian,gaussian,0.20000000,0,nan,1
Chen_Shui-bian,gaussian,0.30000000,0,nan,1
Chen_Shui-bian,brightness,1.00000000,1,0.99999988,0
Chen_Shui-bian,brightness,0.90000000,1,0.99922788,0
Chen_Shui-bian,brightness,0.80000000,1,0.99761409,0
Chen_Shui-bian,brightness,0.65000000,1,0.99391186,0
Chen_Shui-bian,brightness,0.50000000,1,0.98784244,0
Chen_Shui-bian,brightness,0.35000000,1,0.97293675,0
Chen_Shui-bian,rotation,0.00000000,1,0.99999988,0
Chen_Shui-bian,rotation,3.00000000,1,0.99800342,0
Chen_Shui-bian,rotation,6.00000000,1,0.99709433,0
Chen_Shui-bian,rotation,10.00000000,1,0.99604326,0
Chen_Shui-bian,rotation,15.00000000,1,0.99660063,0
Chen_Shui-bian,rotation,20.00000000,1,0.99364364,0
Chen_Shui-bian,blur,0.00000000,1,0.99651015,0
Chen_Shui-bian,blur,1.00000000,1,0.99588197,0
Chen_Shui-bian,blur,2.00000000,1,0.97469115,0
Chen_Shui-bian,blur,3.00000000,1,0.91909027,0
Chen_Shui-bian,blur,4.00000000,1,0.81370521,0
Chen_Shui-bian,blur,5.00000000,0,0.68100405,0
Chen_Shui-bian,occlusion,0.00000000,1,0.99945366,0
Chen_Shui-bian,occlusion,0.10000000,0,0.47530162,0
Chen_Shui-bian,occlusion,0.15000000,0,nan,1
Chen_Shui-bian,occlusion,0.20000000,0,nan,1
Chen_Shui-bian,occlusion,0.25000000,0,nan,1
Chen_Shui-bian,occlusion,0.30000000,0,nan,1
Choi_Sung-hong,gaussian,0.00000000,1,1.00000000,0
Choi_Sung-hong,gaussian,0.02000000,1,0.98918426,0
Choi_Sung-hong,gaussian,0.05000000,1,0.95276392,0
Choi_Sung-hong,gaussian,0.10000000,1,0.87509227,0
Choi_Sung-hong,gaussian,0.20000000,0,nan,1
Choi_Sung-hong,gaussian,0.30000000,0,nan,1
Choi_Sung-hong,brightness,1.00000000,1,1.00000000,0
Choi_Sung-hong,brightness,0.90000000,1,0.99914420,0
Choi_Sung-hong,brightness,0.80000000,1,0.99731672,0
Choi_Sung-hong,brightness,0.65000000,1,0.99193937,0
Choi_Sung-hong,brightness,0.50000000,1,0.98500443,0
Choi_Sung-hong,brightness,0.35000000,1,0.97479463,0
Choi_Sung-hong,rotation,0.00000000,1,1.00000000,0
Choi_Sung-hong,rotation,3.00000000,1,0.99624491,0
Choi_Sung-hong,rotation,6.00000000,1,0.99230242,0
Choi_Sung-hong,rotation,10.00000000,1,0.99019921,0
Choi_Sung-hong,rotation,15.00000000,1,0.98720193,0
Choi_Sung-hong,rotation,20.00000000,1,0.98762679,0
Choi_Sung-hong,blur,0.00000000,1,0.99240255,0
Choi_Sung-hong,blur,1.00000000,1,0.99123168,0
Choi_Sung-hong,blur,2.00000000,1,0.95731783,0
Choi_Sung-hong,blur,3.00000000,1,0.89382917,0
Choi_Sung-hong,blur,4.00000000,1,0.78316188,0
Choi_Sung-hong,blur,5.00000000,1,0.63416892,0
Choi_Sung-hong,occlusion,0.00000000,1,0.99888575,0
Choi_Sung-hong,occlusion,0.10000000,0,0.04671584,0
Choi_Sung-hong,occlusion,0.15000000,0,0.05516724,0
Choi_Sung-hong,occlusion,0.20000000,0,0.00754677,0
Choi_Sung-hong,occlusion,0.25000000,0,nan,1
Choi_Sung-hong,occlusion,0.30000000,0,nan,1
Christine_Baumgartner,gaussian,0.00000000,1,1.00000000,0
Christine_Baumgartner,gaussian,0.02000000,1,0.98482621,0
Christine_Baumgartner,gaussian,0.05000000,1,0.90135956,0
Christine_Baumgartner,gaussian,0.10000000,1,0.86112094,0
Christine_Baumgartner,gaussian,0.20000000,0,nan,1
Christine_Baumgartner,gaussian,0.30000000,0,nan,1
Christine_Baumgartner,brightness,1.00000000,1,1.00000000,0
Christine_Baumgartner,brightness,0.90000000,1,0.99922466,0
Christine_Baumgartner,brightness,0.80000000,1,0.99748611,0
Christine_Baumgartner,brightness,0.65000000,1,0.99471742,0
Christine_Baumgartner,brightness,0.50000000,1,0.98565125,0
Christine_Baumgartner,brightness,0.35000000,1,0.97507972,0
Christine_Baumgartner,rotation,0.00000000,1,1.00000000,0
Christine_Baumgartner,rotation,3.00000000,1,0.99759656,0
Christine_Baumgartner,rotation,6.00000000,1,0.99764568,0
Christine_Baumgartner,rotation,10.00000000,1,0.99563068,0
Christine_Baumgartner,rotation,15.00000000,1,0.99523723,0
Christine_Baumgartner,rotation,20.00000000,1,0.99054372,0
Christine_Baumgartner,blur,0.00000000,1,0.99438912,0
Christine_Baumgartner,blur,1.00000000,1,0.99352002,0
Christine_Baumgartner,blur,2.00000000,1,0.95603859,0
Christine_Baumgartner,blur,3.00000000,1,0.88094306,0
Christine_Baumgartner,blur,4.00000000,1,0.80349255,0
Christine_Baumgartner,blur,5.00000000,1,0.71085262,0
Christine_Baumgartner,occlusion,0.00000000,1,0.99818146,0
Christine_Baumgartner,occlusion,0.10000000,0,nan,1
Christine_Baumgartner,occlusion,0.15000000,0,nan,1
Christine_Baumgartner,occlusion,0.20000000,0,nan,1
Christine_Baumgartner,occlusion,0.25000000,0,nan,1
Christine_Baumgartner,occlusion,0.30000000,0,nan,1
Christine_Todd_Whitman,gaussian,0.00000000,1,1.00000000,0
Christine_Todd_Whitman,gaussian,0.02000000,1,0.98938870,0
Christine_Todd_Whitman,gaussian,0.05000000,1,0.94253951,0
Christine_Todd_Whitman,gaussian,0.10000000,1,0.89129424,0
Christine_Todd_Whitman,gaussian,0.20000000,0,nan,1
Christine_Todd_Whitman,gaussian,0.30000000,0,nan,1
Christine_Todd_Whitman,brightness,1.00000000,1,1.00000000,0
Christine_Todd_Whitman,brightness,0.90000000,1,0.99953943,0
Christine_Todd_Whitman,brightness,0.80000000,1,0.99860477,0
Christine_Todd_Whitman,brightness,0.65000000,1,0.99519539,0
Christine_Todd_Whitman,brightness,0.50000000,1,0.98983949,0
Christine_Todd_Whitman,brightness,0.35000000,1,0.97846061,0
Christine_Todd_Whitman,rotation,0.00000000,1,1.00000000,0
Christine_Todd_Whitman,rotation,3.00000000,1,0.99598575,0
Christine_Todd_Whitman,rotation,6.00000000,1,0.99509019,0
Christine_Todd_Whitman,rotation,10.00000000,1,0.99184388,0
Christine_Todd_Whitman,rotation,15.00000000,1,0.98524332,0
Christine_Todd_Whitman,rotation,20.00000000,1,0.98478615,0
Christine_Todd_Whitman,blur,0.00000000,1,0.99237692,0
Christine_Todd_Whitman,blur,1.00000000,1,0.99133742,0
Christine_Todd_Whitman,blur,2.00000000,1,0.95805359,0
Christine_Todd_Whitman,blur,3.00000000,1,0.90505552,0
Christine_Todd_Whitman,blur,4.00000000,1,0.82881534,0
Christine_Todd_Whitman,blur,5.00000000,1,0.70678192,0
Christine_Todd_Whitman,occlusion,0.00000000,1,0.99723881,0
Christine_Todd_Whitman,occlusion,0.10000000,1,0.31966195,0
Christine_Todd_Whitman,occlusion,0.15000000,0,nan,1
Christine_Todd_Whitman,occlusion,0.20000000,0,nan,1
Christine_Todd_Whitman,occlusion,0.25000000,0,nan,1
Christine_Todd_Whitman,occlusion,0.30000000,0,nan,1
Ciro_Gomes,gaussian,0.00000000,1,1.00000000,0
Ciro_Gomes,gaussian,0.02000000,1,0.98807114,0
Ciro_Gomes,gaussian,0.05000000,1,0.94952834,0
Ciro_Gomes,gaussian,0.10000000,1,0.87256330,0
Ciro_Gomes,gaussian,0.20000000,0,nan,1
Ciro_Gomes,gaussian,0.30000000,0,nan,1
Ciro_Gomes,brightness,1.00000000,1,1.00000000,0
Ciro_Gomes,brightness,0.90000000,1,0.99955517,0
Ciro_Gomes,brightness,0.80000000,1,0.99866223,0
Ciro_Gomes,brightness,0.65000000,1,0.99633557,0
Ciro_Gomes,brightness,0.50000000,1,0.99166548,0
Ciro_Gomes,brightness,0.35000000,1,0.98264682,0
Ciro_Gomes,rotation,0.00000000,1,1.00000000,0
Ciro_Gomes,rotation,3.00000000,1,0.99784505,0
Ciro_Gomes,rotation,6.00000000,1,0.99785507,0
Ciro_Gomes,rotation,10.00000000,1,0.99850583,0
Ciro_Gomes,rotation,15.00000000,1,0.99638587,0
Ciro_Gomes,rotation,20.00000000,1,0.98916447,0
Ciro_Gomes,blur,0.00000000,1,0.99425900,0
Ciro_Gomes,blur,1.00000000,1,0.99340779,0
Ciro_Gomes,blur,2.00000000,1,0.96882457,0
Ciro_Gomes,blur,3.00000000,1,0.90452617,0
Ciro_Gomes,blur,4.00000000,1,0.78672630,0
Ciro_Gomes,blur,5.00000000,1,0.65326005,0
Ciro_Gomes,occlusion,0.00000000,1,0.99938440,0
Ciro_Gomes,occlusion,0.10000000,0,nan,1
Ciro_Gomes,occlusion,0.15000000,0,nan,1
Ciro_Gomes,occlusion,0.20000000,0,nan,1
Ciro_Gomes,occlusion,0.25000000,0,nan,1
Ciro_Gomes,occlusion,0.30000000,0,nan,1
Clara_Harris,gaussian,0.00000000,1,0.99999994,0
Clara_Harris,gaussian,0.02000000,1,0.98780090,0
Clara_Harris,gaussian,0.05000000,1,0.94860423,0
Clara_Harris,gaussian,0.10000000,1,0.87626100,0
Clara_Harris,gaussian,0.20000000,0,nan,1
Clara_Harris,gaussian,0.30000000,0,nan,1
Clara_Harris,brightness,1.00000000,1,0.99999994,0
Clara_Harris,brightness,0.90000000,1,0.99952710,0
Clara_Harris,brightness,0.80000000,1,0.99865067,0
Clara_Harris,brightness,0.65000000,1,0.99680179,0
Clara_Harris,brightness,0.50000000,1,0.99180317,0
Clara_Harris,brightness,0.35000000,1,0.98462123,0
Clara_Harris,rotation,0.00000000,1,0.99999994,0
Clara_Harris,rotation,3.00000000,1,0.99765611,0
Clara_Harris,rotation,6.00000000,1,0.99525243,0
Clara_Harris,rotation,10.00000000,1,0.99417794,0
Clara_Harris,rotation,15.00000000,1,0.99311125,0
Clara_Harris,rotation,20.00000000,1,0.99449998,0
Clara_Harris,blur,0.00000000,1,0.99698746,0
Clara_Harris,blur,1.00000000,1,0.99644125,0
Clara_Harris,blur,2.00000000,1,0.97642195,0
Clara_Harris,blur,3.00000000,1,0.92588848,0
Clara_Harris,blur,4.00000000,1,0.85095203,0
Clara_Harris,blur,5.00000000,1,0.76879799,0
Clara_Harris,occlusion,0.00000000,1,0.99838680,0
Clara_Harris,occlusion,0.10000000,0,0.35344845,0
Clara_Harris,occlusion,0.15000000,0,nan,1
Clara_Harris,occlusion,0.20000000,0,nan,1
Clara_Harris,occlusion,0.25000000,0,nan,1
Clara_Harris,occlusion,0.30000000,0,nan,1
Claudia_Pechstein,gaussian,0.00000000,1,1.00000000,0
Claudia_Pechstein,gaussian,0.02000000,1,0.98194993,0
Claudia_Pechstein,gaussian,0.05000000,1,0.92763311,0
Claudia_Pechstein,gaussian,0.10000000,1,0.82313603,0
Claudia_Pechstein,gaussian,0.20000000,0,nan,1
Claudia_Pechstein,gaussian,0.30000000,0,nan,1
Claudia_Pechstein,brightness,1.00000000,1,1.00000000,0
Claudia_Pechstein,brightness,0.90000000,1,0.99880600,0
Claudia_Pechstein,brightness,0.80000000,1,0.99666071,0
Claudia_Pechstein,brightness,0.65000000,1,0.99177969,0
Claudia_Pechstein,brightness,0.50000000,1,0.98271990,0
Claudia_Pechstein,brightness,0.35000000,1,0.97554928,0
Claudia_Pechstein,rotation,0.00000000,1,1.00000000,0
Claudia_Pechstein,rotation,3.00000000,1,0.99556816,0
Claudia_Pechstein,rotation,6.00000000,1,0.99371701,0
Claudia_Pechstein,rotation,10.00000000,1,0.99139631,0
Claudia_Pechstein,rotation,15.00000000,1,0.98405111,0
Claudia_Pechstein,rotation,20.00000000,1,0.98307103,0
Claudia_Pechstein,blur,0.00000000,1,0.99219048,0
Claudia_Pechstein,blur,1.00000000,1,0.99029797,0
Claudia_Pechstein,blur,2.00000000,1,0.95449114,0
Claudia_Pechstein,blur,3.00000000,0,0.86612463,0
Claudia_Pechstein,blur,4.00000000,0,0.75204813,0
Claudia_Pechstein,blur,5.00000000,0,0.61833876,0
Claudia_Pechstein,occlusion,0.00000000,1,0.99861652,0
Claudia_Pechstein,occlusion,0.10000000,0,nan,1
Claudia_Pechstein,occlusion,0.15000000,0,nan,1
Claudia_Pechstein,occlusion,0.20000000,0,nan,1
Claudia_Pechstein,occlusion,0.25000000,0,nan,1
Claudia_Pechstein,occlusion,0.30000000,0,nan,1
Clay_Aiken,gaussian,0.00000000,1,1.00000000,0
Clay_Aiken,gaussian,0.02000000,1,0.98059458,0
Clay_Aiken,gaussian,0.05000000,1,0.94359183,0
Clay_Aiken,gaussian,0.10000000,1,0.83391196,0
Clay_Aiken,gaussian,0.20000000,0,nan,1
Clay_Aiken,gaussian,0.30000000,0,nan,1
Clay_Aiken,brightness,1.00000000,1,1.00000000,0
Clay_Aiken,brightness,0.90000000,1,0.99932575,0
Clay_Aiken,brightness,0.80000000,1,0.99787337,0
Clay_Aiken,brightness,0.65000000,1,0.99447227,0
Clay_Aiken,brightness,0.50000000,1,0.98588920,0
Clay_Aiken,brightness,0.35000000,1,0.97411084,0
Clay_Aiken,rotation,0.00000000,1,1.00000000,0
Clay_Aiken,rotation,3.00000000,1,0.99849313,0
Clay_Aiken,rotation,6.00000000,1,0.99650002,0
Clay_Aiken,rotation,10.00000000,1,0.99545455,0
Clay_Aiken,rotation,15.00000000,1,0.99169070,0
Clay_Aiken,rotation,20.00000000,1,0.98331285,0
Clay_Aiken,blur,0.00000000,1,0.99648851,0
Clay_Aiken,blur,1.00000000,1,0.99575108,0
Clay_Aiken,blur,2.00000000,1,0.97188818,0
Clay_Aiken,blur,3.00000000,1,0.91702652,0
Clay_Aiken,blur,4.00000000,1,0.84997809,0
Clay_Aiken,blur,5.00000000,1,0.78845501,0
Clay_Aiken,occlusion,0.00000000,1,0.99818701,0
Clay_Aiken,occlusion,0.10000000,0,0.43108231,0
Clay_Aiken,occlusion,0.15000000,0,nan,1
Clay_Aiken,occlusion,0.20000000,0,nan,1
Clay_Aiken,occlusion,0.25000000,0,nan,1
Clay_Aiken,occlusion,0.30000000,0,nan,1
Clint_Eastwood,gaussian,0.00000000,1,1.00000012,0
Clint_Eastwood,gaussian,0.02000000,1,0.97907925,0
Clint_Eastwood,gaussian,0.05000000,1,0.92088783,0
Clint_Eastwood,gaussian,0.10000000,1,0.81778044,0
Clint_Eastwood,gaussian,0.20000000,0,nan,1
Clint_Eastwood,gaussian,0.30000000,0,nan,1
Clint_Eastwood,brightness,1.00000000,1,1.00000012,0
Clint_Eastwood,brightness,0.90000000,1,0.99930471,0
Clint_Eastwood,brightness,0.80000000,1,0.99833149,0
Clint_Eastwood,brightness,0.65000000,1,0.99566662,0
Clint_Eastwood,brightness,0.50000000,1,0.98762858,0
Clint_Eastwood,brightness,0.35000000,1,0.97874659,0
Clint_Eastwood,rotation,0.00000000,1,1.00000012,0
Clint_Eastwood,rotation,3.00000000,1,0.99772978,0
Clint_Eastwood,rotation,6.00000000,1,0.99739468,0
Clint_Eastwood,rotation,10.00000000,1,0.99768394,0
Clint_Eastwood,rotation,15.00000000,1,0.99730313,0
Clint_Eastwood,rotation,20.00000000,1,0.99095571,0
Clint_Eastwood,blur,0.00000000,1,0.99433613,0
Clint_Eastwood,blur,1.00000000,1,0.99312592,0
Clint_Eastwood,blur,2.00000000,1,0.94596720,0
Clint_Eastwood,blur,3.00000000,1,0.85431242,0
Clint_Eastwood,blur,4.00000000,1,0.75649476,0
Clint_Eastwood,blur,5.00000000,1,0.69002897,0
Clint_Eastwood,occlusion,0.00000000,1,0.99946153,0
Clint_Eastwood,occlusion,0.10000000,0,-0.01894324,0
Clint_Eastwood,occlusion,0.15000000,0,-0.02178812,0
Clint_Eastwood,occlusion,0.20000000,0,-0.02050609,0
Clint_Eastwood,occlusion,0.25000000,0,-0.01265370,0
Clint_Eastwood,occlusion,0.30000000,0,-0.03184781,0
Colin_Farrell,gaussian,0.00000000,1,1.00000000,0
Colin_Farrell,gaussian,0.02000000,1,0.99085879,0
Colin_Farrell,gaussian,0.05000000,1,0.95647132,0
Colin_Farrell,gaussian,0.10000000,1,0.89215362,0
Colin_Farrell,gaussian,0.20000000,0,nan,1
Colin_Farrell,gaussian,0.30000000,0,nan,1
Colin_Farrell,brightness,1.00000000,1,1.00000000,0
Colin_Farrell,brightness,0.90000000,1,0.99876124,0
Colin_Farrell,brightness,0.80000000,1,0.99684012,0
Colin_Farrell,brightness,0.65000000,1,0.99280524,0
Colin_Farrell,brightness,0.50000000,1,0.98658466,0
Colin_Farrell,brightness,0.35000000,1,0.97590071,0
Colin_Farrell,rotation,0.00000000,1,1.00000000,0
Colin_Farrell,rotation,3.00000000,1,0.99552715,0
Colin_Farrell,rotation,6.00000000,1,0.99468064,0
Colin_Farrell,rotation,10.00000000,1,0.99402517,0
Colin_Farrell,rotation,15.00000000,1,0.99106562,0
Colin_Farrell,rotation,20.00000000,1,0.98804247,0
Colin_Farrell,blur,0.00000000,1,0.99416769,0
Colin_Farrell,blur,1.00000000,1,0.99325466,0
Colin_Farrell,blur,2.00000000,1,0.96760684,0
Colin_Farrell,blur,3.00000000,1,0.91068864,0
Colin_Farrell,blur,4.00000000,1,0.82951516,0
Colin_Farrell,blur,5.00000000,0,0.75931042,0
Colin_Farrell,occlusion,0.00000000,1,0.99746066,0
Colin_Farrell,occlusion,0.10000000,0,0.47777900,0
Colin_Farrell,occlusion,0.15000000,0,0.28794810,0
Colin_Farrell,occlusion,0.20000000,0,nan,1
Colin_Farrell,occlusion,0.25000000,0,nan,1
Colin_Farrell,occlusion,0.30000000,0,nan,1
Colin_Montgomerie,gaussian,0.00000000,1,1.00000000,0
Colin_Montgomerie,gaussian,0.02000000,1,0.98012698,0
Colin_Montgomerie,gaussian,0.05000000,1,0.93748128,0
Colin_Montgomerie,gaussian,0.10000000,1,0.84666371,0
Colin_Montgomerie,gaussian,0.20000000,0,nan,1
Colin_Montgomerie,gaussian,0.30000000,0,nan,1
Colin_Montgomerie,brightness,1.00000000,1,1.00000000,0
Colin_Montgomerie,brightness,0.90000000,1,0.99919379,0
Colin_Montgomerie,brightness,0.80000000,1,0.99757260,0
Colin_Montgomerie,brightness,0.65000000,1,0.99292731,0
Colin_Montgomerie,brightness,0.50000000,1,0.98439193,0
Colin_Montgomerie,brightness,0.35000000,1,0.97165042,0
Colin_Montgomerie,rotation,0.00000000,1,1.00000000,0
Colin_Montgomerie,rotation,3.00000000,1,0.99789464,0
Colin_Montgomerie,rotation,6.00000000,1,0.99716854,0
Colin_Montgomerie,rotation,10.00000000,1,0.99727613,0
Colin_Montgomerie,rotation,15.00000000,1,0.99563384,0
Colin_Montgomerie,rotation,20.00000000,1,0.99457109,0
Colin_Montgomerie,blur,0.00000000,1,0.99603760,0
Colin_Montgomerie,blur,1.00000000,1,0.99531102,0
Colin_Montgomerie,blur,2.00000000,1,0.96657407,0
Colin_Montgomerie,blur,3.00000000,1,0.91393912,0
Colin_Montgomerie,blur,4.00000000,1,0.84308386,0
Colin_Montgomerie,blur,5.00000000,0,0.74193019,0
Colin_Montgomerie,occlusion,0.00000000,1,0.99925381,0
Colin_Montgomerie,occlusion,0.10000000,0,0.21558586,0
Colin_Montgomerie,occlusion,0.15000000,0,nan,1
Colin_Montgomerie,occlusion,0.20000000,0,nan,1
Colin_Montgomerie,occlusion,0.25000000,0,nan,1
Colin_Montgomerie,occlusion,0.30000000,0,nan,1
Colin_Powell,gaussian,0.00000000,1,1.00000000,0
Colin_Powell,gaussian,0.02000000,1,0.98935288,0
Colin_Powell,gaussian,0.05000000,1,0.92861342,0
Colin_Powell,gaussian,0.10000000,1,0.83227301,0
Colin_Powell,gaussian,0.20000000,0,nan,1
Colin_Powell,gaussian,0.30000000,0,nan,1
Colin_Powell,brightness,1.00000000,1,1.00000000,0
Colin_Powell,brightness,0.90000000,1,0.99941337,0
Colin_Powell,brightness,0.80000000,1,0.99817014,0
Colin_Powell,brightness,0.65000000,1,0.99560124,0
Colin_Powell,brightness,0.50000000,1,0.99066699,0
Colin_Powell,brightness,0.35000000,1,0.98084092,0
Colin_Powell,rotation,0.00000000,1,1.00000000,0
Colin_Powell,rotation,3.00000000,1,0.99758780,0
Colin_Powell,rotation,6.00000000,1,0.99582791,0
Colin_Powell,rotation,10.00000000,1,0.99731666,0
Colin_Powell,rotation,15.00000000,1,0.99489510,0
Colin_Powell,rotation,20.00000000,1,0.98805439,0
Colin_Powell,blur,0.00000000,1,0.99336797,0
Colin_Powell,blur,1.00000000,1,0.99167031,0
Colin_Powell,blur,2.00000000,1,0.95479763,0
Colin_Powell,blur,3.00000000,1,0.88754249,0
Colin_Powell,blur,4.00000000,1,0.78843886,0
Colin_Powell,blur,5.00000000,0,0.68272293,0
Colin_Powell,occlusion,0.00000000,1,0.99944776,0
Colin_Powell,occlusion,0.10000000,0,0.19804689,0
Colin_Powell,occlusion,0.15000000,0,nan,1
Colin_Powell,occlusion,0.20000000,0,nan,1
Colin_Powell,occlusion,0.25000000,0,nan,1
Colin_Powell,occlusion,0.30000000,0,nan,1
Condoleezza_Rice,gaussian,0.00000000,1,1.00000012,0
Condoleezza_Rice,gaussian,0.02000000,1,0.99395752,0
Condoleezza_Rice,gaussian,0.05000000,1,0.97263598,0
Condoleezza_Rice,gaussian,0.10000000,1,0.91716719,0
Condoleezza_Rice,gaussian,0.20000000,0,nan,1
Condoleezza_Rice,gaussian,0.30000000,0,nan,1
Condoleezza_Rice,brightness,1.00000000,1,1.00000012,0
Condoleezza_Rice,brightness,0.90000000,1,0.99945712,0
Condoleezza_Rice,brightness,0.80000000,1,0.99834299,0
Condoleezza_Rice,brightness,0.65000000,1,0.99566758,0
Condoleezza_Rice,brightness,0.50000000,1,0.99103242,0
Condoleezza_Rice,brightness,0.35000000,1,0.98418069,0
Condoleezza_Rice,rotation,0.00000000,1,1.00000012,0
Condoleezza_Rice,rotation,3.00000000,1,0.99806440,0
Condoleezza_Rice,rotation,6.00000000,1,0.99756277,0
Condoleezza_Rice,rotation,10.00000000,1,0.99770695,0
Condoleezza_Rice,rotation,15.00000000,1,0.99632353,0
Condoleezza_Rice,rotation,20.00000000,1,0.99374652,0
Condoleezza_Rice,blur,0.00000000,1,0.99610496,0
Condoleezza_Rice,blur,1.00000000,1,0.99530441,0
Condoleezza_Rice,blur,2.00000000,1,0.95928288,0
Condoleezza_Rice,blur,3.00000000,1,0.87611347,0
Condoleezza_Rice,blur,4.00000000,1,0.80745244,0
Condoleezza_Rice,blur,5.00000000,1,0.71165025,0
Condoleezza_Rice,occlusion,0.00000000,1,0.99933422,0
Condoleezza_Rice,occlusion,0.10000000,0,0.23369449,0
Condoleezza_Rice,occlusion,0.15000000,0,nan,1
Condoleezza_Rice,occlusion,0.20000000,0,nan,1
Condoleezza_Rice,occlusion,0.25000000,0,nan,1
Condoleezza_Rice,occlusion,0.30000000,0,nan,1
Costas_Simitis,gaussian,0.00000000,1,1.00000000,0
Costas_Simitis,gaussian,0.02000000,1,0.98346514,0
Costas_Simitis,gaussian,0.05000000,1,0.91613764,0
Costas_Simitis,gaussian,0.10000000,1,0.82044870,0
Costas_Simitis,gaussian,0.20000000,0,nan,1
Costas_Simitis,gaussian,0.30000000,0,nan,1
Costas_Simitis,brightness,1.00000000,1,1.00000000,0
Costas_Simitis,brightness,0.90000000,1,0.99941695,0
Costas_Simitis,brightness,0.80000000,1,0.99815398,0
Costas_Simitis,brightness,0.65000000,1,0.99554825,0
Costas_Simitis,brightness,0.50000000,1,0.98966235,0
Costas_Simitis,brightness,0.35000000,1,0.98374450,0
Costas_Simitis,rotation,0.00000000,1,1.00000000,0
Costas_Simitis,rotation,3.00000000,1,0.99745536,0
Costas_Simitis,rotation,6.00000000,1,0.99705017,0
Costas_Simitis,rotation,10.00000000,1,0.99642867,0
Costas_Simitis,rotation,15.00000000,1,0.99510968,0
Costas_Simitis,rotation,20.00000000,1,0.98962164,0
Costas_Simitis,blur,0.00000000,1,0.99557936,0
Costas_Simitis,blur,1.00000000,1,0.99449182,0
Costas_Simitis,blur,2.00000000,1,0.96177006,0
Costas_Simitis,blur,3.00000000,1,0.87861955,0
Costas_Simitis,blur,4.00000000,0,0.77038556,0
Costas_Simitis,blur,5.00000000,0,0.66423029,0
Costas_Simitis,occlusion,0.00000000,1,0.99877709,0
Costas_Simitis,occlusion,0.10000000,0,0.03669706,0
Costas_Simitis,occlusion,0.15000000,0,0.03600804,0
Costas_Simitis,occlusion,0.20000000,0,0.03834952,0
Costas_Simitis,occlusion,0.25000000,0,0.05917631,0
Costas_Simitis,occlusion,0.30000000,0,0.06343385,0
Cruz_Bustamante,gaussian,0.00000000,1,0.99999994,0
Cruz_Bustamante,gaussian,0.02000000,1,0.98765314,0
Cruz_Bustamante,gaussian,0.05000000,1,0.94914728,0
Cruz_Bustamante,gaussian,0.10000000,1,0.89174205,0
Cruz_Bustamante,gaussian,0.20000000,1,0.75859982,0
Cruz_Bustamante,gaussian,0.30000000,0,nan,1
Cruz_Bustamante,brightness,1.00000000,1,0.99999994,0
Cruz_Bustamante,brightness,0.90000000,1,0.99875045,0
Cruz_Bustamante,brightness,0.80000000,1,0.99659050,0
Cruz_Bustamante,brightness,0.65000000,1,0.99288797,0
Cruz_Bustamante,brightness,0.50000000,1,0.98735768,0
Cruz_Bustamante,brightness,0.35000000,1,0.97723037,0
Cruz_Bustamante,rotation,0.00000000,1,0.99999994,0
Cruz_Bustamante,rotation,3.00000000,1,0.99179828,0
Cruz_Bustamante,rotation,6.00000000,1,0.99366081,0
Cruz_Bustamante,rotation,10.00000000,1,0.99424851,0
Cruz_Bustamante,rotation,15.00000000,1,0.98922873,0
Cruz_Bustamante,rotation,20.00000000,1,0.98705226,0
Cruz_Bustamante,blur,0.00000000,1,0.99115193,0
Cruz_Bustamante,blur,1.00000000,1,0.98939645,0
Cruz_Bustamante,blur,2.00000000,1,0.95721507,0
Cruz_Bustamante,blur,3.00000000,1,0.90331000,0
Cruz_Bustamante,blur,4.00000000,1,0.82859206,0
Cruz_Bustamante,blur,5.00000000,0,0.69341564,0
Cruz_Bustamante,occlusion,0.00000000,1,0.99943471,0
Cruz_Bustamante,occlusion,0.10000000,0,nan,1
Cruz_Bustamante,occlusion,0.15000000,0,nan,1
Cruz_Bustamante,occlusion,0.20000000,0,nan,1
Cruz_Bustamante,occlusion,0.25000000,0,nan,1
Cruz_Bustamante,occlusion,0.30000000,0,nan,1
David_Anderson,gaussian,0.00000000,1,0.99999988,0
David_Anderson,gaussian,0.02000000,1,0.98921335,0
David_Anderson,gaussian,0.05000000,1,0.95463282,0
David_Anderson,gaussian,0.10000000,1,0.88194549,0
David_Anderson,gaussian,0.20000000,0,nan,1
David_Anderson,gaussian,0.30000000,0,nan,1
David_Anderson,brightness,1.00000000,1,0.99999988,0
David_Anderson,brightness,0.90000000,1,0.99924266,0
David_Anderson,brightness,0.80000000,1,0.99785888,0
David_Anderson,brightness,0.65000000,1,0.99315369,0
David_Anderson,brightness,0.50000000,1,0.98768586,0
David_Anderson,brightness,0.35000000,1,0.97839969,0
David_Anderson,rotation,0.00000000,1,0.99999988,0
David_Anderson,rotation,3.00000000,1,0.99540949,0
David_Anderson,rotation,6.00000000,1,0.99563074,0
David_Anderson,rotation,10.00000000,1,0.99532938,0
David_Anderson,rotation,15.00000000,1,0.99661124,0
David_Anderson,rotation,20.00000000,1,0.99416757,0
David_Anderson,blur,0.00000000,1,0.99265969,0
David_Anderson,blur,1.00000000,1,0.99144340,0
David_Anderson,blur,2.00000000,1,0.95425808,0
David_Anderson,blur,3.00000000,1,0.88620365,0
David_Anderson,blur,4.00000000,1,0.80026621,0
David_Anderson,blur,5.00000000,1,0.73633212,0
David_Anderson,occlusion,0.00000000,1,0.99870861,0
David_Anderson,occlusion,0.10000000,0,0.37711304,0
David_Anderson,occlusion,0.15000000,0,nan,1
David_Anderson,occlusion,0.20000000,0,nan,1
David_Anderson,occlusion,0.25000000,0,nan,1
David_Anderson,occlusion,0.30000000,0,nan,1
David_Beckham,gaussian,0.00000000,1,1.00000000,0
David_Beckham,gaussian,0.02000000,1,0.98554468,0
David_Beckham,gaussian,0.05000000,1,0.92895138,0
David_Beckham,gaussian,0.10000000,0,0.85850251,0
David_Beckham,gaussian,0.20000000,0,nan,1
David_Beckham,gaussian,0.30000000,0,nan,1
David_Beckham,brightness,1.00000000,1,1.00000000,0
David_Beckham,brightness,0.90000000,1,0.99934077,0
David_Beckham,brightness,0.80000000,1,0.99837166,0
David_Beckham,brightness,0.65000000,1,0.99560803,0
David_Beckham,brightness,0.50000000,1,0.98989367,0
David_Beckham,brightness,0.35000000,1,0.98013783,0
David_Beckham,rotation,0.00000000,1,1.00000000,0
David_Beckham,rotation,3.00000000,1,0.99800491,0
David_Beckham,rotation,6.00000000,1,0.99794269,0
David_Beckham,rotation,10.00000000,1,0.99690193,0
David_Beckham,rotation,15.00000000,1,0.99619615,0
David_Beckham,rotation,20.00000000,1,0.98993576,0
David_Beckham,blur,0.00000000,1,0.99629664,0
David_Beckham,blur,1.00000000,1,0.99571210,0
David_Beckham,blur,2.00000000,0,0.95815170,0
David_Beckham,blur,3.00000000,0,0.86143517,0
David_Beckham,blur,4.00000000,0,0.75404674,0
David_Beckham,blur,5.00000000,0,0.67602813,0
David_Beckham,occlusion,0.00000000,1,0.99834180,0
David_Beckham,occlusion,0.10000000,0,nan,1
David_Beckham,occlusion,0.15000000,0,nan,1
David_Beckham,occlusion,0.20000000,0,nan,1
David_Beckham,occlusion,0.25000000,0,nan,1
David_Beckham,occlusion,0.30000000,0,nan,1
David_Heymann,gaussian,0.00000000,1,1.00000000,0
David_Heymann,gaussian,0.02000000,1,0.99304819,0
David_Heymann,gaussian,0.05000000,1,0.95865500,0
David_Heymann,gaussian,0.10000000,1,0.89048994,0
David_Heymann,gaussian,0.20000000,0,nan,1
David_Heymann,gaussian,0.30000000,0,nan,1
David_Heymann,brightness,1.00000000,1,1.00000000,0
David_Heymann,brightness,0.90000000,1,0.99963605,0
David_Heymann,brightness,0.80000000,1,0.99904060,0
David_Heymann,brightness,0.65000000,1,0.99694729,0
David_Heymann,brightness,0.50000000,1,0.99284244,0
David_Heymann,brightness,0.35000000,1,0.98489857,0
David_Heymann,rotation,0.00000000,1,1.00000000,0
David_Heymann,rotation,3.00000000,1,0.99683970,0
David_Heymann,rotation,6.00000000,1,0.99586785,0
David_Heymann,rotation,10.00000000,1,0.99622571,0
David_Heymann,rotation,15.00000000,1,0.99680734,0
David_Heymann,rotation,20.00000000,1,0.99786299,0
David_Heymann,blur,0.00000000,1,0.99493921,0
David_Heymann,blur,1.00000000,1,0.99368304,0
David_Heymann,blur,2.00000000,1,0.95660001,0
David_Heymann,blur,3.00000000,1,0.86923915,0
David_Heymann,blur,4.00000000,1,0.76737940,0
David_Heymann,blur,5.00000000,0,0.68639690,0
David_Heymann,occlusion,0.00000000,1,0.99930036,0
David_Heymann,occlusion,0.10000000,0,0.41999841,0
David_Heymann,occlusion,0.15000000,0,nan,1
David_Heymann,occlusion,0.20000000,0,nan,1
David_Heymann,occlusion,0.25000000,0,nan,1
David_Heymann,occlusion,0.30000000,0,nan,1
David_Nalbandian,gaussian,0.00000000,1,1.00000000,0
David_Nalbandian,gaussian,0.02000000,1,0.98672551,0
David_Nalbandian,gaussian,0.05000000,1,0.94860339,0
David_Nalbandian,gaussian,0.10000000,1,0.86148190,0
David_Nalbandian,gaussian,0.20000000,0,nan,1
David_Nalbandian,gaussian,0.30000000,0,nan,1
David_Nalbandian,brightness,1.00000000,1,1.00000000,0
David_Nalbandian,brightness,0.90000000,1,0.99928868,0
David_Nalbandian,brightness,0.80000000,1,0.99781978,0
David_Nalbandian,brightness,0.65000000,1,0.99372166,0
David_Nalbandian,brightness,0.50000000,1,0.98830128,0
David_Nalbandian,brightness,0.35000000,1,0.97182524,0
David_Nalbandian,rotation,0.00000000,1,1.00000000,0
David_Nalbandian,rotation,3.00000000,1,0.99473888,0
David_Nalbandian,rotation,6.00000000,1,0.99283075,0
David_Nalbandian,rotation,10.00000000,1,0.99121743,0
David_Nalbandian,rotation,15.00000000,1,0.99387723,0
David_Nalbandian,rotation,20.00000000,1,0.99529541,0
David_Nalbandian,blur,0.00000000,1,0.99344575,0
David_Nalbandian,blur,1.00000000,1,0.99224561,0
David_Nalbandian,blur,2.00000000,1,0.96007186,0
David_Nalbandian,blur,3.00000000,1,0.91456735,0
David_Nalbandian,blur,4.00000000,1,0.81734288,0
David_Nalbandian,blur,5.00000000,0,0.67137241,0
David_Nalbandian,occlusion,0.00000000,1,0.99942589,0
David_Nalbandian,occlusion,0.10000000,0,0.26652467,0
David_Nalbandian,occlusion,0.15000000,0,nan,1
David_Nalbandian,occlusion,0.20000000,0,nan,1
David_Nalbandian,occlusion,0.25000000,0,nan,1
David_Nalbandian,occlusion,0.30000000,0,nan,1
David_Trimble,gaussian,0.00000000,1,0.99999988,0
David_Trimble,gaussian,0.02000000,1,0.99010623,0
David_Trimble,gaussian,0.05000000,1,0.96925414,0
David_Trimble,gaussian,0.10000000,1,0.91496646,0
David_Trimble,gaussian,0.20000000,0,nan,1
David_Trimble,gaussian,0.30000000,0,nan,1
David_Trimble,brightness,1.00000000,1,0.99999988,0
David_Trimble,brightness,0.90000000,1,0.99934250,0
David_Trimble,brightness,0.80000000,1,0.99833751,0
David_Trimble,brightness,0.65000000,1,0.99568200,0
David_Trimble,brightness,0.50000000,1,0.99160099,0
David_Trimble,brightness,0.35000000,1,0.98425436,0
David_Trimble,rotation,0.00000000,1,0.99999988,0
David_Trimble,rotation,3.00000000,1,0.99782622,0
David_Trimble,rotation,6.00000000,1,0.99700171,0
David_Trimble,rotation,10.00000000,1,0.99751788,0
David_Trimble,rotation,15.00000000,1,0.99732959,0
David_Trimble,rotation,20.00000000,1,0.99576312,0
David_Trimble,blur,0.00000000,1,0.99447811,0
David_Trimble,blur,1.00000000,1,0.99339348,0
David_Trimble,blur,2.00000000,1,0.96823245,0
David_Trimble,blur,3.00000000,1,0.92376679,0
David_Trimble,blur,4.00000000,1,0.86336911,0
David_Trimble,blur,5.00000000,1,0.78925395,0
David_Trimble,occlusion,0.00000000,1,0.99939430,0
David_Trimble,occlusion,0.10000000,0,0.41645434,0
David_Trimble,occlusion,0.15000000,0,nan,1
David_Trimble,occlusion,0.20000000,0,nan,1
David_Trimble,occlusion,0.25000000,0,nan,1
David_Trimble,occlusion,0.30000000,0,nan,1
Dennis_Hastert,gaussian,0.00000000,1,1.00000000,0
Dennis_Hastert,gaussian,0.02000000,1,0.98397660,0
Dennis_Hastert,gaussian,0.05000000,1,0.92276567,0
Dennis_Hastert,gaussian,0.10000000,1,0.85622203,0
Dennis_Hastert,gaussian,0.20000000,0,nan,1
Dennis_Hastert,gaussian,0.30000000,0,nan,1
Dennis_Hastert,brightness,1.00000000,1,1.00000000,0
Dennis_Hastert,brightness,0.90000000,1,0.99936724,0
Dennis_Hastert,brightness,0.80000000,1,0.99724633,0
Dennis_Hastert,brightness,0.65000000,1,0.99514580,0
Dennis_Hastert,brightness,0.50000000,1,0.98993838,0
Dennis_Hastert,brightness,0.35000000,1,0.97840643,0
Dennis_Hastert,rotation,0.00000000,1,1.00000000,0
Dennis_Hastert,rotation,3.00000000,1,0.99810511,0
Dennis_Hastert,rotation,6.00000000,1,0.99794745,0
Dennis_Hastert,rotation,10.00000000,1,0.99726892,0
Dennis_Hastert,rotation,15.00000000,1,0.99491405,0
Dennis_Hastert,rotation,20.00000000,1,0.99494064,0
Dennis_Hastert,blur,0.00000000,1,0.99671370,0
Dennis_Hastert,blur,1.00000000,1,0.99651742,0
Dennis_Hastert,blur,2.00000000,1,0.97939974,0
Dennis_Hastert,blur,3.00000000,1,0.92630899,0
Dennis_Hastert,blur,4.00000000,1,0.82956403,0
Dennis_Hastert,blur,5.00000000,0,0.74461067,0
Dennis_Hastert,occlusion,0.00000000,1,0.99920803,0
Dennis_Hastert,occlusion,0.10000000,0,0.49169481,0
Dennis_Hastert,occlusion,0.15000000,0,nan,1
Dennis_Hastert,occlusion,0.20000000,0,nan,1
Dennis_Hastert,occlusion,0.25000000,0,nan,1
Dennis_Hastert,occlusion,0.30000000,0,nan,1
Dennis_Kucinich,gaussian,0.00000000,1,1.00000012,0
Dennis_Kucinich,gaussian,0.02000000,1,0.98864830,0
Dennis_Kucinich,gaussian,0.05000000,1,0.94870329,0
Dennis_Kucinich,gaussian,0.10000000,1,0.86662120,0
Dennis_Kucinich,gaussian,0.20000000,0,0.80291259,0
Dennis_Kucinich,gaussian,0.30000000,0,nan,1
Dennis_Kucinich,brightness,1.00000000,1,1.00000012,0
Dennis_Kucinich,brightness,0.90000000,1,0.99765629,0
Dennis_Kucinich,brightness,0.80000000,1,0.99483585,0
Dennis_Kucinich,brightness,0.65000000,1,0.99013692,0
Dennis_Kucinich,brightness,0.50000000,1,0.98378718,0
Dennis_Kucinich,brightness,0.35000000,1,0.97791374,0
Dennis_Kucinich,rotation,0.00000000,1,1.00000012,0
Dennis_Kucinich,rotation,3.00000000,1,0.99625182,0
Dennis_Kucinich,rotation,6.00000000,1,0.99684227,0
Dennis_Kucinich,rotation,10.00000000,1,0.99558324,0
Dennis_Kucinich,rotation,15.00000000,1,0.99336785,0
Dennis_Kucinich,rotation,20.00000000,1,0.99121654,0
Dennis_Kucinich,blur,0.00000000,1,0.99085844,0
Dennis_Kucinich,blur,1.00000000,1,0.98944002,0
Dennis_Kucinich,blur,2.00000000,1,0.95377958,0
Dennis_Kucinich,blur,3.00000000,0,0.89353061,0
Dennis_Kucinich,blur,4.00000000,0,0.79574478,0
Dennis_Kucinich,blur,5.00000000,0,0.68075657,0
Dennis_Kucinich,occlusion,0.00000000,1,0.99847698,0
Dennis_Kucinich,occlusion,0.10000000,0,0.51983261,0
Dennis_Kucinich,occlusion,0.15000000,0,nan,1
Dennis_Kucinich,occlusion,0.20000000,0,nan,1
Dennis_Kucinich,occlusion,0.25000000,0,nan,1
Dennis_Kucinich,occlusion,0.30000000,0,nan,1
Denzel_Washington,gaussian,0.00000000,1,0.99999994,0
Denzel_Washington,gaussian,0.02000000,1,0.98596632,0
Denzel_Washington,gaussian,0.05000000,1,0.94469124,0
Denzel_Washington,gaussian,0.10000000,1,0.86638474,0
Denzel_Washington,gaussian,0.20000000,0,nan,1
Denzel_Washington,gaussian,0.30000000,0,nan,1
Denzel_Washington,brightness,1.00000000,1,0.99999994,0
Denzel_Washington,brightness,0.90000000,1,0.99913502,0
Denzel_Washington,brightness,0.80000000,1,0.99837291,0
Denzel_Washington,brightness,0.65000000,1,0.99516284,0
Denzel_Washington,brightness,0.50000000,1,0.99083483,0
Denzel_Washington,brightness,0.35000000,1,0.98290730,0
Denzel_Washington,rotation,0.00000000,1,0.99999994,0
Denzel_Washington,rotation,3.00000000,1,0.99794805,0
Denzel_Washington,rotation,6.00000000,1,0.99723744,0
Denzel_Washington,rotation,10.00000000,1,0.99656963,0
Denzel_Washington,rotation,15.00000000,1,0.99679708,0
Denzel_Washington,rotation,20.00000000,1,0.99637860,0
Denzel_Washington,blur,0.00000000,1,0.99651527,0
Denzel_Washington,blur,1.00000000,1,0.99594653,0
Denzel_Washington,blur,2.00000000,1,0.97395873,0
Denzel_Washington,blur,3.00000000,1,0.90743756,0
Denzel_Washington,blur,4.00000000,1,0.81122446,0
Denzel_Washington,blur,5.00000000,1,0.67695248,0
Denzel_Washington,occlusion,0.00000000,1,0.99869651,0
Denzel_Washington,occlusion,0.10000000,0,0.35639384,0
Denzel_Washington,occlusion,0.15000000,0,-0.03957957,0
Denzel_Washington,occlusion,0.20000000,0,-0.03750494,0
Denzel_Washington,occlusion,0.25000000,0,-0.03496341,0
Denzel_Washington,occlusion,0.30000000,0,-0.02725565,0
Diana_Krall,gaussian,0.00000000,1,1.00000000,0
Diana_Krall,gaussian,0.02000000,1,0.98536068,0
Diana_Krall,gaussian,0.05000000,1,0.93885720,0
Diana_Krall,gaussian,0.10000000,1,0.85505271,0
Diana_Krall,gaussian,0.20000000,0,nan,1
Diana_Krall,gaussian,0.30000000,0,nan,1
Diana_Krall,brightness,1.00000000,1,1.00000000,0
Diana_Krall,brightness,0.90000000,1,0.99940205,0
Diana_Krall,brightness,0.80000000,1,0.99854386,0
Diana_Krall,brightness,0.65000000,1,0.99560279,0
Diana_Krall,brightness,0.50000000,1,0.99012697,0
Diana_Krall,brightness,0.35000000,1,0.98208988,0
Diana_Krall,rotation,0.00000000,1,1.00000000,0
Diana_Krall,rotation,3.00000000,1,0.99680835,0
Diana_Krall,rotation,6.00000000,1,0.99677533,0
Diana_Krall,rotation,10.00000000,1,0.99457240,0
Diana_Krall,rotation,15.00000000,1,0.99184442,0
Diana_Krall,rotation,20.00000000,1,0.98953205,0
Diana_Krall,blur,0.00000000,1,0.99536705,0
Diana_Krall,blur,1.00000000,1,0.99443173,0
Diana_Krall,blur,2.00000000,1,0.96443939,0
Diana_Krall,blur,3.00000000,1,0.87259519,0
Diana_Krall,blur,4.00000000,1,0.76656193,0
Diana_Krall,blur,5.00000000,1,0.68991435,0
Diana_Krall,occlusion,0.00000000,1,0.99895531,0
Diana_Krall,occlusion,0.10000000,0,0.45073882,0
Diana_Krall,occlusion,0.15000000,0,0.31753153,0
Diana_Krall,occlusion,0.20000000,0,nan,1
Diana_Krall,occlusion,0.25000000,0,nan,1
Diana_Krall,occlusion,0.30000000,0,nan,1
Dick_Cheney,gaussian,0.00000000,1,0.99999988,0
Dick_Cheney,gaussian,0.02000000,1,0.98498279,0
Dick_Cheney,gaussian,0.05000000,1,0.93335927,0
Dick_Cheney,gaussian,0.10000000,1,0.81454819,0
Dick_Cheney,gaussian,0.20000000,0,nan,1
Dick_Cheney,gaussian,0.30000000,0,nan,1
Dick_Cheney,brightness,1.00000000,1,0.99999988,0
Dick_Cheney,brightness,0.90000000,1,0.99870700,0
Dick_Cheney,brightness,0.80000000,1,0.99678349,0
Dick_Cheney,brightness,0.65000000,1,0.99199563,0
Dick_Cheney,brightness,0.50000000,1,0.98424983,0
Dick_Cheney,brightness,0.35000000,1,0.97024119,0
Dick_Cheney,rotation,0.00000000,1,0.99999988,0
Dick_Cheney,rotation,3.00000000,1,0.99669468,0
Dick_Cheney,rotation,6.00000000,1,0.99268353,0
Dick_Cheney,rotation,10.00000000,1,0.98962325,0
Dick_Cheney,rotation,15.00000000,1,0.98905468,0
Dick_Cheney,rotation,20.00000000,1,0.98430502,0
Dick_Cheney,blur,0.00000000,1,0.99012077,0
Dick_Cheney,blur,1.00000000,1,0.98844975,0
Dick_Cheney,blur,2.00000000,1,0.93036222,0
Dick_Cheney,blur,3.00000000,1,0.83203495,0
Dick_Cheney,blur,4.00000000,1,0.73336828,0
Dick_Cheney,blur,5.00000000,0,0.58365649,0
Dick_Cheney,occlusion,0.00000000,1,0.99922192,0
Dick_Cheney,occlusion,0.10000000,0,0.19317658,0
Dick_Cheney,occlusion,0.15000000,0,nan,1
Dick_Cheney,occlusion,0.20000000,0,nan,1
Dick_Cheney,occlusion,0.25000000,0,nan,1
Dick_Cheney,occlusion,0.30000000,0,nan,1
Dominique_de_Villepin,gaussian,0.00000000,1,1.00000000,0
Dominique_de_Villepin,gaussian,0.02000000,1,0.98224944,0
Dominique_de_Villepin,gaussian,0.05000000,1,0.91170490,0
Dominique_de_Villepin,gaussian,0.10000000,0,nan,1
Dominique_de_Villepin,gaussian,0.20000000,0,nan,1
Dominique_de_Villepin,gaussian,0.30000000,0,nan,1
Dominique_de_Villepin,brightness,1.00000000,1,1.00000000,0
Dominique_de_Villepin,brightness,0.90000000,1,0.99917531,0
Dominique_de_Villepin,brightness,0.80000000,1,0.99788880,0
Dominique_de_Villepin,brightness,0.65000000,1,0.99588978,0
Dominique_de_Villepin,brightness,0.50000000,1,0.99107456,0
Dominique_de_Villepin,brightness,0.35000000,1,0.97825545,0
Dominique_de_Villepin,rotation,0.00000000,1,1.00000000,0
Dominique_de_Villepin,rotation,3.00000000,1,0.99813080,0
Dominique_de_Villepin,rotation,6.00000000,1,0.99748069,0
Dominique_de_Villepin,rotation,10.00000000,1,0.99730533,0
Dominique_de_Villepin,rotation,15.00000000,1,0.99692333,0
Dominique_de_Villepin,rotation,20.00000000,1,0.99428689,0
Dominique_de_Villepin,blur,0.00000000,1,0.99636853,0
Dominique_de_Villepin,blur,1.00000000,1,0.99546844,0
Dominique_de_Villepin,blur,2.00000000,1,0.96478379,0
Dominique_de_Villepin,blur,3.00000000,1,0.88678759,0
Dominique_de_Villepin,blur,4.00000000,1,0.76328897,0
Dominique_de_Villepin,blur,5.00000000,0,0.68546069,0
Dominique_de_Villepin,occlusion,0.00000000,1,0.99889964,0
Dominique_de_Villepin,occlusion,0.10000000,0,0.48447421,0
Dominique_de_Villepin,occlusion,0.15000000,0,nan,1
Dominique_de_Villepin,occlusion,0.20000000,0,nan,1
Dominique_de_Villepin,occlusion,0.25000000,0,nan,1
Dominique_de_Villepin,occlusion,0.30000000,0,nan,1
Donald_Rumsfeld,gaussian,0.00000000,1,1.00000000,0
Donald_Rumsfeld,gaussian,0.02000000,1,0.99262190,0
Donald_Rumsfeld,gaussian,0.05000000,1,0.95789397,0
Donald_Rumsfeld,gaussian,0.10000000,1,0.90307236,0
Donald_Rumsfeld,gaussian,0.20000000,0,nan,1
Donald_Rumsfeld,gaussian,0.30000000,0,nan,1
Donald_Rumsfeld,brightness,1.00000000,1,1.00000000,0
Donald_Rumsfeld,brightness,0.90000000,1,0.99713969,0
Donald_Rumsfeld,brightness,0.80000000,1,0.99594200,0
Donald_Rumsfeld,brightness,0.65000000,1,0.99289584,0
Donald_Rumsfeld,brightness,0.50000000,1,0.98733163,0
Donald_Rumsfeld,brightness,0.35000000,1,0.97824746,0
Donald_Rumsfeld,rotation,0.00000000,1,1.00000000,0
Donald_Rumsfeld,rotation,3.00000000,1,0.99278706,0
Donald_Rumsfeld,rotation,6.00000000,1,0.99264908,0
Donald_Rumsfeld,rotation,10.00000000,1,0.98976111,0
Donald_Rumsfeld,rotation,15.00000000,1,0.98984659,0
Donald_Rumsfeld,rotation,20.00000000,1,0.98973614,0
Donald_Rumsfeld,blur,0.00000000,1,0.99157619,0
Donald_Rumsfeld,blur,1.00000000,1,0.99022925,0
Donald_Rumsfeld,blur,2.00000000,1,0.95436096,0
Donald_Rumsfeld,blur,3.00000000,1,0.90997708,0
Donald_Rumsfeld,blur,4.00000000,1,0.83761919,0
Donald_Rumsfeld,blur,5.00000000,1,0.73446643,0
Donald_Rumsfeld,occlusion,0.00000000,1,0.99522662,0
Donald_Rumsfeld,occlusion,0.10000000,0,nan,1
Donald_Rumsfeld,occlusion,0.15000000,0,nan,1
Donald_Rumsfeld,occlusion,0.20000000,0,nan,1
Donald_Rumsfeld,occlusion,0.25000000,0,nan,1
Donald_Rumsfeld,occlusion,0.30000000,0,nan,1
Edmund_Stoiber,gaussian,0.00000000,1,0.99999982,0
Edmund_Stoiber,gaussian,0.02000000,1,0.98855615,0
Edmund_Stoiber,gaussian,0.05000000,1,0.91652119,0
Edmund_Stoiber,gaussian,0.10000000,1,0.84369588,0
Edmund_Stoiber,gaussian,0.20000000,0,nan,1
Edmund_Stoiber,gaussian,0.30000000,0,nan,1
Edmund_Stoiber,brightness,1.00000000,1,0.99999982,0
Edmund_Stoiber,brightness,0.90000000,1,0.99953008,0
Edmund_Stoiber,brightness,0.80000000,1,0.99859393,0
Edmund_Stoiber,brightness,0.65000000,1,0.99611664,0
Edmund_Stoiber,brightness,0.50000000,1,0.99059987,0
Edmund_Stoiber,brightness,0.35000000,1,0.98195630,0
Edmund_Stoiber,rotation,0.00000000,1,0.99999982,0
Edmund_Stoiber,rotation,3.00000000,1,0.99763966,0
Edmund_Stoiber,rotation,6.00000000,1,0.99676669,0
Edmund_Stoiber,rotation,10.00000000,1,0.99242043,0
Edmund_Stoiber,rotation,15.00000000,1,0.98971152,0
Edmund_Stoiber,rotation,20.00000000,1,0.98230129,0
Edmund_Stoiber,blur,0.00000000,1,0.99415982,0
Edmund_Stoiber,blur,1.00000000,1,0.99250585,0
Edmund_Stoiber,blur,2.00000000,1,0.95060372,0
Edmund_Stoiber,blur,3.00000000,1,0.85884804,0
Edmund_Stoiber,blur,4.00000000,0,0.75436145,0
Edmund_Stoiber,blur,5.00000000,0,0.64561599,0
Edmund_Stoiber,occlusion,0.00000000,1,0.99827814,0
Edmund_Stoiber,occlusion,0.10000000,0,0.37578586,0
Edmund_Stoiber,occlusion,0.15000000,0,nan,1
Edmund_Stoiber,occlusion,0.20000000,0,nan,1
Edmund_Stoiber,occlusion,0.25000000,0,nan,1
Edmund_Stoiber,occlusion,0.30000000,0,nan,1
Eduard_Shevardnadze,gaussian,0.00000000,1,1.00000000,0
Eduard_Shevardnadze,gaussian,0.02000000,1,0.99267220,0
Eduard_Shevardnadze,gaussian,0.05000000,1,0.96861970,0
Eduard_Shevardnadze,gaussian,0.10000000,1,0.91595489,0
Eduard_Shevardnadze,gaussian,0.20000000,0,nan,1
Eduard_Shevardnadze,gaussian,0.30000000,0,nan,1
Eduard_Shevardnadze,brightness,1.00000000,1,1.00000000,0
Eduard_Shevardnadze,brightness,0.90000000,1,0.99925011,0
Eduard_Shevardnadze,brightness,0.80000000,1,0.99813235,0
Eduard_Shevardnadze,brightness,0.65000000,1,0.99542481,0
Eduard_Shevardnadze,brightness,0.50000000,1,0.99065846,0
Eduard_Shevardnadze,brightness,0.35000000,1,0.98076820,0
Eduard_Shevardnadze,rotation,0.00000000,1,1.00000000,0
Eduard_Shevardnadze,rotation,3.00000000,1,0.99770594,0
Eduard_Shevardnadze,rotation,6.00000000,1,0.99726117,0
Eduard_Shevardnadze,rotation,10.00000000,1,0.99441004,0
Eduard_Shevardnadze,rotation,15.00000000,1,0.99229062,0
Eduard_Shevardnadze,rotation,20.00000000,1,0.98909438,0
Eduard_Shevardnadze,blur,0.00000000,1,0.99373418,0
Eduard_Shevardnadze,blur,1.00000000,1,0.99245149,0
Eduard_Shevardnadze,blur,2.00000000,1,0.96152747,0
Eduard_Shevardnadze,blur,3.00000000,1,0.89457488,0
Eduard_Shevardnadze,blur,4.00000000,1,0.80400598,0
Eduard_Shevardnadze,blur,5.00000000,1,0.71322483,0
Eduard_Shevardnadze,occlusion,0.00000000,1,0.99884427,0
Eduard_Shevardnadze,occlusion,0.10000000,0,nan,1
Eduard_Shevardnadze,occlusion,0.15000000,0,nan,1
Eduard_Shevardnadze,occlusion,0.20000000,0,nan,1
Eduard_Shevardnadze,occlusion,0.25000000,0,nan,1
Eduard_Shevardnadze,occlusion,0.30000000,0,nan,1
Eduardo_Duhalde,gaussian,0.00000000,1,1.00000000,0
Eduardo_Duhalde,gaussian,0.02000000,1,0.98768860,0
Eduardo_Duhalde,gaussian,0.05000000,1,0.92633444,0
Eduardo_Duhalde,gaussian,0.10000000,1,0.82993209,0
Eduardo_Duhalde,gaussian,0.20000000,0,nan,1
Eduardo_Duhalde,gaussian,0.30000000,0,nan,1
Eduardo_Duhalde,brightness,1.00000000,1,1.00000000,0
Eduardo_Duhalde,brightness,0.90000000,1,0.99938232,0
Eduardo_Duhalde,brightness,0.80000000,1,0.99841613,0
Eduardo_Duhalde,brightness,0.65000000,1,0.99545509,0
Eduardo_Duhalde,brightness,0.50000000,1,0.98906678,0
Eduardo_Duhalde,brightness,0.35000000,1,0.97870427,0
Eduardo_Duhalde,rotation,0.00000000,1,1.00000000,0
Eduardo_Duhalde,rotation,3.00000000,1,0.99855578,0
Eduardo_Duhalde,rotation,6.00000000,1,0.99851322,0
Eduardo_Duhalde,rotation,10.00000000,1,0.99834931,0
Eduardo_Duhalde,rotation,15.00000000,1,0.99675965,0
Eduardo_Duhalde,rotation,20.00000000,1,0.99521315,0
Eduardo_Duhalde,blur,0.00000000,1,0.99414611,0
Eduardo_Duhalde,blur,1.00000000,1,0.99327755,0
Eduardo_Duhalde,blur,2.00000000,1,0.94612920,0
Eduardo_Duhalde,blur,3.00000000,1,0.81776828,0
Eduardo_Duhalde,blur,4.00000000,1,0.67836195,0
Eduardo_Duhalde,blur,5.00000000,0,0.55764556,0
Eduardo_Duhalde,occlusion,0.00000000,1,0.99907660,0
Eduardo_Duhalde,occlusion,0.10000000,0,nan,1
Eduardo_Duhalde,occlusion,0.15000000,0,nan,1
Eduardo_Duhalde,occlusion,0.20000000,0,nan,1
Eduardo_Duhalde,occlusion,0.25000000,0,nan,1
Eduardo_Duhalde,occlusion,0.30000000,0,nan,1
Edward_Lu,gaussian,0.00000000,1,1.00000000,0
Edward_Lu,gaussian,0.02000000,1,0.98775297,0
Edward_Lu,gaussian,0.05000000,1,0.94663644,0
Edward_Lu,gaussian,0.10000000,0,0.00559703,0
Edward_Lu,gaussian,0.20000000,0,nan,1
Edward_Lu,gaussian,0.30000000,0,nan,1
Edward_Lu,brightness,1.00000000,1,1.00000000,0
Edward_Lu,brightness,0.90000000,1,0.99921763,0
Edward_Lu,brightness,0.80000000,1,0.99806678,0
Edward_Lu,brightness,0.65000000,1,0.99485219,0
Edward_Lu,brightness,0.50000000,1,0.98989415,0
Edward_Lu,brightness,0.35000000,1,0.98006165,0
Edward_Lu,rotation,0.00000000,1,1.00000000,0
Edward_Lu,rotation,3.00000000,1,0.99629211,0
Edward_Lu,rotation,6.00000000,1,0.99526405,0
Edward_Lu,rotation,10.00000000,1,0.99353123,0
Edward_Lu,rotation,15.00000000,1,0.98792398,0
Edward_Lu,rotation,20.00000000,0,-0.08040497,0
Edward_Lu,blur,0.00000000,1,0.99167448,0
Edward_Lu,blur,1.00000000,1,0.99031436,0
Edward_Lu,blur,2.00000000,1,0.94910842,0
Edward_Lu,blur,3.00000000,1,0.89405775,0
Edward_Lu,blur,4.00000000,1,0.83337367,0
Edward_Lu,blur,5.00000000,0,0.01260588,0
Edward_Lu,occlusion,0.00000000,1,0.99889249,0
Edward_Lu,occlusion,0.10000000,0,0.00150864,0
Edward_Lu,occlusion,0.15000000,0,0.01204268,0
Edward_Lu,occlusion,0.20000000,0,0.00912055,0
Edward_Lu,occlusion,0.25000000,0,0.01297334,0
Edward_Lu,occlusion,0.30000000,0,0.03848368,0
Elizabeth_Hurley,gaussian,0.00000000,1,0.99999988,0
Elizabeth_Hurley,gaussian,0.02000000,1,0.97505873,0
Elizabeth_Hurley,gaussian,0.05000000,0,0.91285199,0
Elizabeth_Hurley,gaussian,0.10000000,1,0.78854662,0
Elizabeth_Hurley,gaussian,0.20000000,0,nan,1
Elizabeth_Hurley,gaussian,0.30000000,0,nan,1
Elizabeth_Hurley,brightness,1.00000000,1,0.99999988,0
Elizabeth_Hurley,brightness,0.90000000,1,0.99874872,0
Elizabeth_Hurley,brightness,0.80000000,1,0.99669069,0
Elizabeth_Hurley,brightness,0.65000000,1,0.99087524,0
Elizabeth_Hurley,brightness,0.50000000,1,0.98318553,0
Elizabeth_Hurley,brightness,0.35000000,1,0.97073078,0
Elizabeth_Hurley,rotation,0.00000000,1,0.99999988,0
Elizabeth_Hurley,rotation,3.00000000,1,0.99609506,0
Elizabeth_Hurley,rotation,6.00000000,1,0.99668205,0
Elizabeth_Hurley,rotation,10.00000000,1,0.99465126,0
Elizabeth_Hurley,rotation,15.00000000,1,0.99276578,0
Elizabeth_Hurley,rotation,20.00000000,1,0.99068898,0
Elizabeth_Hurley,blur,0.00000000,1,0.99324214,0
Elizabeth_Hurley,blur,1.00000000,1,0.99184448,0
Elizabeth_Hurley,blur,2.00000000,1,0.94386560,0
Elizabeth_Hurley,blur,3.00000000,0,0.86517912,0
Elizabeth_Hurley,blur,4.00000000,0,0.71533251,0
Elizabeth_Hurley,blur,5.00000000,0,0.57184881,0
Elizabeth_Hurley,occlusion,0.00000000,1,0.99906725,0
Elizabeth_Hurley,occlusion,0.10000000,0,0.37432873,0
Elizabeth_Hurley,occlusion,0.15000000,0,nan,1
Elizabeth_Hurley,occlusion,0.20000000,0,nan,1
Elizabeth_Hurley,occlusion,0.25000000,0,nan,1
Elizabeth_Hurley,occlusion,0.30000000,0,nan,1
