person_a,person_b,ok,byte_errors
Natalie_Coughlin,Albert_Costa,0,32
Carlos_Menem,Mohammad_Khatami,0,32
Vicente_Fox,Steve_Nash,0,32
Ralf_Schumacher,Wayne_Ferreira,0,32
Susan_Sarandon,Justine_Pasek,0,31
Liza_Minnelli,Amelie_Mauresmo,0,31
Russell_Simmons,Angela_Bassett,0,32
Oswaldo_Paya,Lance_Armstrong,0,32
Michael_Powell,Silvan_Shalom,0,32
Venus_Williams,Jennifer_Garner,0,32
Jeb_Bush,Jeremy_Greenstock,0,32
David_Anderson,Paula_Radcliffe,0,32
Javier_Solana,Anna_Kournikova,0,31
Li_Zhaoxing,Hugo_Chavez,0,32
Costas_Simitis,Alvaro_Uribe,0,32
Jacques_Rogge,Gonzalo_Sanchez_de_Lozada,0,32
Boris_Becker,Elton_John,0,31
Yao_Ming,George_Robertson,0,32
Cesar_Gaviria,Ricardo_Lagos,0,31
Joan_Laporta,John_McCain,0,32
Jose_Manuel_Durao_Barroso,Richard_Gephardt,0,32
Donald_Rumsfeld,Naomi_Watts,0,32
Javier_Solana,Luis_Horna,0,32
Christine_Todd_Whitman,Angelina_Jolie,0,32
Michael_Schumacher,John_Allen_Muhammad,0,32
Andre_Agassi,Pedro_Almodovar,0,32
Clara_Harris,David_Heymann,0,32
Yoko_Ono,Kristanna_Loken,0,32
Jesse_Jackson,Holly_Hunter,0,32
Robert_Kocharian,John_Negroponte,0,32
Yasser_Arafat,Tom_Ridge,0,32
Heidi_Klum,James_Kelly,0,32
Li_Zhaoxing,Kofi_Annan,0,32
Justine_Pasek,Michael_Powell,0,32
David_Trimble,Tom_Hanks,0,32
Guillermo_Coria,Michael_Chiklis,0,32
Christine_Todd_Whitman,Elizabeth_Smart,0,32
David_Anderson,Bill_Graham,0,32
Sergio_Vieira_De_Mello,Paul_Wolfowitz,0,32
Jackie_Chan,Maria_Soledad_Alvear_Valenzuela,0,31
Sophia_Loren,Benazir_Bhutto,0,32
Paul_Wolfowitz,Enrique_Bolanos,0,32
Rainer_Schuettler,Rob_Marshall,0,32
Martin_Scorsese,Joan_Laporta,0,32
Martina_McBride,Marco_Antonio_Barrera,0,32
Woody_Allen,Mahathir_Mohamad,0,32
Woody_Allen,Roger_Moore,0,31
Bill_Frist,Gwyneth_Paltrow,0,31
Jeremy_Greenstock,Jake_Gyllenhaal,0,32
Jonathan_Edwards,Ludivine_Sagnier,0,32
Martha_Stewart,Sergey_Lavrov,0,32
Monica_Seles,Tom_Ridge,0,32
Jay_Garner,Julianne_Moore,0,32
Gunter_Pleuger,Thaksin_Shinawatra,0,32
Gloria_Macapagal_Arroyo,Bob_Graham,0,32
Saddam_Hussein,Martin_McGuinness,0,32
Grant_Hackett,Marcelo_Rios,0,31
Tom_Cruise,Mike_Myers,0,32
Luiz_Inacio_Lula_da_Silva,Bill_Clinton,0,32
Paul_ONeill,Guillermo_Coria,0,32
Costas_Simitis,Tung_Chee-hwa,0,32
Paul_ONeill,Bill_Simon,0,32
Tim_Henman,John_Travolta,0,32
Guillermo_Coria,Gonzalo_Sanchez_de_Lozada,0,32
Ana_Guevara,Jean-David_Levitte,0,32
Joe_Lieberman,Jacques_Rogge,0,32
Jonathan_Edwards,John_Snow,0,32
George_Robertson,Joschka_Fischer,0,32
Billy_Crystal,Marcelo_Rios,0,31
Serena_Williams,George_HW_Bush,0,32
Yoko_Ono,Jimmy_Carter,0,32
Chen_Shui-bian,Lucio_Gutierrez,0,32
James_Wolfensohn,Carlos_Menem,0,32
Pedro_Almodovar,Gerry_Adams,0,31
George_W_Bush,Clara_Harris,0,32
Arnoldo_Aleman,Scott_Peterson,0,32
Celine_Dion,Jose_Serra,0,32
Larry_Brown,Lance_Bass,0,31
Ricardo_Sanchez,Roman_Polanski,0,31
Michelle_Kwan,Richard_Gephardt,0,32
Jean-David_Levitte,Robert_De_Niro,0,32
Bernard_Law,Luiz_Inacio_Lula_da_Silva,0,32
Anna_Kournikova,Hugo_Chavez,0,32
Michael_Chiklis,Monica_Seles,0,32
Valery_Giscard_dEstaing,Michael_Bloomberg,0,32
Boris_Becker,Jennifer_Garner,0,32
Meryl_Streep,Carla_Del_Ponte,0,31
Vincent_Brooks,Pierce_Brosnan,0,32
Victoria_Clarke,Martin_McGuinness,0,32
Ron_Dittemore,Rick_Perry,0,32
LeBron_James,Pedro_Almodovar,0,32
Eduardo_Duhalde,Larry_Brown,0,32
Keanu_Reeves,David_Heymann,0,32
Thaksin_Shinawatra,Michael_Bloomberg,0,32
Benazir_Bhutto,Oswaldo_Paya,0,32
Walter_Mondale,Gordon_Brown,0,32
Carrie-Anne_Moss,Emanuel_Ginobili,0,32
Joschka_Fischer,Mohammad_Khatami,0,32
Jeong_Se-hyun,Geoff_Hoon,0,32
Gerhard_Schroeder,Thaksin_Shinawatra,0,32
Dennis_Hastert,William_Macy,0,32
Tom_Harkin,Igor_Ivanov,0,32
Ana_Guevara,Bill_Frist,0,32
Carrie-Anne_Moss,Prince_Charles,0,32
Jon_Gruden,Arnold_Schwarzenegger,0,32
Paradorn_Srichaphan,Allyson_Felix,0,31
Kim_Ryong-sung,Taha_Yassin_Ramadan,0,32
Justin_Timberlake,Ariel_Sharon,0,32
Rainer_Schuettler,Fernando_Gonzalez,0,30
Luis_Ernesto_Derbez_Bautista,Mark_Hurlbert,0,32
Joseph_Biden,Mark_Philippoussis,0,31
Kristanna_Loken,Mark_Hurlbert,0,32
Elizabeth_Smart,Abdullah_Gul,0,31
Ludivine_Sagnier,Fidel_Castro,0,32
Bill_Gates,George_Clooney,0,32
Mick_Jagger,Hitomi_Soga,0,32
John_Allen_Muhammad,David_Heymann,0,32
Luis_Ernesto_Derbez_Bautista,Dominique_de_Villepin,0,32
Lucy_Liu,Joe_Lieberman,0,32
David_Trimble,Clara_Harris,0,32
Rubens_Barrichello,Marcelo_Rios,0,32
Trent_Lott,Kim_Clijsters,0,32
Princess_Caroline,Steven_Spielberg,0,32
Mark_Philippoussis,Jennifer_Lopez,0,32
Hugo_Chavez,Claudia_Pechstein,0,31
Jesse_Jackson,Grant_Hackett,0,32
Alastair_Campbell,Richard_Gere,0,31
Ai_Sugiyama,Ariel_Sharon,0,32
Martin_McGuinness,Clint_Eastwood,0,32
Tim_Robbins,Catherine_Deneuve,0,32
Tariq_Aziz,Yashwant_Sinha,0,32
Xanana_Gusmao,Richard_Virenque,0,32
Hamid_Karzai,Juan_Carlos_Ferrero,0,31
Marco_Antonio_Barrera,Xanana_Gusmao,0,32
Norah_Jones,David_Nalbandian,0,32
Steffi_Graf,Jack_Straw,0,31
Mark_Philippoussis,Sheryl_Crow,0,32
Rob_Marshall,Lleyton_Hewitt,0,32
Kim_Dae-jung,David_Anderson,0,32
George_Lopez,Oscar_De_La_Hoya,0,32
Jennifer_Capriati,Ashanti,0,32
George_Clooney,Larry_Brown,0,32
Mahathir_Mohamad,Jan_Ullrich,0,32
Lance_Bass,Russell_Simmons,0,31
Bill_Frist,Joe_Lieberman,0,32
Hu_Jintao,Harrison_Ford,0,32
Scott_McClellan,Binyamin_Ben-Eliezer,0,31
Gwyneth_Paltrow,John_Ashcroft,0,32
Robert_Zoellick,Kim_Dae-jung,0,32
Boris_Becker,Grant_Hackett,0,32
Ron_Dittemore,Paradorn_Srichaphan,0,32
Jennifer_Aniston,Robert_Blake,0,31
Antonio_Banderas,Sophia_Loren,0,32
Rudolph_Giuliani,Hugo_Chavez,0,32
Alan_Greenspan,William_Ford_Jr,0,32
Sergei_Ivanov,Amelia_Vega,0,32
Oswaldo_Paya,Jeong_Se-hyun,0,32
Norm_Coleman,Carrie-Anne_Moss,0,32
Mariah_Carey,Vladimir_Putin,0,32
Russell_Simmons,Hillary_Clinton,0,32
Elsa_Zylberstein,Jon_Gruden,0,32
George_Clooney,Scott_Peterson,0,32
Hosni_Mubarak,Jon_Gruden,0,32
Junichiro_Koizumi,Hugo_Chavez,0,31
Lindsay_Davenport,Rudolph_Giuliani,0,32
Kamal_Kharrazi,Vincent_Brooks,0,32
Michael_Schumacher,Kevin_Spacey,0,32
Vanessa_Redgrave,Mahmoud_Abbas,0,32
Victoria_Clarke,John_McCain,0,30
Carlos_Moya,Gregg_Popovich,0,30
Mark_Hurlbert,Scott_McClellan,0,32
Fernando_Henrique_Cardoso,Keanu_Reeves,0,32
Geoff_Hoon,Michael_Schumacher,0,32
Ali_Naimi,Emma_Watson,0,31
Luis_Gonzalez_Macchi,James_Kelly,0,32
Gray_Davis,Bob_Stoops,0,32
Tommy_Franks,Carmen_Electra,0,32
Arminio_Fraga,Rubens_Barrichello,0,32
Ron_Dittemore,Yao_Ming,0,32
Denzel_Washington,Heidi_Klum,0,32
Ana_Guevara,Goldie_Hawn,0,31
Jean_Chretien,Ricardo_Lagos,0,32
Hal_Gehman,Erika_Harold,0,32
Bertie_Ahern,Jiang_Zemin,0,32
Shimon_Peres,Prince_Charles,0,32
James_Blake,Roh_Moo-hyun,0,32
Mark_Hurlbert,Michael_Bloomberg,0,32
Ricardo_Lagos,Thomas_OBrien,0,32
Lucy_Liu,Kevin_Costner,0,32
Brad_Johnson,Ralf_Schumacher,0,32
Michael_Bloomberg,Holly_Hunter,0,31
Jim_Furyk,Hal_Gehman,0,32
Angela_Merkel,Clay_Aiken,0,32
Pedro_Malan,Calista_Flockhart,0,32
Robert_Kocharian,Denzel_Washington,0,32
Guillermo_Coria,Jackie_Chan,0,32
Adrien_Brody,Jon_Gruden,0,32
George_Robertson,Carmen_Electra,0,32
Elsa_Zylberstein,Matthew_Perry,0,32
Kristanna_Loken,Robert_Redford,0,32
Sophia_Loren,Mike_Myers,0,32
Justin_Timberlake,Lleyton_Hewitt,0,32
Romano_Prodi,David_Nalbandian,0,32
Colin_Montgomerie,Pete_Sampras,0,32
Walter_Mondale,Xanana_Gusmao,0,32
David_Nalbandian,Trent_Lott,0,31
Steven_Spielberg,Anna_Kournikova,0,32
Heizo_Takenaka,Li_Zhaoxing,0,32
Nick_Nolte,Ariel_Sharon,0,32
Erika_Harold,Carmen_Electra,0,32
Mark_Philippoussis,Jeremy_Greenstock,0,32
Jimmy_Carter,Carmen_Electra,0,32
Paul_Martin,Ciro_Gomes,0,32
Queen_Rania,James_Wolfensohn,0,32
Mohammad_Khatami,Diana_Krall,0,32
Hosni_Mubarak,Justine_Pasek,0,32
Robert_Zoellick,Amelie_Mauresmo,0,32
Enrique_Bolanos,Tommy_Thompson,0,32
Alejandro_Toledo,Pete_Sampras,0,32
Edmund_Stoiber,Christine_Baumgartner,0,32
Roger_Federer,Clara_Harris,0,31
Jean-David_Levitte,Naomi_Watts,0,32
JK_Rowling,Yasser_Arafat,0,32
Jake_Gyllenhaal,Kurt_Warner,0,32
Jose_Manuel_Durao_Barroso,Tim_Henman,0,32
Peter_Struck,Mohammad_Khatami,0,32
Gwyneth_Paltrow,Amelia_Vega,0,31
Oswaldo_Paya,Woody_Allen,0,32
Yasser_Arafat,Jose_Maria_Aznar,0,31
Roman_Polanski,Sergey_Lavrov,0,32
Jacques_Rogge,Amelia_Vega,0,32
George_Pataki,Justin_Timberlake,0,32
Zhu_Rongji,Tommy_Thompson,0,31
George_Pataki,Anna_Kournikova,0,32
Tung_Chee-hwa,Walter_Mondale,0,32
Bill_Simon,Tommy_Thompson,0,32
Bob_Stoops,Harrison_Ford,0,32
Elizabeth_Smart,Yoko_Ono,0,32
Jose_Maria_Aznar,Benjamin_Netanyahu,0,32
John_Abizaid,Pierce_Brosnan,0,32
James_Kelly,Catherine_Zeta-Jones,0,32
Hugo_Chavez,Steve_Lavin,0,31
William_Macy,Leonid_Kuchma,0,32
Boris_Becker,Jose_Manuel_Durao_Barroso,0,32
Heizo_Takenaka,Sean_OKeefe,0,31
Maria_Soledad_Alvear_Valenzuela,Michael_Schumacher,0,32
David_Nalbandian,Scott_Peterson,0,32
Paradorn_Srichaphan,Tim_Robbins,0,32
Jeong_Se-hyun,John_Kerry,0,32
Elizabeth_Hurley,Tommy_Franks,0,32
Lucio_Gutierrez,Jean_Chretien,0,32
Wayne_Ferreira,Leonid_Kuchma,0,32
David_Beckham,John_Negroponte,0,32
John_Snow,Jason_Kidd,0,32
Tariq_Aziz,Hal_Gehman,0,32
Scott_Peterson,Clara_Harris,0,32
Tony_Stewart,Mike_Martz,0,32
Gil_de_Ferran,Jack_Straw,0,32
George_Robertson,Laura_Bush,0,32
Erika_Harold,Julianne_Moore,0,32
Julianne_Moore,George_Pataki,0,32
Charles_Taylor,Ralf_Schumacher,0,32
Andy_Roddick,Robert_Redford,0,32
Eduard_Shevardnadze,Ben_Affleck,0,32
Wayne_Ferreira,Jim_Furyk,0,32
Gonzalo_Sanchez_de_Lozada,Jeremy_Greenstock,0,32
Billy_Crystal,Allyson_Felix,0,31
Jan_Ullrich,John_McCain,0,32
Charles_Moose,Wen_Jiabao,0,32
Donald_Rumsfeld,Michelle_Yeoh,0,32
Tim_Henman,Sergey_Lavrov,0,32
Valentino_Rossi,Taha_Yassin_Ramadan,0,32
Charles_Taylor,Holly_Hunter,0,32
Natalie_Maines,Robert_Redford,0,32
Hans_Blix,Dennis_Kucinich,0,32
Recep_Tayyip_Erdogan,Ludivine_Sagnier,0,32
Denzel_Washington,Guillermo_Coria,0,32
Serena_Williams,Kevin_Spacey,0,31
George_Pataki,Jonathan_Edwards,0,32
Martha_Stewart,Jan_Ullrich,0,32
Junichiro_Koizumi,Leonid_Kuchma,0,32
Donald_Rumsfeld,Roy_Moore,0,32
Joe_Lieberman,Chanda_Rubin,0,32
Muhammad_Saeed_al-Sahhaf,Kalpana_Chawla,0,32
Martin_McGuinness,Mike_Krzyzewski,0,32
Rick_Perry,Angela_Merkel,0,31
Ashanti,Kurt_Warner,0,32
Robert_Kocharian,John_Howard,0,31
Valentino_Rossi,Lance_Armstrong,0,32
John_Kerry,Mariah_Carey,0,32
Junichiro_Koizumi,Xanana_Gusmao,0,32
Matthew_Perry,Anna_Kournikova,0,32
Gonzalo_Sanchez_de_Lozada,William_Donaldson,0,32
Julianne_Moore,Mike_Martz,0,32
William_Macy,Calista_Flockhart,0,32
Venus_Williams,LeBron_James,0,32
Angela_Bassett,Kevin_Spacey,0,32
Marco_Antonio_Barrera,Joschka_Fischer,0,32
Mahmoud_Abbas,Harrison_Ford,0,32
Jean-Pierre_Raffarin,Fujio_Cho,0,32
Ahmed_Chalabi,Kate_Hudson,0,32
Leonid_Kuchma,Elizabeth_Hurley,0,31
Holly_Hunter,Nicole_Kidman,0,31
John_Manley,Muhammad_Ali,0,31
Silvio_Berlusconi,Frank_Solich,0,32
Justin_Timberlake,John_Howard,0,32
Michelle_Yeoh,Roman_Polanski,0,32
Rubens_Barrichello,Binyamin_Ben-Eliezer,0,32
John_Ashcroft,Princess_Caroline,0,32
David_Anderson,Maria_Shriver,0,32
Cameron_Diaz,Alvaro_Uribe,0,32
Yasser_Arafat,Spencer_Abraham,0,32
Michael_Phelps,Xanana_Gusmao,0,32
Alejandro_Toledo,Kim_Clijsters,0,32
Hugo_Chavez,Victoria_Clarke,0,32
Kim_Ryong-sung,Diana_Krall,0,32
Roh_Moo-hyun,Sergio_Vieira_De_Mello,0,31
Kim_Dae-jung,John_Allen_Muhammad,0,32
Russell_Simmons,Albert_Costa,0,32
Monica_Seles,Joe_Lieberman,0,32
Arnold_Schwarzenegger,Grant_Hackett,0,32
Juan_Pablo_Montoya,Jake_Gyllenhaal,0,32
Cruz_Bustamante,David_Heymann,0,32
Saddam_Hussein,Oscar_De_La_Hoya,0,32
Bertie_Ahern,Celine_Dion,0,32
Xavier_Malisse,David_Trimble,0,32
Mike_Martz,George_Lopez,0,32
Scott_McClellan,Martina_McBride,0,32
Valery_Giscard_dEstaing,Hu_Jintao,0,32
Hu_Jintao,Jason_Kidd,0,32
Angelina_Jolie,Jean-Pierre_Raffarin,0,32
Vladimir_Putin,Eduardo_Duhalde,0,32
Jonathan_Edwards,Howard_Dean,0,32
Peter_Struck,Javier_Solana,0,32
Valentino_Rossi,Carrie-Anne_Moss,0,31
Mireya_Moscoso,Mariah_Carey,0,32
John_Edwards,Jennifer_Lopez,0,32
Lleyton_Hewitt,Tim_Robbins,0,32
Rick_Perry,Martina_McBride,0,32
Paradorn_Srichaphan,Victoria_Clarke,0,32
Tommy_Thompson,Pamela_Anderson,0,32
Arminio_Fraga,Mahmoud_Abbas,0,32
Jose_Maria_Aznar,Jan_Ullrich,0,32
Thaksin_Shinawatra,Arnoldo_Aleman,0,32
Jon_Gruden,Fidel_Castro,0,32
Vaclav_Havel,George_Robertson,0,31
Edmund_Stoiber,Queen_Rania,0,32
Tim_Henman,Paul_Wolfowitz,0,31
Robert_Blake,Emanuel_Ginobili,0,32
Igor_Ivanov,Pedro_Almodovar,0,32
John_Allen_Muhammad,Muhammad_Saeed_al-Sahhaf,0,32
Kofi_Annan,Luiz_Inacio_Lula_da_Silva,0,32
Jose_Manuel_Durao_Barroso,Ludivine_Sagnier,0,32
Hal_Gehman,Dick_Cheney,0,32
Benazir_Bhutto,Enrique_Bolanos,0,32
Valentino_Rossi,Habib_Rizieq,0,31
Tommy_Thompson,Edward_Lu,0,31
Hu_Jintao,Queen_Rania,0,32
Grant_Hackett,Jackie_Chan,0,32
Steve_Nash,Yasser_Arafat,0,32
Michael_Douglas,Rick_Perry,0,31
Bill_Frist,Hosni_Mubarak,0,32
Vanessa_Redgrave,Oscar_De_La_Hoya,0,32
Marcelo_Rios,John_Abizaid,0,32
Michael_Phelps,Norm_Coleman,0,32
Mohammed_Al-Douri,Julie_Gerberding,0,32
Albert_Costa,Sergio_Vieira_De_Mello,0,32
Queen_Rania,Edward_Lu,0,32
Hugh_Grant,Antonio_Palocci,0,32
Jacques_Chirac,Naomi_Watts,0,32
Carmen_Electra,Kim_Dae-jung,0,31
Bill_Clinton,Mariah_Carey,0,32
Madonna,Pamela_Anderson,0,31
Claudia_Pechstein,Natalie_Coughlin,0,32
Roger_Moore,Wayne_Ferreira,0,32
Yoko_Ono,Queen_Elizabeth_II,0,32
Jan_Ullrich,Steve_Lavin,0,32
Dennis_Kucinich,John_Howard,0,32
Mohammed_Al-Douri,Catherine_Zeta-Jones,0,32
Sarah_Hughes,Kofi_Annan,0,32
Roman_Polanski,Marco_Antonio_Barrera,0,32
Jimmy_Carter,Sourav_Ganguly,0,32
Steve_Nash,Meryl_Streep,0,32
Mike_Martz,Enrique_Bolanos,0,31
Choi_Sung-hong,John_Manley,0,32
Mireya_Moscoso,Michael_Chang,0,32
Vicente_Fernandez,Taha_Yassin_Ramadan,0,32
Ricardo_Lagos,Enrique_Bolanos,0,30
Julie_Gerberding,Amelia_Vega,0,31
Benazir_Bhutto,Tony_Blair,0,32
Alan_Greenspan,Jennifer_Aniston,0,32
Tariq_Aziz,Michael_Chiklis,0,32
Nia_Vardalos,Jeremy_Greenstock,0,32
Bill_Gates,Susan_Sarandon,0,32
Denzel_Washington,Charles_Moose,0,32
Alvaro_Uribe,Gloria_Macapagal_Arroyo,0,32
Li_Peng,Tommy_Haas,0,32
Tang_Jiaxuan,Maria_Soledad_Alvear_Valenzuela,0,31
Paradorn_Srichaphan,George_HW_Bush,0,32
Richard_Gere,Lance_Armstrong,0,31
Kamal_Kharrazi,Kim_Clijsters,0,32
Colin_Farrell,Richard_Gephardt,0,32
Mahathir_Mohamad,Robert_Duvall,0,32
Jeremy_Greenstock,Catherine_Zeta-Jones,0,32
John_Stockton,Scott_Peterson,0,32
William_Donaldson,Jason_Kidd,0,32
Yao_Ming,John_Manley,0,32
George_Pataki,Carmen_Electra,0,32
Mark_Philippoussis,Frank_Solich,0,32
Gordon_Brown,Meryl_Streep,0,32
Jose_Manuel_Durao_Barroso,Trent_Lott,0,32
Vaclav_Havel,Woody_Allen,0,32
Zinedine_Zidane,Thaksin_Shinawatra,0,32
Jose_Manuel_Durao_Barroso,Ali_Naimi,0,32
Leonardo_DiCaprio,Jose_Manuel_Durao_Barroso,0,32
Vanessa_Redgrave,Norah_Jones,0,32
Binyamin_Ben-Eliezer,Jean-Pierre_Raffarin,0,32
Gregg_Popovich,Mahathir_Mohamad,0,32
Michael_Powell,Juan_Pablo_Montoya,0,32
Laura_Bush,Jeremy_Greenstock,0,32
Condoleezza_Rice,Kurt_Warner,0,32
Natalie_Maines,Vicente_Fernandez,0,32
Abdullah_Gul,Hosni_Mubarak,0,32
Marco_Antonio_Barrera,Sergio_Vieira_De_Mello,0,32
Woody_Allen,Kevin_Spacey,0,32
Justine_Pasek,John_Stockton,0,32
Grant_Hackett,Michael_Chiklis,0,32
Clay_Aiken,Mireya_Moscoso,0,32
Robert_Kocharian,Mohammed_Al-Douri,0,32
James_Wolfensohn,Renee_Zellweger,0,32
Maria_Soledad_Alvear_Valenzuela,Thaksin_Shinawatra,0,32
Sergio_Vieira_De_Mello,Pervez_Musharraf,0,32
Jennifer_Aniston,Junichiro_Koizumi,0,32
Tom_Crean,Monica_Seles,0,32
Ahmed_Chalabi,Susan_Sarandon,0,32
Jeremy_Greenstock,Tony_Blair,0,32
Alan_Greenspan,Steffi_Graf,0,32
Dennis_Hastert,Costas_Simitis,0,32
Trent_Lott,Costas_Simitis,0,32
Lucio_Gutierrez,Arnoldo_Aleman,0,32
Hillary_Clinton,Elizabeth_Smart,0,32
Laura_Bush,Victoria_Clarke,0,32
Ray_Romano,Laura_Bush,0,32
Bill_Graham,Vanessa_Redgrave,0,31
Roy_Moore,Carlos_Menem,0,32
Shimon_Peres,Ann_Veneman,0,32
Martin_Scorsese,Andy_Roddick,0,32
Valery_Giscard_dEstaing,Gregg_Popovich,0,30
Costas_Simitis,Kevin_Spacey,0,32
Elton_John,Leonardo_DiCaprio,0,32
Heizo_Takenaka,Jelena_Dokic,0,31
Bill_Graham,Dick_Cheney,0,31
David_Trimble,Queen_Rania,0,32
Mahathir_Mohamad,Jack_Straw,0,32
Catherine_Deneuve,Hal_Gehman,0,31
Vicente_Fox,Jiri_Novak,0,32
Mick_Jagger,Tom_Crean,0,32
David_Heymann,Mike_Weir,0,31
Dennis_Hastert,Elizabeth_Smart,0,32
Nick_Nolte,Angelina_Jolie,0,32
Ashanti,William_Donaldson,0,32
Jean_Charest,Choi_Sung-hong,0,32
JK_Rowling,Gwyneth_Paltrow,0,32
Nestor_Kirchner,Halle_Berry,0,32
Robert_Blake,Muhammad_Saeed_al-Sahhaf,0,31
Colin_Powell,Alvaro_Uribe,0,32
Silvio_Berlusconi,Kevin_Costner,0,32
Chanda_Rubin,Yoko_Ono,0,32
Ali_Naimi,Hosni_Mubarak,0,32
Eduard_Shevardnadze,Antonio_Banderas,0,32
Michael_Bloomberg,Xavier_Malisse,0,31
John_Travolta,Luis_Gonzalez_Macchi,0,32
John_McCain,Elton_John,0,32
Silvio_Berlusconi,Halle_Berry,0,32
Tung_Chee-hwa,Ray_Romano,0,32
Edward_Lu,Tom_Ridge,0,32
Chen_Shui-bian,Yao_Ming,0,32
Muhammad_Ali,Sergio_Vieira_De_Mello,0,32
Donald_Rumsfeld,Tang_Jiaxuan,0,32
Lleyton_Hewitt,Mohammad_Khatami,0,32
Carlos_Moya,Fernando_Henrique_Cardoso,0,32
Lucy_Liu,Gerhard_Schroeder,0,32
Sarah_Hughes,Jennifer_Capriati,0,32
Adrien_Brody,John_Bolton,0,32
Kamal_Kharrazi,Pierce_Brosnan,0,32
Joan_Laporta,Adrien_Brody,0,32
Sheryl_Crow,Robert_Duvall,0,32
Ana_Palacio,Vanessa_Redgrave,0,32
Emma_Watson,Sophia_Loren,0,31
Gloria_Macapagal_Arroyo,William_Donaldson,0,32
Michael_Schumacher,Renee_Zellweger,0,32
Geoff_Hoon,Wayne_Ferreira,0,32
Tim_Robbins,Geoff_Hoon,0,32
Habib_Rizieq,Charles_Moose,0,31
Ian_Thorpe,Grant_Hackett,0,32
Ralf_Schumacher,Vladimir_Putin,0,32
Jack_Straw,Cesar_Gaviria,0,32
Joan_Laporta,John_Kerry,0,32
David_Trimble,Joan_Laporta,0,32
Roy_Moore,Hugo_Chavez,0,32
Megawati_Sukarnoputri,Bill_Clinton,0,32
Princess_Caroline,Martha_Stewart,0,32
Chanda_Rubin,Antonio_Palocci,0,32
Michael_Chiklis,Nancy_Pelosi,0,32
Tommy_Franks,Juan_Carlos_Ferrero,0,32
Jean-Pierre_Raffarin,Frank_Solich,0,32
Jennifer_Lopez,Kim_Dae-jung,0,32
Cruz_Bustamante,Valentino_Rossi,0,32
Al_Sharpton,Martin_Scorsese,0,32
George_Lopez,Hans_Blix,0,32
Charles_Moose,Fernando_Henrique_Cardoso,0,32
Jean_Charest,Madonna,0,31
Ralf_Schumacher,William_Macy,0,32
Jelena_Dokic,Angelina_Jolie,0,32
Tim_Henman,Edmund_Stoiber,0,32
Vincent_Brooks,Charles_Taylor,0,32
Albert_Costa,Arnold_Schwarzenegger,0,32
Megawati_Sukarnoputri,Joan_Laporta,0,32
Holly_Hunter,Dennis_Kucinich,0,32
Li_Zhaoxing,Recep_Tayyip_Erdogan,0,32
Jennifer_Garner,Robert_Duvall,0,32
Ann_Veneman,Robert_Blake,0,32
Costas_Simitis,Joe_Lieberman,0,30
David_Anderson,Christine_Baumgartner,0,32
Benjamin_Netanyahu,Paul_ONeill,0,30
Keanu_Reeves,Gray_Davis,0,32
Alvaro_Uribe,Abdullah_Gul,0,32
Robert_Kocharian,Yashwant_Sinha,0,32
Edmund_Stoiber,Chanda_Rubin,0,32
Hal_Gehman,Mike_Myers,0,32
Justine_Pasek,Elizabeth_Hurley,0,32
John_Ashcroft,Roger_Federer,0,32
Sharon_Stone,Joseph_Biden,0,32
Kevin_Costner,David_Trimble,0,32
Carlos_Menem,Princess_Caroline,0,32
Ariel_Sharon,Juan_Carlos_Ferrero,0,32
Tommy_Thompson,David_Trimble,0,32
Richard_Armitage,Richard_Gephardt,0,32
Abdullah_Gul,Angelina_Jolie,0,32
Tim_Henman,Harrison_Ford,0,32
Joschka_Fischer,Vanessa_Redgrave,0,32
Jackie_Chan,Roger_Federer,0,32
Michael_Douglas,Eduard_Shevardnadze,0,32
Jason_Kidd,Michael_Schumacher,0,32
Ashanti,Billy_Crystal,0,32
Ralf_Schumacher,Gene_Robinson,0,32
Michael_Bloomberg,Tim_Henman,0,31
John_Manley,Bob_Stoops,0,32
Pervez_Musharraf,Yao_Ming,0,32
Lleyton_Hewitt,Trent_Lott,0,30
Jason_Kidd,Alan_Greenspan,0,32
Christine_Todd_Whitman,Susan_Sarandon,0,32
Mike_Martz,Heidi_Klum,0,31
Serena_Williams,Ian_Thorpe,0,32
Zhu_Rongji,Scott_Peterson,0,32
Jeremy_Greenstock,Elizabeth_Smart,0,32
Walter_Mondale,Robert_Mueller,0,32
Kofi_Annan,Martin_Scorsese,0,32
Amelie_Mauresmo,Tommy_Haas,0,31
Martin_Scorsese,Cruz_Bustamante,0,32
William_Ford_Jr,John_Allen_Muhammad,0,32
William_Donaldson,Joseph_Biden,0,32
Jean_Charest,Charles_Moose,0,32
Walter_Mondale,David_Trimble,0,32
Atal_Bihari_Vajpayee,Joe_Lieberman,0,32
Claudia_Pechstein,Salma_Hayek,0,31
Paradorn_Srichaphan,Jose_Maria_Aznar,0,32
Yao_Ming,Elsa_Zylberstein,0,32
George_HW_Bush,Igor_Ivanov,0,32
Martina_McBride,Jennifer_Garner,0,32
Robert_Redford,Steven_Spielberg,0,30
Naomi_Watts,Paul_Bremer,0,32
Ai_Sugiyama,Jean-David_Levitte,0,32
John_Kerry,Ben_Affleck,0,32
Marco_Antonio_Barrera,Anna_Kournikova,0,32
Chanda_Rubin,Gerhard_Schroeder,0,32
George_HW_Bush,Alejandro_Toledo,0,32
Norm_Coleman,John_Bolton,0,32
Steve_Lavin,Carlos_Menem,0,31
Winona_Ryder,Adrien_Brody,0,32
Jimmy_Carter,Chanda_Rubin,0,32
Eduardo_Duhalde,Gwyneth_Paltrow,0,32
LeBron_James,Elizabeth_Hurley,0,31
Kristanna_Loken,Laura_Bush,0,32
Bill_McBride,Dick_Cheney,0,32
Al_Gore,Rick_Perry,0,32
George_W_Bush,John_Howard,0,32
Albert_Costa,Jeong_Se-hyun,0,32
Silvan_Shalom,Diana_Krall,0,32
Zhu_Rongji,Fidel_Castro,0,32
George_HW_Bush,Cameron_Diaz,0,32
Ann_Veneman,Rick_Perry,0,32
Cesar_Gaviria,Bernard_Law,0,31
Fernando_Henrique_Cardoso,Hu_Jintao,0,32
Princess_Caroline,Costas_Simitis,0,32
Silvan_Shalom,Ana_Guevara,0,32
Arnoldo_Aleman,Walter_Mondale,0,31
Pervez_Musharraf,Kevin_Spacey,0,32
Tim_Robbins,John_Allen_Muhammad,0,32
Tommy_Haas,Tom_Crean,0,32
Leonid_Kuchma,Enrique_Bolanos,0,32
Scott_Peterson,Naomi_Watts,0,32
Ludivine_Sagnier,Dennis_Hastert,0,32
Justin_Timberlake,Sourav_Ganguly,0,32
Lindsay_Davenport,Norah_Jones,0,32
Carlos_Moya,Roman_Polanski,0,32
Michael_Bloomberg,Habib_Rizieq,0,32
Pamela_Anderson,Serena_Williams,0,31
Jacques_Chirac,Tom_Daschle,0,32
Elizabeth_Hurley,Luis_Ernesto_Derbez_Bautista,0,31
Tim_Robbins,Steve_Nash,0,32
Cesar_Gaviria,Arnold_Schwarzenegger,0,32
Ana_Guevara,Valery_Giscard_dEstaing,0,32
Saddam_Hussein,Charlton_Heston,0,32
Costas_Simitis,JK_Rowling,0,32
Vojislav_Kostunica,Mike_Krzyzewski,0,32
Tom_Daschle,Luiz_Inacio_Lula_da_Silva,0,32
Diana_Krall,Bill_Simon,0,32
Gregg_Popovich,Walter_Mondale,0,31
Pierce_Brosnan,Winona_Ryder,0,32
Chanda_Rubin,Taha_Yassin_Ramadan,0,32
Bill_Simon,Elsa_Zylberstein,0,32
Joseph_Biden,Hitomi_Soga,0,32
Tang_Jiaxuan,Nestor_Kirchner,0,32
Roger_Moore,Ashanti,0,32
Bill_Graham,Roman_Polanski,0,32
Jon_Gruden,Dennis_Kucinich,0,32
Vincent_Brooks,Antonio_Palocci,0,32
Marco_Antonio_Barrera,Maria_Shriver,0,32
Rick_Perry,Megawati_Sukarnoputri,0,32
Salma_Hayek,Jean_Charest,0,32
Maria_Shriver,Nestor_Kirchner,0,31
Sophia_Loren,Brad_Johnson,0,32
Princess_Caroline,Saddam_Hussein,0,32
Lucio_Gutierrez,Carrie-Anne_Moss,0,32
Hamid_Karzai,Vicente_Fernandez,0,32
Ai_Sugiyama,Kevin_Spacey,0,32
Yoriko_Kawaguchi,Sergey_Lavrov,0,32
Juan_Pablo_Montoya,Igor_Ivanov,0,32
Jason_Kidd,Antonio_Banderas,0,32
Ron_Dittemore,Martha_Stewart,0,32
Dominique_de_Villepin,Tom_Cruise,0,32
Antonio_Banderas,Carmen_Electra,0,32
Albert_Costa,Roh_Moo-hyun,0,32
James_Blake,Paul_Martin,0,32
Pedro_Malan,Steven_Spielberg,0,31
Junichiro_Koizumi,James_Wolfensohn,0,32
Edmund_Stoiber,Roh_Moo-hyun,0,32
Michael_Bloomberg,George_W_Bush,0,31
Bill_Gates,John_Bolton,0,32
Michael_Phelps,Natalie_Coughlin,0,31
Angela_Merkel,George_HW_Bush,0,32
Naji_Sabri,Paul_ONeill,0,32
John_Howard,Al_Gore,0,32
Susan_Sarandon,Edward_Lu,0,32
George_Lopez,Juan_Pablo_Montoya,0,32
Arminio_Fraga,Li_Peng,0,32
John_Stockton,Robert_Mueller,0,31
Luis_Horna,Celine_Dion,0,32
Alan_Greenspan,Junichiro_Koizumi,0,32
Tommy_Thompson,George_Clooney,0,32
Xanana_Gusmao,Mick_Jagger,0,32
Boris_Becker,Romano_Prodi,0,32
Steffi_Graf,Billy_Crystal,0,32
Gloria_Macapagal_Arroyo,Ben_Affleck,0,32
Sergio_Vieira_De_Mello,Silvan_Shalom,0,32
Jacques_Rogge,Jack_Straw,0,32
Kevin_Spacey,Catherine_Zeta-Jones,0,32
Laura_Bush,Kim_Ryong-sung,0,32
Nicanor_Duarte_Frutos,Ian_Thorpe,0,32
Hugh_Grant,Dominique_de_Villepin,0,32
Kamal_Kharrazi,Andy_Roddick,0,31
Junichiro_Koizumi,Colin_Montgomerie,0,31
Pervez_Musharraf,John_Snow,0,32
Tung_Chee-hwa,Carlos_Menem,0,32
Claudia_Pechstein,Mohammad_Khatami,0,32
John_Abizaid,John_Manley,0,32
Gloria_Macapagal_Arroyo,Paul_Wolfowitz,0,32
Martin_McGuinness,Joan_Laporta,0,32
Howard_Dean,Muhammad_Saeed_al-Sahhaf,0,32
John_Allen_Muhammad,William_Donaldson,0,32
Yasser_Arafat,Amelia_Vega,0,31
George_Pataki,Lucy_Liu,0,31
Silvan_Shalom,Hillary_Clinton,0,32
Taha_Yassin_Ramadan,Jesse_Jackson,0,32
Mike_Weir,Dennis_Kucinich,0,32
Norm_Coleman,Muhammad_Saeed_al-Sahhaf,0,32
Jeong_Se-hyun,Javier_Solana,0,32
Carlos_Moya,Martin_McGuinness,0,31
Nick_Nolte,Vladimir_Putin,0,32
Queen_Elizabeth_II,Jiang_Zemin,0,32
Guillermo_Coria,Colin_Farrell,0,32
Bob_Hope,Catherine_Deneuve,0,32
Vincent_Brooks,Muhammad_Ali,0,32
Muhammad_Saeed_al-Sahhaf,Kristanna_Loken,0,32
Jean-Pierre_Raffarin,Alastair_Campbell,0,31
Jon_Gruden,Martin_Scorsese,0,32
Tommy_Franks,Pervez_Musharraf,0,32
Boris_Becker,David_Nalbandian,0,31
Keanu_Reeves,James_Kelly,0,32
Michelle_Yeoh,Robert_Zoellick,0,32
Paul_Martin,Ariel_Sharon,0,32
Norah_Jones,Clara_Harris,0,32
Romano_Prodi,Gerry_Adams,0,32
Gray_Davis,Gloria_Macapagal_Arroyo,0,32
Costas_Simitis,Sergei_Ivanov,0,32
David_Beckham,Tom_Hanks,0,32
Nick_Nolte,Victoria_Clarke,0,32
Andre_Agassi,Jean_Chretien,0,32
Allyson_Felix,Hosni_Mubarak,0,32
Robert_Kocharian,Bill_Clinton,0,32
Dennis_Hastert,Fernando_Henrique_Cardoso,0,31
Carlos_Menem,Tommy_Franks,0,32
Gwyneth_Paltrow,John_McCain,0,32
Bill_Gates,David_Trimble,0,31
Tom_Ridge,Meryl_Streep,0,32
Kalpana_Chawla,Lleyton_Hewitt,0,32
Liza_Minnelli,Julie_Gerberding,0,32
Paul_Burrell,Christine_Baumgartner,0,32
George_W_Bush,Martina_McBride,0,32
John_Howard,Madonna,0,32
Bill_Frist,James_Wolfensohn,0,32
Gregg_Popovich,Robert_Redford,0,32
Michael_Chiklis,Gerhard_Schroeder,0,31
King_Abdullah_II,Tim_Henman,0,32
Jim_Furyk,Robert_Blake,0,32
Christine_Baumgartner,Yao_Ming,0,32
Tom_Daschle,Wen_Jiabao,0,32
Paul_ONeill,Michael_Chang,0,32
Kurt_Warner,Jim_Furyk,0,31
George_HW_Bush,Recep_Tayyip_Erdogan,0,32
Luis_Gonzalez_Macchi,Jacques_Chirac,0,32
Sergio_Vieira_De_Mello,Jiang_Zemin,0,32
George_HW_Bush,William_Ford_Jr,0,32
Natalie_Maines,Denzel_Washington,0,31
Elsa_Zylberstein,Sergio_Vieira_De_Mello,0,31
Queen_Elizabeth_II,Wayne_Ferreira,0,32
Christine_Baumgartner,Hans_Blix,0,32
James_Blake,Geoff_Hoon,0,32
Tim_Robbins,Kofi_Annan,0,31
Michelle_Kwan,Gerhard_Schroeder,0,32
Susan_Sarandon,Tony_Blair,0,32
Mireya_Moscoso,Elsa_Zylberstein,0,32
Adrien_Brody,Yao_Ming,0,32
Thomas_OBrien,Robert_Blake,0,32
Hosni_Mubarak,Paul_McCartney,0,32
Celine_Dion,Salma_Hayek,0,32
Mahmoud_Abbas,Lucio_Gutierrez,0,32
Robert_Duvall,Vaclav_Havel,0,32
Ann_Veneman,Silvan_Shalom,0,32
Alejandro_Toledo,Allyson_Felix,0,32
Gwyneth_Paltrow,James_Blake,0,32
Rudolph_Giuliani,Jelena_Dokic,0,32
Marco_Antonio_Barrera,Jon_Gruden,0,32
Michael_Bloomberg,Guillermo_Coria,0,32
Luiz_Inacio_Lula_da_Silva,Roger_Federer,0,32
Marco_Antonio_Barrera,Mireya_Moscoso,0,32
Kim_Dae-jung,Taha_Yassin_Ramadan,0,32
Condoleezza_Rice,Thomas_OBrien,0,32
Ludivine_Sagnier,Sourav_Ganguly,0,32
Roy_Moore,Chen_Shui-bian,0,32
Abdullah_Gul,Kim_Clijsters,0,32
Gwyneth_Paltrow,Angela_Bassett,0,32
Clara_Harris,Tommy_Franks,0,32
Jimmy_Carter,Steve_Lavin,0,32
Taha_Yassin_Ramadan,Bob_Graham,0,32
Jennifer_Garner,Habib_Rizieq,0,32
Princess_Caroline,Naji_Sabri,0,32
Leonardo_DiCaprio,Bill_Simon,0,32
Tommy_Thompson,John_Allen_Muhammad,0,32
Mark_Philippoussis,Tommy_Thompson,0,32
Andy_Roddick,Jean_Chretien,0,32
Angela_Merkel,Colin_Montgomerie,0,32
Gerhard_Schroeder,Bill_Gates,0,32
Pedro_Malan,Xavier_Malisse,0,32
John_Snow,John_Manley,0,32
Mahmoud_Abbas,Valentino_Rossi,0,31
Steven_Spielberg,Fernando_Gonzalez,0,32
Sharon_Stone,Richard_Gere,0,31
Meryl_Streep,Ron_Dittemore,0,32
Bill_Gates,Martha_Stewart,0,32
Donald_Rumsfeld,Geoff_Hoon,0,32
Victoria_Clarke,Michael_Douglas,0,32
Mike_Martz,Gerry_Adams,0,31
Leonardo_DiCaprio,Edward_Lu,0,32
Trent_Lott,Jiang_Zemin,0,32
Allyson_Felix,Fernando_Gonzalez,0,32
Arnold_Schwarzenegger,Gray_Davis,0,32
Heizo_Takenaka,Jim_Furyk,0,31
Russell_Simmons,Kate_Hudson,0,32
George_Lopez,Mick_Jagger,0,32
Vicente_Fox,Bob_Hope,0,32
Nancy_Pelosi,John_Howard,0,32
Mireya_Moscoso,Sergio_Vieira_De_Mello,0,32
Jennifer_Capriati,Tom_Cruise,0,32
Jan_Ullrich,Bill_McBride,0,32
James_Blake,Habib_Rizieq,0,32
Xanana_Gusmao,Silvio_Berlusconi,0,32
George_Lopez,Denzel_Washington,0,32
Bill_Graham,Leonid_Kuchma,0,32
Joseph_Biden,Justine_Pasek,0,32
Venus_Williams,James_Blake,0,32
Edmund_Stoiber,Silvan_Shalom,0,31
Michael_Douglas,Brad_Johnson,0,32
Jennifer_Garner,Hosni_Mubarak,0,32
Sean_OKeefe,Sergei_Ivanov,0,32
Clint_Eastwood,Yoriko_Kawaguchi,0,32
Gene_Robinson,Maria_Shriver,0,32
Yoriko_Kawaguchi,Ashanti,0,31
Larry_Brown,Silvan_Shalom,0,32
Clay_Aiken,Steven_Spielberg,0,32
Ari_Fleischer,Donald_Rumsfeld,0,32
Bertie_Ahern,Antonio_Palocci,0,32
Bertie_Ahern,Nestor_Kirchner,0,30
Russell_Simmons,Serena_Williams,0,32
Jiri_Novak,Oswaldo_Paya,0,32
Emma_Watson,Robert_Redford,0,32
Yoriko_Kawaguchi,Abdullah_Gul,0,32
Guillermo_Coria,Yasser_Arafat,0,32
John_Snow,Lucio_Gutierrez,0,31
Robert_Zoellick,Hamid_Karzai,0,32
Claudia_Pechstein,Jiang_Zemin,0,31
Meryl_Streep,Michael_Douglas,0,32
Paul_McCartney,Alvaro_Uribe,0,32
Xavier_Malisse,Howard_Dean,0,31
Carlos_Menem,Antonio_Banderas,0,32
Jackie_Chan,Silvio_Berlusconi,0,32
Michael_Douglas,Catherine_Deneuve,0,32
Carlos_Moya,Tim_Robbins,0,32
Andre_Agassi,Gloria_Macapagal_Arroyo,0,32
Mike_Krzyzewski,Charles_Taylor,0,32
Elsa_Zylberstein,Ali_Naimi,0,32
Tony_Stewart,Sourav_Ganguly,0,32
Gil_de_Ferran,Carla_Del_Ponte,0,32
John_Ashcroft,Sergey_Lavrov,0,32
Robert_Mueller,Gordon_Brown,0,32
Bob_Graham,Ann_Veneman,0,32
Al_Gore,Ralf_Schumacher,0,32
David_Nalbandian,Andy_Roddick,0,32
Rob_Marshall,Alvaro_Uribe,0,32
Luis_Ernesto_Derbez_Bautista,David_Anderson,0,32
Rainer_Schuettler,Jiang_Zemin,0,32
Juan_Carlos_Ferrero,Jesse_Jackson,0,30
Bertie_Ahern,Tom_Cruise,0,32
Michael_Powell,Boris_Becker,0,32
James_Kelly,King_Abdullah_II,0,32
Justine_Pasek,Billy_Crystal,0,32
Bill_McBride,JK_Rowling,0,32
George_HW_Bush,Robert_Duvall,0,32
Maria_Shriver,Elizabeth_Smart,0,32
Richard_Armitage,Bertie_Ahern,0,32
Paul_Burrell,Nicole_Kidman,0,32
Roger_Federer,Christine_Todd_Whitman,0,30
Richard_Armitage,Jay_Garner,0,32
Luiz_Inacio_Lula_da_Silva,Yao_Ming,0,32
Sourav_Ganguly,Prince_Charles,0,32
Luis_Gonzalez_Macchi,Paul_McCartney,0,32
Robert_Duvall,Heidi_Klum,0,32
David_Beckham,Robert_Zoellick,0,32
Mike_Weir,Tommy_Thompson,0,32
Condoleezza_Rice,Ai_Sugiyama,0,31
Clara_Harris,Ali_Naimi,0,32
Enrique_Bolanos,Bill_Gates,0,32
Paradorn_Srichaphan,Geoff_Hoon,0,32
Fidel_Castro,Boris_Becker,0,31
Abdullah_Gul,Donald_Rumsfeld,0,32
Mark_Philippoussis,Lance_Armstrong,0,32
Meryl_Streep,Ai_Sugiyama,0,32
Joseph_Biden,Maria_Shriver,0,31
Condoleezza_Rice,Jennifer_Capriati,0,32
Arnoldo_Aleman,Jonathan_Edwards,0,32
Nicole_Kidman,Zinedine_Zidane,0,32
John_Abizaid,Jay_Garner,0,32
Queen_Elizabeth_II,Chanda_Rubin,0,32
Jose_Manuel_Durao_Barroso,Habib_Rizieq,0,32
Marco_Antonio_Barrera,Paul_Martin,0,32
Kim_Dae-jung,Catherine_Zeta-Jones,0,32
Yao_Ming,John_Travolta,0,32
Fernando_Henrique_Cardoso,Britney_Spears,0,30
Queen_Rania,Tom_Harkin,0,32
Nicanor_Duarte_Frutos,Sergio_Vieira_De_Mello,0,32
Liza_Minnelli,Paul_Wolfowitz,0,32
Tommy_Haas,Gil_de_Ferran,0,32
Al_Sharpton,Juan_Carlos_Ferrero,0,32
Victoria_Clarke,Jim_Furyk,0,32
Justine_Pasek,Boris_Becker,0,32
King_Abdullah_II,Claudia_Pechstein,0,32
Martin_McGuinness,Oswaldo_Paya,0,32
Naji_Sabri,Goldie_Hawn,0,32
Robert_Mueller,Benazir_Bhutto,0,31
Michael_Phelps,Lance_Bass,0,32
Joan_Laporta,Ciro_Gomes,0,32
Luiz_Inacio_Lula_da_Silva,Leonardo_DiCaprio,0,31
Cameron_Diaz,Jennifer_Capriati,0,32
Carlos_Menem,Sarah_Jessica_Parker,0,32
Rob_Marshall,Luiz_Inacio_Lula_da_Silva,0,32
Yasser_Arafat,Antonio_Palocci,0,32
Sheryl_Crow,Jose_Manuel_Durao_Barroso,0,32
Hamid_Karzai,Pedro_Malan,0,32
Arnold_Schwarzenegger,Jennifer_Capriati,0,32
James_Wolfensohn,John_Kerry,0,32
Maria_Shriver,Dennis_Hastert,0,32
Gordon_Brown,Muhammad_Ali,0,32
Vincent_Brooks,Kim_Dae-jung,0,32
Kevin_Costner,Marco_Antonio_Barrera,0,32
George_Pataki,Wayne_Ferreira,0,31
Steve_Nash,Taha_Yassin_Ramadan,0,32
Thomas_OBrien,Princess_Caroline,0,32
Charles_Moose,Bill_McBride,0,31
Mohamed_ElBaradei,Yashwant_Sinha,0,32
Diana_Krall,Tom_Daschle,0,32
John_Manley,Erika_Harold,0,32
George_W_Bush,Nestor_Kirchner,0,32
Nestor_Kirchner,John_Ashcroft,0,32
Bob_Hope,Juan_Carlos_Ferrero,0,32
Bill_McBride,Larry_Brown,0,32
Lance_Bass,Hitomi_Soga,0,32
Mark_Hurlbert,Colin_Farrell,0,32
Robert_Zoellick,Trent_Lott,0,32
Kevin_Costner,Lucio_Gutierrez,0,32
Arminio_Fraga,Boris_Becker,0,32
Kamal_Kharrazi,Eduardo_Duhalde,0,32
Fidel_Castro,Tang_Jiaxuan,0,31
Shimon_Peres,Carmen_Electra,0,32
Kamal_Kharrazi,Kim_Dae-jung,0,32
Tommy_Thompson,Ricardo_Sanchez,0,32
Gloria_Macapagal_Arroyo,Jennifer_Lopez,0,32
Spencer_Abraham,John_Stockton,0,32
Jim_Furyk,Roh_Moo-hyun,0,32
Bill_Clinton,Venus_Williams,0,32
Habib_Rizieq,Hu_Jintao,0,32
Susan_Sarandon,Valery_Giscard_dEstaing,0,32
Kate_Hudson,Kim_Dae-jung,0,32
Madonna,Luis_Ernesto_Derbez_Bautista,0,32
Steffi_Graf,Andy_Roddick,0,32
Ralf_Schumacher,Tim_Henman,0,32
Alvaro_Uribe,Arnold_Schwarzenegger,0,32
Sarah_Jessica_Parker,Robert_Mueller,0,32
Gloria_Macapagal_Arroyo,John_McCain,0,32
John_Kerry,Chen_Shui-bian,0,32
Winona_Ryder,Bertie_Ahern,0,32
Hitomi_Soga,Heizo_Takenaka,0,32
Megawati_Sukarnoputri,Jimmy_Carter,0,32
Tom_Cruise,Sophia_Loren,0,32
Arnoldo_Aleman,Leonardo_DiCaprio,0,32
Rob_Marshall,William_Donaldson,0,32
Bertie_Ahern,Victoria_Clarke,0,32
Li_Peng,Elizabeth_Hurley,0,32
Winona_Ryder,Fujio_Cho,0,32
Charles_Taylor,Luis_Ernesto_Derbez_Bautista,0,32
Mark_Hurlbert,George_Pataki,0,32
Jake_Gyllenhaal,Julianne_Moore,0,31
Hans_Blix,Zinedine_Zidane,0,32
Tom_Hanks,Alejandro_Toledo,0,32
Tony_Stewart,Robert_Blake,0,32
Mike_Martz,Carmen_Electra,0,32
Fernando_Gonzalez,Geoff_Hoon,0,32
Tom_Daschle,Xanana_Gusmao,0,32
Robert_Duvall,Dick_Cheney,0,32
Chanda_Rubin,Clint_Eastwood,0,32
Christine_Todd_Whitman,Taha_Yassin_Ramadan,0,32
Kurt_Warner,Robert_Kocharian,0,32
Elsa_Zylberstein,William_Ford_Jr,0,32
Heidi_Klum,Gonzalo_Sanchez_de_Lozada,0,32
JK_Rowling,Bob_Graham,0,32
Alan_Greenspan,Edmund_Stoiber,0,32
Sylvester_Stallone,Tung_Chee-hwa,0,31
John_Kerry,Cruz_Bustamante,0,32
Ciro_Gomes,Jiang_Zemin,0,32
Rob_Marshall,Gerry_Adams,0,31
Tariq_Aziz,Tim_Henman,0,32
Abdullah_Gul,Oscar_De_La_Hoya,0,32
Angela_Merkel,Al_Gore,0,31
Paul_Martin,David_Trimble,0,32
Roh_Moo-hyun,Gerry_Adams,0,32
Gray_Davis,John_Abizaid,0,32
Joe_Lieberman,Michael_Schumacher,0,32
John_Manley,Nancy_Pelosi,0,32
Denzel_Washington,Jean_Chretien,0,32
Paul_McCartney,Jackie_Chan,0,32
Mahmoud_Abbas,Pedro_Almodovar,0,32
Ana_Guevara,Pervez_Musharraf,0,32
Yoriko_Kawaguchi,Jacques_Chirac,0,32
Cruz_Bustamante,Michael_Schumacher,0,32
Saddam_Hussein,JK_Rowling,0,31
Vincent_Brooks,Tom_Daschle,0,32
Lance_Armstrong,Michael_Chiklis,0,32
Richard_Armitage,Silvio_Berlusconi,0,32
Clara_Harris,Mireya_Moscoso,0,32
Keanu_Reeves,Angelina_Jolie,0,32
Atal_Bihari_Vajpayee,Kamal_Kharrazi,0,31
Denzel_Washington,Erika_Harold,0,32
Rudolph_Giuliani,Rick_Perry,0,32
Lucy_Liu,Kofi_Annan,0,31
Alejandro_Toledo,Anna_Kournikova,0,31
Kim_Clijsters,Michael_Schumacher,0,32
Michelle_Yeoh,Russell_Simmons,0,32
Steve_Lavin,Ricardo_Sanchez,0,32
Jose_Maria_Aznar,Ashanti,0,32
Li_Zhaoxing,Tim_Robbins,0,32
Cruz_Bustamante,George_W_Bush,0,32
Sergio_Vieira_De_Mello,Leonid_Kuchma,0,32
Yashwant_Sinha,Kofi_Annan,0,32
Tony_Blair,Luiz_Inacio_Lula_da_Silva,0,32
Pedro_Almodovar,Norah_Jones,0,32
Prince_Charles,Michael_Chiklis,0,31
Jiri_Novak,Michael_Powell,0,32
Julianne_Moore,Martha_Stewart,0,32
Michael_Chiklis,Jean_Chretien,0,32
Mohammed_Al-Douri,Ariel_Sharon,0,32
Mahathir_Mohamad,Jon_Gruden,0,32
Mick_Jagger,Mike_Myers,0,32
Mick_Jagger,Rudolph_Giuliani,0,32
Princess_Caroline,Yoko_Ono,0,32
Michael_Powell,Amelie_Mauresmo,0,32
Angela_Bassett,Matthew_Perry,0,32
Ray_Romano,Bill_Simon,0,32
Kevin_Costner,Roger_Federer,0,32
Venus_Williams,Naji_Sabri,0,32
Carrie-Anne_Moss,Matthew_Perry,0,32
Jeb_Bush,Kofi_Annan,0,32
Naji_Sabri,Fernando_Gonzalez,0,32
Nestor_Kirchner,Rob_Marshall,0,32
Chanda_Rubin,Pamela_Anderson,0,32
Robert_Blake,Norm_Coleman,0,32
Nick_Nolte,Nancy_Pelosi,0,32
Colin_Powell,Leonardo_DiCaprio,0,32
Kim_Clijsters,Javier_Solana,0,32
Angela_Bassett,Pervez_Musharraf,0,32
Kevin_Costner,Jeb_Bush,0,32
Yasser_Arafat,Sylvester_Stallone,0,32
Sean_OKeefe,Fidel_Castro,0,32
Nia_Vardalos,Silvio_Berlusconi,0,32
Richard_Gere,John_Stockton,0,32
Leonid_Kuchma,Alvaro_Uribe,0,32
Tommy_Thompson,Carlos_Moya,0,32
Princess_Caroline,Michelle_Kwan,0,32
Tom_Harkin,Enrique_Bolanos,0,32
Adrien_Brody,Vicente_Fernandez,0,31
Michelle_Kwan,Jacques_Rogge,0,32
Michael_Douglas,Carlos_Menem,0,32
Tommy_Thompson,Dominique_de_Villepin,0,32
John_Snow,Ray_Romano,0,32
Nicole_Kidman,John_Abizaid,0,32
Ana_Guevara,William_Donaldson,0,32
Hugh_Grant,Tom_Harkin,0,32
Paradorn_Srichaphan,Mireya_Moscoso,0,32
Naomi_Watts,Meryl_Streep,0,32
John_Ashcroft,Ron_Dittemore,0,32
Kofi_Annan,Hugo_Chavez,0,32
Julianne_Moore,Charles_Taylor,0,32
Recep_Tayyip_Erdogan,Kristanna_Loken,0,32
Romano_Prodi,Gunter_Pleuger,0,32
Sheryl_Crow,Scott_Peterson,0,32
Richard_Gephardt,Ari_Fleischer,0,32
Paradorn_Srichaphan,George_Clooney,0,32
Martina_McBride,John_Travolta,0,32
Justine_Pasek,Jelena_Dokic,0,32
Catherine_Deneuve,Yashwant_Sinha,0,32
Bill_Graham,Natalie_Maines,0,32
Claudia_Pechstein,Paradorn_Srichaphan,0,32
Gonzalo_Sanchez_de_Lozada,Tom_Ridge,0,32
Jack_Straw,Charlton_Heston,0,32
George_W_Bush,Edward_Lu,0,32
James_Blake,Andre_Agassi,0,32
Clara_Harris,Mahathir_Mohamad,0,32
Salma_Hayek,Marco_Antonio_Barrera,0,32
Ralf_Schumacher,Zhu_Rongji,0,32
Jennifer_Capriati,Yashwant_Sinha,0,32
Hal_Gehman,Jean_Charest,0,31
Heidi_Klum,Renee_Zellweger,0,32
Tom_Ridge,William_Macy,0,32
John_McCain,Ali_Naimi,0,32
Robert_Duvall,Ana_Guevara,0,32
LeBron_James,Fernando_Henrique_Cardoso,0,32
Bob_Stoops,Oswaldo_Paya,0,32
Scott_Peterson,Lindsay_Davenport,0,32
Spencer_Abraham,Ludivine_Sagnier,0,32
Roh_Moo-hyun,John_Stockton,0,32
Gonzalo_Sanchez_de_Lozada,Li_Zhaoxing,0,32
Albert_Costa,Monica_Seles,0,31
Javier_Solana,Choi_Sung-hong,0,32
Clint_Eastwood,Arminio_Fraga,0,32
Richard_Gere,Scott_McClellan,0,32
Richard_Armitage,Gerry_Adams,0,32
Silvan_Shalom,Shimon_Peres,0,32
Vicente_Fernandez,Roh_Moo-hyun,0,32
Bulent_Ecevit,William_Ford_Jr,0,32
Tom_Cruise,Frank_Solich,0,31
Eduard_Shevardnadze,Madonna,0,32
Pedro_Malan,Gunter_Pleuger,0,32
Mick_Jagger,Calista_Flockhart,0,32
Shimon_Peres,Arnoldo_Aleman,0,32
Vicente_Fox,Binyamin_Ben-Eliezer,0,32
Sergey_Lavrov,Britney_Spears,0,32
Hans_Blix,Yasser_Arafat,0,32
LeBron_James,Robert_Mueller,0,32
Matthew_Perry,Steffi_Graf,0,32
Kamal_Kharrazi,Ali_Naimi,0,31
Goldie_Hawn,Joseph_Biden,0,32
Colin_Farrell,Carlos_Menem,0,32
Tiger_Woods,Binyamin_Ben-Eliezer,0,32
Tom_Crean,Emanuel_Ginobili,0,32
Paula_Radcliffe,Gunter_Pleuger,0,32
Meryl_Streep,Renee_Zellweger,0,32
Silvan_Shalom,Ahmed_Chalabi,0,31
John_Abizaid,Richard_Armitage,0,32
Michael_Bloomberg,Jay_Garner,0,32
Steve_Nash,Fujio_Cho,0,32
Vaclav_Havel,Kurt_Warner,0,30
Paradorn_Srichaphan,Sergei_Ivanov,0,32
Alastair_Campbell,Calista_Flockhart,0,32
Gil_de_Ferran,Tung_Chee-hwa,0,31
Ron_Dittemore,Zhu_Rongji,0,32
Michael_Bloomberg,Serena_Williams,0,32
Thaksin_Shinawatra,John_Edwards,0,32
George_HW_Bush,Robert_Mueller,0,31
Xanana_Gusmao,Dick_Cheney,0,32
Paul_Bremer,Roger_Federer,0,32
John_Howard,George_Lopez,0,32
Gene_Robinson,Grant_Hackett,0,32
Hitomi_Soga,Bill_McBride,0,32
Jelena_Dokic,Vaclav_Havel,0,32
Pedro_Malan,Woody_Allen,0,32
Ahmed_Chalabi,Fernando_Gonzalez,0,32
Paul_Burrell,Maria_Shriver,0,32
Woody_Allen,William_Macy,0,32
Sourav_Ganguly,Tiger_Woods,0,32
Rubens_Barrichello,Junichiro_Koizumi,0,32
Binyamin_Ben-Eliezer,Britney_Spears,0,32
Bob_Stoops,Chanda_Rubin,0,32
Kalpana_Chawla,Ali_Naimi,0,32
George_Lopez,Angela_Merkel,0,32
Fernando_Henrique_Cardoso,Tommy_Franks,0,31
James_Wolfensohn,Mike_Myers,0,32
Maria_Shriver,Tom_Harkin,0,32
Nicole_Kidman,Ben_Affleck,0,31
Juan_Pablo_Montoya,Amelia_Vega,0,32
Christine_Todd_Whitman,Gloria_Macapagal_Arroyo,0,32
Vaclav_Havel,Dominique_de_Villepin,0,32
Natalie_Maines,Rainer_Schuettler,0,31
Jean-David_Levitte,Amelia_Vega,0,32
Hu_Jintao,Scott_Peterson,0,32
Kim_Clijsters,Heidi_Klum,0,32
Nicanor_Duarte_Frutos,Yoko_Ono,0,32
Fidel_Castro,Justin_Timberlake,0,31
Jay_Garner,John_Bolton,0,32
Ana_Guevara,Liza_Minnelli,0,32
William_Donaldson,Sarah_Hughes,0,32
Amelie_Mauresmo,Hans_Blix,0,32
Natalie_Maines,Norm_Coleman,0,31
Susan_Sarandon,Jason_Kidd,0,32
David_Nalbandian,Sergey_Lavrov,0,32
Gray_Davis,Heizo_Takenaka,0,30
Kurt_Warner,Roger_Federer,0,32
David_Heymann,George_W_Bush,0,32
Amelie_Mauresmo,Harrison_Ford,0,32
Bill_Frist,Marco_Antonio_Barrera,0,32
John_Howard,Bob_Stoops,0,32
Jiri_Novak,Megawati_Sukarnoputri,0,32
Colin_Farrell,Ari_Fleischer,0,32
Abdullah_Gul,Denzel_Washington,0,32
Bill_Clinton,Jackie_Chan,0,32
Tom_Crean,Diana_Krall,0,32
Norah_Jones,Tom_Hanks,0,32
Ariel_Sharon,Jennifer_Lopez,0,32
Jake_Gyllenhaal,Jackie_Chan,0,32
Robert_Blake,Gene_Robinson,0,32
Rudolph_Giuliani,Guillermo_Coria,0,32
Tommy_Thompson,Arnoldo_Aleman,0,32
George_W_Bush,Benjamin_Netanyahu,0,31
Ray_Romano,Howard_Dean,0,32
John_Howard,Jelena_Dokic,0,32
Jacques_Chirac,Arnoldo_Aleman,0,31
Vaclav_Havel,Tung_Chee-hwa,0,32
Richard_Virenque,Pedro_Almodovar,0,32
Charlton_Heston,JK_Rowling,0,32
Costas_Simitis,Nancy_Pelosi,0,32
Oswaldo_Paya,Pierce_Brosnan,0,31
Alvaro_Uribe,Billy_Crystal,0,31
Brad_Johnson,Silvio_Berlusconi,0,32
Tim_Robbins,George_Lopez,0,32
Martina_McBride,Jean-David_Levitte,0,32
Ann_Veneman,Valentino_Rossi,0,32
Rubens_Barrichello,King_Abdullah_II,0,31
Mike_Krzyzewski,Ariel_Sharon,0,32
Howard_Dean,Donald_Rumsfeld,0,32
Liza_Minnelli,William_Ford_Jr,0,32
Ciro_Gomes,Chen_Shui-bian,0,32
Russell_Simmons,Keanu_Reeves,0,32
Kamal_Kharrazi,Jackie_Chan,0,32
Xanana_Gusmao,Gil_de_Ferran,0,32
Pedro_Malan,Richard_Gere,0,32
Jean-Pierre_Raffarin,Jesse_Jackson,0,32
Howard_Dean,Kim_Dae-jung,0,32
Kurt_Warner,Lindsay_Davenport,0,32
Robert_De_Niro,Martina_McBride,0,32
Jimmy_Carter,Gerhard_Schroeder,0,31
Michael_Bloomberg,Ray_Romano,0,32
Maria_Shriver,Saddam_Hussein,0,32
Li_Zhaoxing,Nicole_Kidman,0,32
Choi_Sung-hong,Vanessa_Redgrave,0,31
Gonzalo_Sanchez_de_Lozada,Charlton_Heston,0,31
Vicente_Fox,John_Edwards,0,32
Fernando_Gonzalez,Michael_Powell,0,32
Xanana_Gusmao,Jose_Serra,0,32
Mark_Philippoussis,Heizo_Takenaka,0,32
Hosni_Mubarak,Benazir_Bhutto,0,32
Juan_Pablo_Montoya,David_Trimble,0,32
Mike_Myers,Gregg_Popovich,0,32
Clara_Harris,Robert_Kocharian,0,32
Gunter_Pleuger,Eduardo_Duhalde,0,32
Bill_Clinton,Queen_Rania,0,32
Rainer_Schuettler,Kim_Clijsters,0,32
Lance_Bass,David_Nalbandian,0,31
Mahmoud_Abbas,Fernando_Henrique_Cardoso,0,32
Colin_Powell,Maria_Shriver,0,32
Pedro_Almodovar,Ann_Veneman,0,32
David_Beckham,Habib_Rizieq,0,32
Jacques_Rogge,Alastair_Campbell,0,32
Brad_Johnson,Nick_Nolte,0,32
Heidi_Klum,Jake_Gyllenhaal,0,31
Tony_Blair,Michael_Chiklis,0,31
Hugo_Chavez,Wen_Jiabao,0,32
LeBron_James,Jacques_Chirac,0,32
Dennis_Kucinich,Elizabeth_Smart,0,32
Wayne_Ferreira,Ariel_Sharon,0,32
Joschka_Fischer,Mike_Myers,0,32
Eduardo_Duhalde,Kim_Ryong-sung,0,32
Tom_Harkin,Lance_Armstrong,0,32
Hu_Jintao,Jiri_Novak,0,32
Michael_Powell,Holly_Hunter,0,32
Pete_Sampras,Jeong_Se-hyun,0,32
Kevin_Spacey,Matthew_Perry,0,31
Valery_Giscard_dEstaing,Celine_Dion,0,32
Prince_Charles,Carla_Del_Ponte,0,32
Kalpana_Chawla,Ricardo_Sanchez,0,32
Tom_Cruise,Steve_Lavin,0,32
Steven_Spielberg,Luis_Gonzalez_Macchi,0,32
Sharon_Stone,David_Anderson,0,32
Joe_Lieberman,Roger_Moore,0,32
Kevin_Costner,Kim_Clijsters,0,32
Colin_Farrell,Maria_Soledad_Alvear_Valenzuela,0,31
William_Macy,Michelle_Yeoh,0,32
Robert_De_Niro,Elsa_Zylberstein,0,32
Roger_Moore,Maria_Soledad_Alvear_Valenzuela,0,32
John_Ashcroft,Costas_Simitis,0,32
Sylvester_Stallone,Jose_Manuel_Durao_Barroso,0,32
Steven_Spielberg,Robert_Blake,0,32
Andy_Roddick,Bill_Gates,0,31
Lucy_Liu,Abdullah_Gul,0,31
Gil_de_Ferran,Tiger_Woods,0,32
Luis_Horna,Nestor_Kirchner,0,32
James_Blake,Sergey_Lavrov,0,32
Bill_Simon,John_Howard,0,31
John_Manley,Clay_Aiken,0,31
Elizabeth_Hurley,Halle_Berry,0,32
Michelle_Yeoh,Trent_Lott,0,32
Arnold_Schwarzenegger,Luis_Ernesto_Derbez_Bautista,0,31
Jim_Furyk,Hans_Blix,0,32
Bob_Hope,Yasser_Arafat,0,32
Emanuel_Ginobili,Charlton_Heston,0,32
Laura_Bush,Carrie-Anne_Moss,0,32
Michelle_Kwan,Martina_McBride,0,32
Julianne_Moore,Spencer_Abraham,0,32
Naomi_Watts,Elizabeth_Smart,0,32
George_Clooney,Ari_Fleischer,0,32
Steffi_Graf,Kalpana_Chawla,0,32
Ana_Guevara,George_Clooney,0,32
Martina_McBride,Oswaldo_Paya,0,32
Angelina_Jolie,Michael_Schumacher,0,32
Mick_Jagger,Gerhard_Schroeder,0,32
Denzel_Washington,Leonid_Kuchma,0,32
Kamal_Kharrazi,Fidel_Castro,0,32
Michael_Douglas,Holly_Hunter,0,32
Vaclav_Havel,Norah_Jones,0,32
Lucio_Gutierrez,Anna_Kournikova,0,31
King_Abdullah_II,Bill_Clinton,0,32
Ricardo_Sanchez,Tim_Henman,0,31
Gwyneth_Paltrow,Antonio_Palocci,0,32
Joseph_Biden,Lance_Armstrong,0,32
Carla_Del_Ponte,Geoff_Hoon,0,32
Ray_Romano,Yao_Ming,0,32
Erika_Harold,Larry_Brown,0,32
Tom_Crean,Luiz_Inacio_Lula_da_Silva,0,32
Nick_Nolte,Saddam_Hussein,0,32
Pete_Sampras,Roger_Federer,0,32
Roger_Moore,Jeb_Bush,0,32
Joschka_Fischer,Leonardo_DiCaprio,0,32
Queen_Elizabeth_II,Dennis_Kucinich,0,32
Angela_Merkel,Ann_Veneman,0,32
Lance_Armstrong,Martha_Stewart,0,32
Elizabeth_Hurley,Jeb_Bush,0,32
Steve_Lavin,Elizabeth_Smart,0,32
Mark_Hurlbert,Carla_Del_Ponte,0,32
Juan_Carlos_Ferrero,Nia_Vardalos,0,32
Halle_Berry,Al_Gore,0,31
Roger_Moore,Kate_Hudson,0,32
John_Manley,Hugh_Grant,0,32
Javier_Solana,Sergey_Lavrov,0,32
Emanuel_Ginobili,Alvaro_Uribe,0,31
Mohammed_Al-Douri,John_Stockton,0,32
Peter_Struck,Roger_Moore,0,32
Jennifer_Aniston,Rubens_Barrichello,0,32
Natalie_Maines,Jean-Pierre_Raffarin,0,32
Ana_Guevara,Susan_Sarandon,0,31
John_Allen_Muhammad,Gerhard_Schroeder,0,32
Tom_Crean,Ana_Guevara,0,31
Queen_Elizabeth_II,John_Ashcroft,0,32
Wen_Jiabao,Christine_Todd_Whitman,0,32
Brad_Johnson,Laura_Bush,0,32
Li_Peng,Britney_Spears,0,32
Paul_ONeill,Sean_OKeefe,0,31
Russell_Simmons,Tom_Harkin,0,32
Jeong_Se-hyun,Robert_Blake,0,32
Liza_Minnelli,Jacques_Chirac,0,32
Charles_Taylor,Colin_Montgomerie,0,32
Colin_Powell,Andre_Agassi,0,32
Jim_Furyk,Laura_Bush,0,31
Lleyton_Hewitt,Julie_Gerberding,0,32
Charlton_Heston,Bill_Graham,0,32
Justin_Timberlake,Jay_Garner,0,31
Alvaro_Uribe,Roy_Moore,0,32
Dick_Cheney,Antonio_Banderas,0,32
Russell_Simmons,Elizabeth_Hurley,0,31
Junichiro_Koizumi,Meryl_Streep,0,32
Steve_Lavin,Rainer_Schuettler,0,32
Jesse_Jackson,Emanuel_Ginobili,0,32
George_W_Bush,Luis_Ernesto_Derbez_Bautista,0,32
Victoria_Clarke,John_Stockton,0,32
George_Robertson,Jason_Kidd,0,32
Sarah_Jessica_Parker,Martin_Scorsese,0,31
Julianne_Moore,Oscar_De_La_Hoya,0,32
Gunter_Pleuger,Mariah_Carey,0,32
Bill_Frist,David_Anderson,0,31
Winona_Ryder,Michelle_Kwan,0,31
Monica_Seles,Tommy_Thompson,0,32
Julie_Gerberding,Richard_Gere,0,32
Juan_Carlos_Ferrero,John_Allen_Muhammad,0,32
John_Ashcroft,Ann_Veneman,0,32
Roman_Polanski,Gordon_Brown,0,32
Recep_Tayyip_Erdogan,Tung_Chee-hwa,0,32
Venus_Williams,Sylvester_Stallone,0,32
Bill_McBride,Guillermo_Coria,0,32
Gray_Davis,Fernando_Gonzalez,0,32
Michael_Chiklis,Pervez_Musharraf,0,32
Mike_Myers,Michelle_Kwan,0,32
Kevin_Spacey,Russell_Simmons,0,32
Atal_Bihari_Vajpayee,Tom_Crean,0,32
Ray_Romano,Boris_Becker,0,32
Al_Sharpton,Robert_Redford,0,32
William_Macy,Roger_Moore,0,31
Tiger_Woods,Thomas_OBrien,0,32
Rob_Marshall,Maria_Shriver,0,32
Sarah_Hughes,Carlos_Moya,0,32
Walter_Mondale,Bill_Frist,0,32
Al_Sharpton,Leonardo_DiCaprio,0,32
Richard_Gere,Jimmy_Carter,0,32
Valery_Giscard_dEstaing,Leonardo_DiCaprio,0,31
Paula_Radcliffe,Clint_Eastwood,0,31
Michael_Phelps,Sharon_Stone,0,32
Vanessa_Redgrave,Clay_Aiken,0,32
Costas_Simitis,Kofi_Annan,0,32
Jeb_Bush,Joan_Laporta,0,32
Christine_Baumgartner,Steve_Lavin,0,32
Jeong_Se-hyun,Larry_Brown,0,32
Tariq_Aziz,Mahmoud_Abbas,0,32
Russell_Simmons,Trent_Lott,0,32
Roger_Federer,Alastair_Campbell,0,32
Princess_Caroline,Heidi_Klum,0,32
Madonna,Victoria_Clarke,0,32
Jeong_Se-hyun,Joan_Laporta,0,32
Costas_Simitis,Christine_Todd_Whitman,0,31
Abdullah_Gul,Luis_Ernesto_Derbez_Bautista,0,32
Elsa_Zylberstein,Zinedine_Zidane,0,32
Woody_Allen,Sergei_Ivanov,0,32
Yao_Ming,Nick_Nolte,0,30
Liza_Minnelli,Rick_Perry,0,32
Richard_Gephardt,Jiri_Novak,0,32
Elton_John,Paul_Bremer,0,32
Claudia_Pechstein,Silvan_Shalom,0,32
Lleyton_Hewitt,Charles_Moose,0,31
Gloria_Macapagal_Arroyo,Michael_Douglas,0,32
Luiz_Inacio_Lula_da_Silva,Yoko_Ono,0,32
David_Beckham,Sean_OKeefe,0,32
Tiger_Woods,Billy_Crystal,0,32
Serena_Williams,Sourav_Ganguly,0,30
Jennifer_Garner,Liza_Minnelli,0,32
Renee_Zellweger,Jennifer_Lopez,0,32
Pamela_Anderson,Maria_Shriver,0,32
Jon_Gruden,Jacques_Chirac,0,32
David_Beckham,Denzel_Washington,0,32
Alejandro_Toledo,Joe_Lieberman,0,32
Vincent_Brooks,Sharon_Stone,0,32
Andy_Roddick,Gonzalo_Sanchez_de_Lozada,0,32
Steven_Spielberg,Pete_Sampras,0,32
Charles_Moose,Scott_Peterson,0,31
Michael_Douglas,Queen_Elizabeth_II,0,32
Catherine_Deneuve,Eduard_Shevardnadze,0,31
Rick_Perry,Choi_Sung-hong,0,32
Benjamin_Netanyahu,Michael_Schumacher,0,32
Naji_Sabri,Jay_Garner,0,32
Keanu_Reeves,Elizabeth_Hurley,0,31
Edward_Lu,Hugh_Grant,0,32
Lance_Bass,Keanu_Reeves,0,32
Abdullah_Gul,Keanu_Reeves,0,31
Christine_Todd_Whitman,Natalie_Coughlin,0,31
Paul_Wolfowitz,Tim_Robbins,0,32
Vanessa_Redgrave,Xavier_Malisse,0,32
Claudia_Pechstein,Paul_ONeill,0,31
Scott_Peterson,Robert_De_Niro,0,32
Mahathir_Mohamad,Hitomi_Soga,0,32
Kim_Ryong-sung,Victoria_Clarke,0,31
Vaclav_Havel,Mike_Weir,0,31
Hugh_Grant,John_Stockton,0,32
Emanuel_Ginobili,Jennifer_Capriati,0,32
Dennis_Kucinich,Dominique_de_Villepin,0,32
Sarah_Hughes,Habib_Rizieq,0,32
Taha_Yassin_Ramadan,Muhammad_Saeed_al-Sahhaf,0,32
Sarah_Hughes,Elton_John,0,32
Adrien_Brody,Romano_Prodi,0,32
Arnoldo_Aleman,Nia_Vardalos,0,32
Natalie_Coughlin,Richard_Armitage,0,32
Junichiro_Koizumi,Angela_Bassett,0,32
Cesar_Gaviria,Condoleezza_Rice,0,32
Tim_Robbins,Peter_Struck,0,32
Angelina_Jolie,Vaclav_Havel,0,32
Paradorn_Srichaphan,Benjamin_Netanyahu,0,32
Luiz_Inacio_Lula_da_Silva,Muhammad_Saeed_al-Sahhaf,0,32
Fernando_Gonzalez,Maria_Shriver,0,32
David_Trimble,Larry_Brown,0,32
Dick_Cheney,Bill_Gates,0,31
Megawati_Sukarnoputri,John_Stockton,0,32
James_Wolfensohn,Prince_Charles,0,32
Charles_Taylor,Jon_Gruden,0,31
Hu_Jintao,John_Abizaid,0,32
Roh_Moo-hyun,Alan_Greenspan,0,32
Benjamin_Netanyahu,Vanessa_Redgrave,0,32
Carrie-Anne_Moss,Choi_Sung-hong,0,32
Jimmy_Carter,Clint_Eastwood,0,32
Eduardo_Duhalde,Yao_Ming,0,32
Laura_Bush,Marco_Antonio_Barrera,0,32
Richard_Virenque,Sergio_Vieira_De_Mello,0,32
Lindsay_Davenport,Jesse_Jackson,0,32
Lucy_Liu,Vicente_Fox,0,31
Albert_Costa,Carla_Del_Ponte,0,32
Paul_Martin,Kate_Hudson,0,32
Binyamin_Ben-Eliezer,Clay_Aiken,0,32
Ludivine_Sagnier,Norm_Coleman,0,32
Mike_Weir,Kevin_Spacey,0,32
Ashanti,Jon_Gruden,0,32
Christine_Todd_Whitman,Jeb_Bush,0,32
Costas_Simitis,Vicente_Fernandez,0,32
Trent_Lott,Harrison_Ford,0,32
Edward_Lu,William_Donaldson,0,32
Robert_Zoellick,Mohamed_ElBaradei,0,32
Tom_Hanks,Vincent_Brooks,0,32
Kevin_Costner,Edmund_Stoiber,0,32
Gerhard_Schroeder,Robert_Duvall,0,32
Roy_Moore,Mike_Myers,0,32
Jacques_Rogge,Gregg_Popovich,0,31
Paul_Bremer,Scott_Peterson,0,32
William_Donaldson,Nestor_Kirchner,0,32
Ahmed_Chalabi,Laura_Bush,0,32
Carla_Del_Ponte,Leonardo_DiCaprio,0,31
Pervez_Musharraf,Kevin_Costner,0,32
Hitomi_Soga,David_Heymann,0,32
Jack_Straw,Kalpana_Chawla,0,32
Valery_Giscard_dEstaing,Choi_Sung-hong,0,32
Roy_Moore,Claudia_Pechstein,0,32
Jennifer_Lopez,Mariah_Carey,0,31
Naomi_Watts,Jay_Garner,0,32
Norm_Coleman,Rudolph_Giuliani,0,32
Trent_Lott,Bill_Graham,0,32
Gunter_Pleuger,Anna_Kournikova,0,31
Bill_Frist,Venus_Williams,0,31
William_Ford_Jr,Goldie_Hawn,0,32
Arnold_Schwarzenegger,Adrien_Brody,0,32
Sergio_Vieira_De_Mello,Serena_Williams,0,32
Justin_Timberlake,Saddam_Hussein,0,32
Pamela_Anderson,Tung_Chee-hwa,0,32
Mark_Philippoussis,Steve_Nash,0,32
Naji_Sabri,Paul_Bremer,0,32
Leonid_Kuchma,Steve_Lavin,0,32
Britney_Spears,Michael_Bloomberg,0,32
Robert_Redford,Paul_Burrell,0,31
Charles_Taylor,Oswaldo_Paya,0,32
Nestor_Kirchner,Brad_Johnson,0,31
Martin_McGuinness,Vanessa_Redgrave,0,32
Eduardo_Duhalde,Tom_Ridge,0,32
Li_Zhaoxing,Princess_Caroline,0,32
Dennis_Hastert,Yao_Ming,0,32
Tom_Hanks,Habib_Rizieq,0,32
James_Blake,Gene_Robinson,0,31
James_Blake,Jean_Chretien,0,32
Gwyneth_Paltrow,Andre_Agassi,0,32
Queen_Rania,Paul_Burrell,0,32
Mohammed_Al-Douri,Arnoldo_Aleman,0,32
William_Macy,Hal_Gehman,0,32
Mike_Martz,Paul_Wolfowitz,0,32
Holly_Hunter,Bob_Hope,0,32
Alastair_Campbell,Tim_Henman,0,32
Susan_Sarandon,Paul_Burrell,0,32
Mariah_Carey,Lucy_Liu,0,32
John_Allen_Muhammad,Tariq_Aziz,0,32
Jesse_Jackson,Steffi_Graf,0,32
Tommy_Franks,Robert_Redford,0,32
Charles_Taylor,Charles_Moose,0,32
Robert_Redford,Spencer_Abraham,0,32
Lucy_Liu,Tom_Crean,0,32
Michael_Phelps,Marcelo_Rios,0,32
Tom_Ridge,Martina_McBride,0,32
Tiger_Woods,John_Allen_Muhammad,0,32
Benjamin_Netanyahu,Cesar_Gaviria,0,32
Ben_Affleck,Julie_Gerberding,0,31
Lindsay_Davenport,John_Ashcroft,0,32
Sergei_Ivanov,Paula_Radcliffe,0,32
Clint_Eastwood,Paul_Burrell,0,32
Gerry_Adams,Cruz_Bustamante,0,32
Paul_Burrell,Maria_Soledad_Alvear_Valenzuela,0,32
Al_Sharpton,Li_Peng,0,32
Ciro_Gomes,Nick_Nolte,0,32
Kim_Clijsters,Taha_Yassin_Ramadan,0,31
Tariq_Aziz,Mohamed_ElBaradei,0,32
Lucio_Gutierrez,Natalie_Coughlin,0,32
Alvaro_Uribe,Howard_Dean,0,32
Mohamed_ElBaradei,Eduard_Shevardnadze,0,32
Robert_De_Niro,Walter_Mondale,0,32
Gerry_Adams,Wayne_Ferreira,0,32
Vojislav_Kostunica,Muhammad_Saeed_al-Sahhaf,0,32
Sarah_Hughes,Pamela_Anderson,0,31
Gregg_Popovich,Michael_Bloomberg,0,32
Heidi_Klum,Laura_Bush,0,32
Emma_Watson,Jose_Manuel_Durao_Barroso,0,31
Gerhard_Schroeder,Jonathan_Edwards,0,32
Walter_Mondale,Alan_Greenspan,0,32
Eduardo_Duhalde,Kristanna_Loken,0,32
Nicanor_Duarte_Frutos,Lucio_Gutierrez,0,32
Kristanna_Loken,Jiang_Zemin,0,32
Igor_Ivanov,Xanana_Gusmao,0,31
Yao_Ming,Maria_Soledad_Alvear_Valenzuela,0,32
Maria_Soledad_Alvear_Valenzuela,Ben_Affleck,0,32
Nicole_Kidman,Liza_Minnelli,0,31
Paul_Burrell,Ai_Sugiyama,0,32
Bulent_Ecevit,Muhammad_Saeed_al-Sahhaf,0,32
Ricardo_Lagos,Taha_Yassin_Ramadan,0,32
David_Anderson,Brad_Johnson,0,31
Scott_McClellan,Jennifer_Lopez,0,32
Eduard_Shevardnadze,Tony_Stewart,0,32
Choi_Sung-hong,Trent_Lott,0,32
Mahathir_Mohamad,Mick_Jagger,0,32
Rick_Perry,Hal_Gehman,0,32
Winona_Ryder,Junichiro_Koizumi,0,32
Christine_Todd_Whitman,John_Snow,0,32
Vanessa_Redgrave,Hillary_Clinton,0,32
Kevin_Costner,Rob_Marshall,0,32
Bill_Clinton,Justine_Pasek,0,32
Ana_Guevara,Sarah_Hughes,0,32
Javier_Solana,Susan_Sarandon,0,32
Charlton_Heston,Gloria_Macapagal_Arroyo,0,32
Jim_Furyk,Robert_Zoellick,0,32
Edmund_Stoiber,Kim_Clijsters,0,32
Jason_Kidd,Pedro_Almodovar,0,32
Dennis_Kucinich,Jeb_Bush,0,32
Jonathan_Edwards,Junichiro_Koizumi,0,32
Igor_Ivanov,Boris_Becker,0,32
Megawati_Sukarnoputri,Adrien_Brody,0,32
Benazir_Bhutto,Nicanor_Duarte_Frutos,0,32
Mohammad_Khatami,Maria_Soledad_Alvear_Valenzuela,0,32
Colin_Farrell,Kristanna_Loken,0,32
Ricardo_Sanchez,Keanu_Reeves,0,32
Michael_Phelps,Kofi_Annan,0,32
Jon_Gruden,Jacques_Rogge,0,32
Scott_Peterson,Antonio_Palocci,0,32
Paul_McCartney,Yao_Ming,0,32
Queen_Rania,Ahmed_Chalabi,0,32
Taha_Yassin_Ramadan,Mike_Krzyzewski,0,32
Carrie-Anne_Moss,Kurt_Warner,0,32
Jonathan_Edwards,Dick_Cheney,0,32
Bill_Simon,Bill_Graham,0,32
Nicole_Kidman,Charlton_Heston,0,32
Charles_Taylor,Laura_Bush,0,32
Michael_Chiklis,Tom_Harkin,0,32
Trent_Lott,Carlos_Menem,0,32
Pierce_Brosnan,Colin_Farrell,0,31
Sergei_Ivanov,Binyamin_Ben-Eliezer,0,32
Jacques_Chirac,David_Nalbandian,0,32
Brad_Johnson,Vaclav_Havel,0,32
Charles_Moose,Eduard_Shevardnadze,0,32
Andy_Roddick,Salma_Hayek,0,32
Sean_OKeefe,Kim_Ryong-sung,0,32
Sheryl_Crow,Tommy_Thompson,0,32
Atal_Bihari_Vajpayee,Jennifer_Lopez,0,32
Anna_Kournikova,Ari_Fleischer,0,32
Lance_Armstrong,Dominique_de_Villepin,0,32
John_Howard,David_Anderson,0,32
Tom_Ridge,Pedro_Almodovar,0,32
Yashwant_Sinha,Scott_McClellan,0,32
Gunter_Pleuger,Michael_Chiklis,0,32
Cesar_Gaviria,Walter_Mondale,0,32
Xavier_Malisse,Goldie_Hawn,0,32
Elizabeth_Smart,Atal_Bihari_Vajpayee,0,32
John_McCain,Monica_Seles,0,32
Jiri_Novak,Kurt_Warner,0,32
Ricardo_Sanchez,Bill_Simon,0,32
Lucio_Gutierrez,Clay_Aiken,0,32
David_Heymann,Amelia_Vega,0,32
Paradorn_Srichaphan,Queen_Elizabeth_II,0,30
Ron_Dittemore,Sarah_Jessica_Parker,0,32
Jan_Ullrich,Jon_Gruden,0,32
Vaclav_Havel,David_Nalbandian,0,32
Thaksin_Shinawatra,Marcelo_Rios,0,32
Carrie-Anne_Moss,Calista_Flockhart,0,32
Julianne_Moore,Muhammad_Saeed_al-Sahhaf,0,32
Clint_Eastwood,George_W_Bush,0,32
Jean_Charest,Roman_Polanski,0,32
Gene_Robinson,Richard_Virenque,0,32
Jackie_Chan,Natalie_Coughlin,0,32
Tung_Chee-hwa,Prince_Charles,0,32
Pedro_Malan,Prince_Charles,0,32
Ricardo_Lagos,Kalpana_Chawla,0,32
Costas_Simitis,Roh_Moo-hyun,0,32
Bob_Stoops,Hal_Gehman,0,32
Paula_Radcliffe,Chen_Shui-bian,0,32
Princess_Caroline,Pedro_Malan,0,32
Robert_Blake,Bob_Hope,0,32
Jean-Pierre_Raffarin,Edmund_Stoiber,0,32
Leonardo_DiCaprio,Queen_Rania,0,32
Pervez_Musharraf,Kofi_Annan,0,31
Eduard_Shevardnadze,Anna_Kournikova,0,32
Fernando_Henrique_Cardoso,Lance_Armstrong,0,32
Vaclav_Havel,Kofi_Annan,0,32
Jesse_Jackson,Habib_Rizieq,0,32
Paul_ONeill,Lance_Bass,0,32
Charles_Moose,Costas_Simitis,0,32
Angelina_Jolie,Michael_Phelps,0,32
Rick_Perry,Thomas_OBrien,0,31
Rob_Marshall,Xavier_Malisse,0,32
Sarah_Jessica_Parker,Catherine_Zeta-Jones,0,32
Claudia_Pechstein,Jose_Serra,0,32
Liza_Minnelli,JK_Rowling,0,31
Joan_Laporta,Gonzalo_Sanchez_de_Lozada,0,31
Richard_Gephardt,Lance_Bass,0,31
Igor_Ivanov,Mahathir_Mohamad,0,32
Maria_Shriver,George_W_Bush,0,32
Mick_Jagger,John_Howard,0,31
Paul_ONeill,Ian_Thorpe,0,32
Jean_Charest,Megawati_Sukarnoputri,0,32
Richard_Gere,Yoriko_Kawaguchi,0,32
Jelena_Dokic,Al_Sharpton,0,32
Hamid_Karzai,Gerhard_Schroeder,0,32
Hamid_Karzai,Dennis_Hastert,0,31
Rob_Marshall,Jacques_Rogge,0,32
Tung_Chee-hwa,Muhammad_Ali,0,31
Michael_Chang,Carla_Del_Ponte,0,32
Mohammed_Al-Douri,Tom_Hanks,0,32
Tiger_Woods,Arminio_Fraga,0,32
Brad_Johnson,Edward_Lu,0,31
Ariel_Sharon,Kim_Ryong-sung,0,32
Pierce_Brosnan,Zhu_Rongji,0,32
James_Blake,Amelie_Mauresmo,0,32
Tom_Cruise,Bob_Stoops,0,32
Maria_Shriver,Steffi_Graf,0,32
Fujio_Cho,Queen_Rania,0,32
Diana_Krall,Mahathir_Mohamad,0,31
Roh_Moo-hyun,Pedro_Malan,0,32
Luiz_Inacio_Lula_da_Silva,Enrique_Bolanos,0,32
Hal_Gehman,Roman_Polanski,0,32
Lance_Armstrong,Richard_Gephardt,0,32
Rainer_Schuettler,Kurt_Warner,0,32
John_Travolta,Tom_Hanks,0,32
William_Donaldson,Vaclav_Havel,0,32
Paul_Burrell,Taha_Yassin_Ramadan,0,32
Queen_Rania,Venus_Williams,0,32
Carrie-Anne_Moss,Juan_Carlos_Ferrero,0,31
LeBron_James,Ana_Palacio,0,32
Elizabeth_Smart,Gene_Robinson,0,32
John_Travolta,Sarah_Jessica_Parker,0,32
David_Trimble,Paul_McCartney,0,32
Paul_Martin,Angelina_Jolie,0,32
Elsa_Zylberstein,Vojislav_Kostunica,0,32
Roger_Federer,Laura_Bush,0,32
Jacques_Rogge,Thaksin_Shinawatra,0,32
Fernando_Henrique_Cardoso,Matthew_Perry,0,32
Jelena_Dokic,Mike_Krzyzewski,0,32
Gloria_Macapagal_Arroyo,James_Blake,0,32
Ana_Palacio,Scott_Peterson,0,32
Billy_Crystal,Fujio_Cho,0,32
Kate_Hudson,Emma_Watson,0,32
Jesse_Jackson,Mireya_Moscoso,0,32
Kim_Clijsters,Holly_Hunter,0,32
Richard_Gephardt,Al_Gore,0,32
Silvan_Shalom,David_Anderson,0,32
JK_Rowling,Amelie_Mauresmo,0,32
Kim_Clijsters,Li_Peng,0,32
Ciro_Gomes,Tom_Cruise,0,32
Larry_Brown,Colin_Powell,0,32
Ray_Romano,Vladimir_Putin,0,32
Luis_Gonzalez_Macchi,Bill_Frist,0,31
Nestor_Kirchner,Nicanor_Duarte_Frutos,0,31
Kim_Ryong-sung,Edward_Lu,0,32
Saddam_Hussein,Sharon_Stone,0,32
Laura_Bush,Christine_Todd_Whitman,0,31
Sean_OKeefe,Vaclav_Havel,0,32
Christine_Todd_Whitman,Boris_Becker,0,32
James_Kelly,Roh_Moo-hyun,0,30
Paul_Bremer,Kim_Clijsters,0,32
Bob_Hope,Michael_Powell,0,32
Michael_Chang,Jose_Manuel_Durao_Barroso,0,31
Jose_Manuel_Durao_Barroso,John_Allen_Muhammad,0,32
John_Stockton,Hans_Blix,0,32
Angelina_Jolie,Bob_Hope,0,32
John_Allen_Muhammad,Richard_Virenque,0,32
Tommy_Franks,Colin_Powell,0,32
Maria_Shriver,Jiang_Zemin,0,32
Ana_Guevara,Walter_Mondale,0,32
Paul_ONeill,Erika_Harold,0,32
Gwyneth_Paltrow,Heizo_Takenaka,0,31
Paul_Martin,Gene_Robinson,0,31
Prince_Charles,Liza_Minnelli,0,32
Mike_Myers,Norm_Coleman,0,32
Nicanor_Duarte_Frutos,Claudia_Pechstein,0,32
Howard_Dean,Natalie_Maines,0,32
Silvan_Shalom,Paradorn_Srichaphan,0,32
Harrison_Ford,Mark_Philippoussis,0,32
Michael_Douglas,Renee_Zellweger,0,32
Julie_Gerberding,Geoff_Hoon,0,32
Rubens_Barrichello,Gerhard_Schroeder,0,32
Billy_Crystal,Naji_Sabri,0,32
Steffi_Graf,Michelle_Kwan,0,32
Clay_Aiken,Martina_McBride,0,32
Tom_Harkin,Gonzalo_Sanchez_de_Lozada,0,32
Ari_Fleischer,Sheryl_Crow,0,32
Mick_Jagger,Ahmed_Chalabi,0,32
Rudolph_Giuliani,Zhu_Rongji,0,32
Susan_Sarandon,Nick_Nolte,0,31
Dominique_de_Villepin,Recep_Tayyip_Erdogan,0,31
David_Beckham,Atal_Bihari_Vajpayee,0,31
Kristanna_Loken,Javier_Solana,0,32
Li_Zhaoxing,Charles_Moose,0,32
George_Lopez,John_Snow,0,32
Pervez_Musharraf,Steffi_Graf,0,32
Eduard_Shevardnadze,Laura_Bush,0,32
Pedro_Malan,Yasser_Arafat,0,32
Al_Sharpton,Cruz_Bustamante,0,32
Li_Zhaoxing,Hu_Jintao,0,32
Carlos_Menem,Martina_McBride,0,32
Nick_Nolte,Jonathan_Edwards,0,32
Maria_Shriver,Vojislav_Kostunica,0,32
Juan_Pablo_Montoya,Salma_Hayek,0,32
Jean-David_Levitte,Gerry_Adams,0,32
Bob_Stoops,Bill_Clinton,0,32
Leonardo_DiCaprio,Kevin_Spacey,0,32
Dominique_de_Villepin,Brad_Johnson,0,32
Emma_Watson,Scott_McClellan,0,32
Li_Peng,Gerhard_Schroeder,0,32
Diana_Krall,Albert_Costa,0,32
Trent_Lott,William_Macy,0,32
Ariel_Sharon,Angela_Merkel,0,32
Enrique_Bolanos,David_Anderson,0,32
Enrique_Bolanos,Zhu_Rongji,0,32
Jon_Gruden,Susan_Sarandon,0,32
Liza_Minnelli,Jean_Chretien,0,32
Martin_McGuinness,Edmund_Stoiber,0,32
Valentino_Rossi,Carmen_Electra,0,32
George_W_Bush,Bill_Gates,0,31
Pedro_Almodovar,Tommy_Thompson,0,32
Hugh_Grant,Jose_Serra,0,32
Marco_Antonio_Barrera,Dennis_Kucinich,0,32
Arnoldo_Aleman,Carlos_Menem,0,30
Igor_Ivanov,Thomas_OBrien,0,32
Mariah_Carey,Alan_Greenspan,0,32
Ricardo_Lagos,Amelie_Mauresmo,0,32
Kristanna_Loken,Angela_Bassett,0,32
Matthew_Perry,Shimon_Peres,0,32
Sarah_Jessica_Parker,Jason_Kidd,0,32
Yashwant_Sinha,Michael_Chang,0,32
Gene_Robinson,Ana_Guevara,0,32
Carla_Del_Ponte,Maria_Soledad_Alvear_Valenzuela,0,32
Jake_Gyllenhaal,Lance_Bass,0,32
Juan_Pablo_Montoya,Gil_de_Ferran,0,32
Gene_Robinson,Roger_Moore,0,31
Megawati_Sukarnoputri,Liza_Minnelli,0,32
Bob_Hope,Li_Zhaoxing,0,32
Vanessa_Redgrave,Ali_Naimi,0,32
Albert_Costa,Kim_Ryong-sung,0,32
Ralf_Schumacher,Marco_Antonio_Barrera,0,32
Kevin_Costner,Steven_Spielberg,0,32
Michael_Bloomberg,Tom_Daschle,0,32
Cesar_Gaviria,Jake_Gyllenhaal,0,31
Tiger_Woods,Andre_Agassi,0,32
Tom_Hanks,Venus_Williams,0,32
Roy_Moore,Tony_Stewart,0,32
Renee_Zellweger,Sergei_Ivanov,0,32
Guillermo_Coria,Binyamin_Ben-Eliezer,0,31
Nancy_Pelosi,Nia_Vardalos,0,32
Tommy_Haas,Hugh_Grant,0,32
Sourav_Ganguly,Paul_ONeill,0,32
Meryl_Streep,Lance_Armstrong,0,32
Pedro_Almodovar,Recep_Tayyip_Erdogan,0,32
Vojislav_Kostunica,Jennifer_Lopez,0,32
Robert_Redford,Thomas_OBrien,0,32
Tony_Blair,Kate_Hudson,0,31
Rudolph_Giuliani,Ron_Dittemore,0,32
Carla_Del_Ponte,Valery_Giscard_dEstaing,0,32
Ron_Dittemore,Spencer_Abraham,0,32
Martha_Stewart,Sarah_Hughes,0,32
Lindsay_Davenport,Tom_Ridge,0,32
Jean-Pierre_Raffarin,Wen_Jiabao,0,32
Michael_Douglas,Mohammed_Al-Douri,0,32
Oscar_De_La_Hoya,Arnold_Schwarzenegger,0,32
Tom_Cruise,Russell_Simmons,0,32
Grant_Hackett,Robert_Duvall,0,32
Jennifer_Capriati,Jose_Serra,0,32
Clint_Eastwood,Nia_Vardalos,0,32
George_Lopez,Thomas_OBrien,0,32
Laura_Bush,Paul_ONeill,0,32
Woody_Allen,Tommy_Haas,0,32
Paula_Radcliffe,Mike_Martz,0,32
Susan_Sarandon,Steve_Lavin,0,32
Steve_Nash,Paul_McCartney,0,32
Luis_Horna,Bill_Gates,0,32
Jose_Manuel_Durao_Barroso,Bertie_Ahern,0,32
Vicente_Fox,John_Travolta,0,32
Silvan_Shalom,Norah_Jones,0,32
Enrique_Bolanos,Martin_McGuinness,0,31
Abdullah_Gul,Dick_Cheney,0,32
Kevin_Costner,Rudolph_Giuliani,0,32
Clara_Harris,Ari_Fleischer,0,32
Robert_Zoellick,Sourav_Ganguly,0,31
Mariah_Carey,Ana_Guevara,0,32
Jon_Gruden,Pierce_Brosnan,0,32
LeBron_James,Pedro_Malan,0,32
Yashwant_Sinha,Gloria_Macapagal_Arroyo,0,31
Ray_Romano,Celine_Dion,0,32
Roy_Moore,Joschka_Fischer,0,32
Ron_Dittemore,Alan_Greenspan,0,31
Matthew_Perry,Javier_Solana,0,31
Norah_Jones,Allyson_Felix,0,32
Yasser_Arafat,George_Clooney,0,32
Paul_ONeill,Paul_McCartney,0,32
Tommy_Haas,Ron_Dittemore,0,30
Edmund_Stoiber,Sarah_Hughes,0,32
Catherine_Zeta-Jones,Ludivine_Sagnier,0,32
Charlton_Heston,Norm_Coleman,0,32
Mike_Martz,Claudia_Pechstein,0,32
David_Trimble,George_HW_Bush,0,32
Muhammad_Ali,Jose_Serra,0,32
Julianne_Moore,Ron_Dittemore,0,32
Ariel_Sharon,JK_Rowling,0,32
Nick_Nolte,Steffi_Graf,0,32
Winona_Ryder,Jean_Charest,0,32
Vincent_Brooks,Steve_Nash,0,32
Salma_Hayek,Catherine_Deneuve,0,32
Lleyton_Hewitt,Steve_Nash,0,32
Bill_Frist,Ray_Romano,0,31
Sarah_Hughes,James_Wolfensohn,0,32
Michael_Schumacher,Richard_Gephardt,0,32
Robert_Redford,Ann_Veneman,0,32
Roger_Federer,Britney_Spears,0,32
Sarah_Hughes,Hugo_Chavez,0,32
Habib_Rizieq,Russell_Simmons,0,32
Kurt_Warner,Michael_Chang,0,32
Antonio_Palocci,Catherine_Deneuve,0,32
Elizabeth_Smart,Fernando_Gonzalez,0,32
Kristanna_Loken,Hamid_Karzai,0,32
Andy_Roddick,Marco_Antonio_Barrera,0,32
Colin_Powell,Roger_Moore,0,32
Tung_Chee-hwa,Ann_Veneman,0,32
Colin_Powell,Tom_Crean,0,31
Martin_McGuinness,Ralf_Schumacher,0,32
Thaksin_Shinawatra,Bernard_Law,0,32
Lindsay_Davenport,Naomi_Watts,0,32
Angelina_Jolie,Sarah_Hughes,0,32
Fernando_Gonzalez,Bill_McBride,0,32
Sourav_Ganguly,Jim_Furyk,0,31
Xanana_Gusmao,Paul_Burrell,0,32
Frank_Solich,Pamela_Anderson,0,32
Sourav_Ganguly,Li_Zhaoxing,0,32
Tommy_Haas,Gloria_Macapagal_Arroyo,0,32
Elizabeth_Smart,Peter_Struck,0,32
Sheryl_Crow,Mireya_Moscoso,0,32
Valentino_Rossi,Bulent_Ecevit,0,32
Geoff_Hoon,Zinedine_Zidane,0,32
Guillermo_Coria,Pedro_Almodovar,0,32
Anna_Kournikova,David_Nalbandian,0,32
Paradorn_Srichaphan,Gerhard_Schroeder,0,32
Luis_Gonzalez_Macchi,Yasser_Arafat,0,32
Pete_Sampras,Wen_Jiabao,0,32
Dennis_Hastert,Tommy_Thompson,0,32
Tariq_Aziz,Luis_Gonzalez_Macchi,0,31
Dominique_de_Villepin,Luiz_Inacio_Lula_da_Silva,0,32
Zhu_Rongji,Ai_Sugiyama,0,32
Kalpana_Chawla,Zhu_Rongji,0,32
Sean_OKeefe,Julianne_Moore,0,32
John_Howard,Ai_Sugiyama,0,32
Winona_Ryder,Bob_Hope,0,32
Benjamin_Netanyahu,Calista_Flockhart,0,32
Clara_Harris,Kevin_Costner,0,32
Frank_Solich,Ray_Romano,0,32
John_Allen_Muhammad,Rob_Marshall,0,31
Benazir_Bhutto,Michael_Phelps,0,32
Nicanor_Duarte_Frutos,Joseph_Biden,0,32
Clay_Aiken,Britney_Spears,0,32
Jean_Chretien,Binyamin_Ben-Eliezer,0,31
Donald_Rumsfeld,Steve_Nash,0,32
Monica_Seles,Ahmed_Chalabi,0,32
Ari_Fleischer,Alvaro_Uribe,0,32
Arminio_Fraga,Harrison_Ford,0,32
Carrie-Anne_Moss,Bill_Graham,0,32
Tom_Hanks,Christine_Baumgartner,0,32
Sergei_Ivanov,Mark_Hurlbert,0,32
Sophia_Loren,George_Clooney,0,32
Li_Zhaoxing,Shimon_Peres,0,32
Robert_Duvall,Silvio_Berlusconi,0,32
Carlos_Menem,Paul_Bremer,0,32
Costas_Simitis,Vincent_Brooks,0,32
Brad_Johnson,John_Negroponte,0,32
Julie_Gerberding,Pamela_Anderson,0,32
Ariel_Sharon,Andy_Roddick,0,32
Paul_McCartney,Chanda_Rubin,0,32
Martina_McBride,David_Beckham,0,32
Pete_Sampras,Claudia_Pechstein,0,32
Mahathir_Mohamad,Robert_De_Niro,0,32
Habib_Rizieq,Donald_Rumsfeld,0,32
Ricardo_Sanchez,Steve_Nash,0,32
Tim_Robbins,Susan_Sarandon,0,32
Queen_Elizabeth_II,Ray_Romano,0,31
Yoriko_Kawaguchi,Ana_Guevara,0,32
Carlos_Menem,Paul_Martin,0,32
Ralf_Schumacher,Robert_Mueller,0,32
Frank_Solich,John_Edwards,0,32
Rubens_Barrichello,John_Howard,0,32
Nia_Vardalos,Sergio_Vieira_De_Mello,0,32
Jean-Pierre_Raffarin,Chanda_Rubin,0,32
Hillary_Clinton,Fernando_Gonzalez,0,32
Richard_Gere,Cesar_Gaviria,0,32
Halle_Berry,John_Ashcroft,0,32
John_McCain,Paul_Wolfowitz,0,32
Carrie-Anne_Moss,John_Abizaid,0,32
Tim_Henman,Fidel_Castro,0,32
Oswaldo_Paya,Christine_Baumgartner,0,32
Harrison_Ford,Igor_Ivanov,0,32
Spencer_Abraham,Naomi_Watts,0,32
John_Howard,JK_Rowling,0,32
Sarah_Hughes,Mike_Weir,0,32
Steve_Nash,Spencer_Abraham,0,32
Xanana_Gusmao,Carla_Del_Ponte,0,32
Paul_McCartney,Angela_Bassett,0,32
Mariah_Carey,Jacques_Chirac,0,32
Jan_Ullrich,Natalie_Maines,0,32
Alan_Greenspan,Yasser_Arafat,0,32
Madonna,Tim_Robbins,0,32
Fidel_Castro,John_Manley,0,32
Angela_Bassett,James_Blake,0,32
Roh_Moo-hyun,Jose_Serra,0,32
Clay_Aiken,Donald_Rumsfeld,0,32
Jennifer_Lopez,Michelle_Yeoh,0,32
Colin_Farrell,John_Kerry,0,30
Sergio_Vieira_De_Mello,Gregg_Popovich,0,32
Cruz_Bustamante,Tom_Harkin,0,32
John_Howard,Leonid_Kuchma,0,32
Guillermo_Coria,Pedro_Malan,0,32
Queen_Elizabeth_II,Lance_Bass,0,32
Mike_Krzyzewski,Kate_Hudson,0,32
Javier_Solana,Robert_Duvall,0,32
James_Wolfensohn,Jennifer_Aniston,0,32
Mohammed_Al-Douri,Claudia_Pechstein,0,32
Rubens_Barrichello,Jiang_Zemin,0,32
John_Abizaid,Bernard_Law,0,32
Scott_McClellan,Al_Sharpton,0,32
Denzel_Washington,Hu_Jintao,0,32
Jennifer_Capriati,Naomi_Watts,0,32
Costas_Simitis,Carla_Del_Ponte,0,32
Nia_Vardalos,Tony_Stewart,0,32
Woody_Allen,Vojislav_Kostunica,0,32
Hillary_Clinton,Andre_Agassi,0,32
Robert_Redford,Dennis_Kucinich,0,32
Li_Peng,Vicente_Fox,0,32
Queen_Elizabeth_II,Christine_Baumgartner,0,32
Charles_Moose,Arminio_Fraga,0,32
Valery_Giscard_dEstaing,Clint_Eastwood,0,31
Ariel_Sharon,John_Howard,0,32
Jean_Chretien,Paul_Burrell,0,31
Xavier_Malisse,Jiang_Zemin,0,32
Peter_Struck,Jean-Pierre_Raffarin,0,32
Arminio_Fraga,Michael_Chang,0,32
Ashanti,Bill_Clinton,0,32
Colin_Montgomerie,Dennis_Hastert,0,32
Yoko_Ono,Costas_Simitis,0,32
Charles_Moose,George_W_Bush,0,32
Jay_Garner,LeBron_James,0,32
Wen_Jiabao,Juan_Pablo_Montoya,0,32
Renee_Zellweger,John_Edwards,0,32
Hal_Gehman,Bernard_Law,0,32
Dennis_Hastert,Cesar_Gaviria,0,31
Ron_Dittemore,Paul_Martin,0,32
Geoff_Hoon,Michael_Douglas,0,32
Frank_Solich,Jack_Straw,0,32
George_Clooney,Bob_Hope,0,32
Dick_Cheney,Norah_Jones,0,32
Susan_Sarandon,Mireya_Moscoso,0,32
Marco_Antonio_Barrera,Abdullah_Gul,0,32
John_Edwards,George_Clooney,0,32
Choi_Sung-hong,Jack_Straw,0,32
Juan_Pablo_Montoya,Jan_Ullrich,0,32
Princess_Caroline,Trent_Lott,0,32
Benazir_Bhutto,Christine_Todd_Whitman,0,32
Ricardo_Lagos,Al_Gore,0,32
David_Trimble,Robert_Redford,0,32
George_Pataki,Kate_Hudson,0,32
Marco_Antonio_Barrera,Queen_Rania,0,32
Clay_Aiken,John_Kerry,0,32
Jiri_Novak,Martina_McBride,0,32
William_Ford_Jr,Mohamed_ElBaradei,0,32
Nancy_Pelosi,Vicente_Fernandez,0,32
Vojislav_Kostunica,Jennifer_Aniston,0,32
Gonzalo_Sanchez_de_Lozada,Vanessa_Redgrave,0,32
Tom_Harkin,John_Stockton,0,32
Ariel_Sharon,Bill_Simon,0,32
Charles_Taylor,Fernando_Henrique_Cardoso,0,31
Lance_Armstrong,Kim_Ryong-sung,0,32
Joan_Laporta,Sergei_Ivanov,0,32
Jeremy_Greenstock,Vincent_Brooks,0,32
Mike_Krzyzewski,Spencer_Abraham,0,31
Ari_Fleischer,Sylvester_Stallone,0,32
Jan_Ullrich,Tom_Harkin,0,32
Bertie_Ahern,Walter_Mondale,0,32
Eduardo_Duhalde,Jan_Ullrich,0,31
Dominique_de_Villepin,Richard_Virenque,0,32
James_Kelly,Vicente_Fox,0,32
Bob_Stoops,John_Allen_Muhammad,0,32
John_Negroponte,Angela_Merkel,0,30
Vicente_Fernandez,Joan_Laporta,0,32
Tim_Robbins,Keanu_Reeves,0,32
John_Edwards,Vicente_Fernandez,0,32
Martin_Scorsese,Lucio_Gutierrez,0,32
Michelle_Kwan,Mike_Martz,0,32
Bertie_Ahern,Christine_Baumgartner,0,32
Holly_Hunter,Ludivine_Sagnier,0,32
Celine_Dion,Mick_Jagger,0,32
Ray_Romano,Jennifer_Capriati,0,31
Justin_Timberlake,Robert_Blake,0,32
Jose_Serra,Mick_Jagger,0,32
Frank_Solich,Juan_Carlos_Ferrero,0,32
Kate_Hudson,Norm_Coleman,0,31
Celine_Dion,Billy_Crystal,0,32
Pedro_Almodovar,Marco_Antonio_Barrera,0,32
Tariq_Aziz,Maria_Shriver,0,31
Jesse_Jackson,Diana_Krall,0,32
Mick_Jagger,Ralf_Schumacher,0,32
Enrique_Bolanos,Hal_Gehman,0,32
Brad_Johnson,Rubens_Barrichello,0,31
Zinedine_Zidane,Colin_Montgomerie,0,32
Lleyton_Hewitt,John_Abizaid,0,32
Gonzalo_Sanchez_de_Lozada,Jimmy_Carter,0,32
Ricardo_Lagos,Elizabeth_Hurley,0,32
Vincent_Brooks,Lindsay_Davenport,0,32
Justin_Timberlake,Taha_Yassin_Ramadan,0,32
Julie_Gerberding,Natalie_Coughlin,0,32
Joan_Laporta,Catherine_Zeta-Jones,0,32
Thomas_OBrien,Jean-David_Levitte,0,32
Albert_Costa,Thaksin_Shinawatra,0,32
Jose_Manuel_Durao_Barroso,Fidel_Castro,0,32
Charles_Taylor,Alan_Greenspan,0,32
Valentino_Rossi,Jesse_Jackson,0,32
James_Blake,Sean_OKeefe,0,32
Naji_Sabri,Fernando_Henrique_Cardoso,0,32
Charles_Taylor,Naji_Sabri,0,32
Xavier_Malisse,Rick_Perry,0,32
Jim_Furyk,Maria_Shriver,0,32
Al_Sharpton,Hosni_Mubarak,0,32
Martina_McBride,Alan_Greenspan,0,32
Pervez_Musharraf,Juan_Carlos_Ferrero,0,32
Jan_Ullrich,Ciro_Gomes,0,32
Gerry_Adams,Yoko_Ono,0,32
Tom_Cruise,Halle_Berry,0,32
Emma_Watson,Richard_Virenque,0,32
Lance_Bass,Arnold_Schwarzenegger,0,31
Muhammad_Ali,Madonna,0,31
Richard_Gephardt,Xavier_Malisse,0,32
Valentino_Rossi,Bill_Clinton,0,31
Steffi_Graf,John_Abizaid,0,32
Christine_Todd_Whitman,Steve_Nash,0,32
Enrique_Bolanos,Martina_McBride,0,32
Nicole_Kidman,Fernando_Gonzalez,0,32
Jackie_Chan,Yashwant_Sinha,0,32
Roger_Moore,Mark_Hurlbert,0,32
Arminio_Fraga,David_Nalbandian,0,32
Clint_Eastwood,Ludivine_Sagnier,0,31
Valentino_Rossi,Condoleezza_Rice,0,32
Grant_Hackett,Norm_Coleman,0,32
Mark_Philippoussis,Billy_Crystal,0,32
David_Heymann,Vanessa_Redgrave,0,32
Jiang_Zemin,Junichiro_Koizumi,0,32
Ray_Romano,Rubens_Barrichello,0,32
Bill_Frist,Bernard_Law,0,32
Gray_Davis,Joan_Laporta,0,31
Mark_Philippoussis,Hillary_Clinton,0,32
Oscar_De_La_Hoya,Pete_Sampras,0,32
Catherine_Zeta-Jones,Lucio_Gutierrez,0,32
Tim_Henman,Bill_Graham,0,32
Tommy_Thompson,Michael_Douglas,0,31
Jose_Maria_Aznar,Tung_Chee-hwa,0,32
Dennis_Kucinich,Kim_Clijsters,0,32
Allyson_Felix,Dick_Cheney,0,32
Tommy_Franks,Arminio_Fraga,0,32
Benazir_Bhutto,Gonzalo_Sanchez_de_Lozada,0,32
Donald_Rumsfeld,Goldie_Hawn,0,32
Lance_Armstrong,Eduard_Shevardnadze,0,32
Clay_Aiken,Pervez_Musharraf,0,32
Yasser_Arafat,Elizabeth_Smart,0,32
Gerry_Adams,Robert_Zoellick,0,32
Paradorn_Srichaphan,Hans_Blix,0,32
Andre_Agassi,Kevin_Costner,0,32
Wen_Jiabao,Muhammad_Saeed_al-Sahhaf,0,32
Jon_Gruden,Queen_Elizabeth_II,0,32
Leonardo_DiCaprio,Antonio_Palocci,0,32
Natalie_Coughlin,Scott_Peterson,0,32
Fujio_Cho,Leonardo_DiCaprio,0,32
Tiger_Woods,Joseph_Biden,0,32
Adrien_Brody,Kristanna_Loken,0,32
Venus_Williams,Brad_Johnson,0,32
Nicole_Kidman,Silvio_Berlusconi,0,32
Jackie_Chan,Mohammad_Khatami,0,32
Sean_OKeefe,Adrien_Brody,0,32
Gerry_Adams,Arnold_Schwarzenegger,0,32
Yao_Ming,Silvan_Shalom,0,32
Dennis_Kucinich,John_Negroponte,0,32
Mariah_Carey,Jose_Maria_Aznar,0,32
Jeb_Bush,Princess_Caroline,0,32
Nick_Nolte,Alan_Greenspan,0,32
Kofi_Annan,Andy_Roddick,0,32
William_Donaldson,Silvan_Shalom,0,32
Mahathir_Mohamad,Denzel_Washington,0,32
Kamal_Kharrazi,Kurt_Warner,0,32
Tim_Robbins,Jacques_Rogge,0,31
Binyamin_Ben-Eliezer,Yashwant_Sinha,0,32
Ana_Palacio,Roy_Moore,0,32
Justin_Timberlake,Sharon_Stone,0,32
Chanda_Rubin,Colin_Powell,0,32
Gonzalo_Sanchez_de_Lozada,Paul_Martin,0,32
Ian_Thorpe,Benjamin_Netanyahu,0,32
Mike_Krzyzewski,Jacques_Rogge,0,32
Maria_Soledad_Alvear_Valenzuela,George_W_Bush,0,31
Michael_Douglas,Emma_Watson,0,31
Jennifer_Capriati,Peter_Struck,0,32
Hosni_Mubarak,Maria_Shriver,0,32
Naji_Sabri,Rubens_Barrichello,0,32
Denzel_Washington,Gwyneth_Paltrow,0,31
Mark_Hurlbert,Fidel_Castro,0,32
Heidi_Klum,Roh_Moo-hyun,0,32
Paula_Radcliffe,Jeremy_Greenstock,0,32
Ralf_Schumacher,Robert_Blake,0,31
Mike_Krzyzewski,Hosni_Mubarak,0,32
Pedro_Malan,Emanuel_Ginobili,0,32
Paula_Radcliffe,Bill_McBride,0,32
Dick_Cheney,Elizabeth_Smart,0,32
Diana_Krall,Ana_Palacio,0,32
Jon_Gruden,Richard_Gere,0,32
Diana_Krall,Paradorn_Srichaphan,0,32
Goldie_Hawn,Cruz_Bustamante,0,31
Denzel_Washington,Bill_Gates,0,31
Robert_De_Niro,Celine_Dion,0,32
Pervez_Musharraf,Michael_Schumacher,0,32
Gerhard_Schroeder,Edmund_Stoiber,0,32
Mike_Myers,George_W_Bush,0,32
Wen_Jiabao,Naomi_Watts,0,32
Luiz_Inacio_Lula_da_Silva,Tang_Jiaxuan,0,32
Michael_Powell,Michael_Chang,0,32
Marco_Antonio_Barrera,Vojislav_Kostunica,0,32
Fernando_Gonzalez,Jesse_Jackson,0,32
Fidel_Castro,Hillary_Clinton,0,32
Grant_Hackett,Bill_Clinton,0,32
Jiri_Novak,Gene_Robinson,0,32
Albert_Costa,Mohamed_ElBaradei,0,32
Roh_Moo-hyun,John_Snow,0,32
Ana_Palacio,Luiz_Inacio_Lula_da_Silva,0,31
Mahathir_Mohamad,Ana_Palacio,0,32
Naji_Sabri,Cruz_Bustamante,0,32
Hugh_Grant,Emanuel_Ginobili,0,32
Fidel_Castro,Mohammed_Al-Douri,0,31
Paul_Burrell,Yasser_Arafat,0,31
Arnoldo_Aleman,Ashanti,0,32
Yasser_Arafat,Matthew_Perry,0,32
Marco_Antonio_Barrera,Martha_Stewart,0,32
Bill_McBride,Arnold_Schwarzenegger,0,32
Eduard_Shevardnadze,Russell_Simmons,0,32
Marco_Antonio_Barrera,Heidi_Klum,0,32
Bill_Simon,Richard_Gephardt,0,30
Dennis_Hastert,Joschka_Fischer,0,32
Ana_Guevara,Larry_Brown,0,32
George_Pataki,Arnold_Schwarzenegger,0,32
Monica_Seles,Xavier_Malisse,0,32
Costas_Simitis,Clay_Aiken,0,31
Jiang_Zemin,Monica_Seles,0,32
Vincent_Brooks,Paula_Radcliffe,0,32
William_Macy,Dick_Cheney,0,32
Arminio_Fraga,Natalie_Coughlin,0,32
Wayne_Ferreira,Guillermo_Coria,0,32
Woody_Allen,Pamela_Anderson,0,31
Cruz_Bustamante,Carla_Del_Ponte,0,32
Renee_Zellweger,Arminio_Fraga,0,32
Holly_Hunter,Carlos_Menem,0,32
Luis_Gonzalez_Macchi,Steffi_Graf,0,32
John_Travolta,Mohammad_Khatami,0,32
Sharon_Stone,Lance_Bass,0,32
Yao_Ming,Catherine_Deneuve,0,32
Roy_Moore,Oscar_De_La_Hoya,0,32
Sylvester_Stallone,Joe_Lieberman,0,32
Nestor_Kirchner,Robert_Blake,0,32
Eduardo_Duhalde,Michael_Phelps,0,32
Dick_Cheney,Robert_Blake,0,32
James_Blake,Carla_Del_Ponte,0,32
Emma_Watson,John_Negroponte,0,32
Paul_Wolfowitz,Tom_Daschle,0,32
Paula_Radcliffe,Carla_Del_Ponte,0,32
Nicole_Kidman,Angela_Merkel,0,32
Brad_Johnson,Roger_Moore,0,32
Roh_Moo-hyun,Calista_Flockhart,0,32
Queen_Rania,Vicente_Fernandez,0,31
Oswaldo_Paya,Martha_Stewart,0,32
Hitomi_Soga,Jose_Manuel_Durao_Barroso,0,31
Venus_Williams,Vincent_Brooks,0,32
Jennifer_Capriati,Romano_Prodi,0,32
Taha_Yassin_Ramadan,Ali_Naimi,0,32
Catherine_Zeta-Jones,Jason_Kidd,0,32
Arnoldo_Aleman,Jiri_Novak,0,31
John_McCain,Arnoldo_Aleman,0,32
Robert_Duvall,John_Bolton,0,32
Tony_Stewart,Harrison_Ford,0,32
Nancy_Pelosi,Tariq_Aziz,0,32
Vicente_Fox,Vladimir_Putin,0,32
Sergey_Lavrov,Hu_Jintao,0,32
Lindsay_Davenport,Ludivine_Sagnier,0,32
Michael_Chiklis,Taha_Yassin_Ramadan,0,32
Paul_Bremer,Bertie_Ahern,0,32
Trent_Lott,Clay_Aiken,0,32
Luis_Gonzalez_Macchi,Fidel_Castro,0,32
Catherine_Deneuve,Gwyneth_Paltrow,0,32
Brad_Johnson,Richard_Gephardt,0,32
Tim_Robbins,Walter_Mondale,0,32
Grant_Hackett,Tim_Robbins,0,32
Joschka_Fischer,Michael_Douglas,0,32
Tom_Crean,Jackie_Chan,0,32
Enrique_Bolanos,Jason_Kidd,0,32
Nancy_Pelosi,Gerhard_Schroeder,0,32
Condoleezza_Rice,Lance_Bass,0,32
John_Abizaid,Scott_McClellan,0,32
Michelle_Kwan,Paradorn_Srichaphan,0,32
Zhu_Rongji,Kamal_Kharrazi,0,32
Joseph_Biden,Juan_Carlos_Ferrero,0,32
Carlos_Moya,Michael_Chiklis,0,32
Meryl_Streep,Queen_Elizabeth_II,0,32
Rick_Perry,Silvio_Berlusconi,0,32
Richard_Virenque,Tommy_Thompson,0,32
Salma_Hayek,John_Snow,0,32
Robert_Redford,John_Travolta,0,32
Tim_Robbins,Martha_Stewart,0,32
Jesse_Jackson,Vincent_Brooks,0,32
George_HW_Bush,Scott_McClellan,0,32
Jeb_Bush,David_Beckham,0,31
Denzel_Washington,William_Ford_Jr,0,32
John_Howard,Rudolph_Giuliani,0,31
Lance_Armstrong,Maria_Shriver,0,32
Madonna,Sergey_Lavrov,0,32
Martin_McGuinness,Monica_Seles,0,32
Jiri_Novak,Sharon_Stone,0,32
Bill_Frist,John_Stockton,0,32
Antonio_Banderas,Diana_Krall,0,32
Bertie_Ahern,William_Ford_Jr,0,32
Meryl_Streep,Yasser_Arafat,0,32
Christine_Todd_Whitman,John_Allen_Muhammad,0,32
Bill_Simon,Zhu_Rongji,0,32
Denzel_Washington,James_Blake,0,32
Justin_Timberlake,Keanu_Reeves,0,32
Albert_Costa,Gonzalo_Sanchez_de_Lozada,0,32
Ai_Sugiyama,Jimmy_Carter,0,32
Condoleezza_Rice,Jeb_Bush,0,32
Pamela_Anderson,Elton_John,0,32
Rubens_Barrichello,Heizo_Takenaka,0,32
Choi_Sung-hong,Naomi_Watts,0,32
Sophia_Loren,Justine_Pasek,0,32
Angela_Merkel,Martina_McBride,0,32
Al_Gore,Calista_Flockhart,0,32
Jim_Furyk,Donald_Rumsfeld,0,32
Jonathan_Edwards,Joe_Lieberman,0,32
Andy_Roddick,Larry_Brown,0,32
Yasser_Arafat,Steve_Lavin,0,32
Ron_Dittemore,Hugo_Chavez,0,32
David_Anderson,Tim_Robbins,0,32
Pierce_Brosnan,Bill_Graham,0,32
Charles_Moose,Naomi_Watts,0,31
Monica_Seles,Jan_Ullrich,0,32
Bulent_Ecevit,JK_Rowling,0,32
John_Howard,Igor_Ivanov,0,32
Elizabeth_Smart,Yao_Ming,0,32
Jonathan_Edwards,Zinedine_Zidane,0,32
Luis_Ernesto_Derbez_Bautista,Ron_Dittemore,0,32
Renee_Zellweger,Liza_Minnelli,0,32
Halle_Berry,Sourav_Ganguly,0,32
Gregg_Popovich,Britney_Spears,0,32
Bob_Stoops,Angela_Merkel,0,32
Nick_Nolte,Bill_Frist,0,32
Thomas_OBrien,Joseph_Biden,0,32
Victoria_Clarke,Sarah_Jessica_Parker,0,32
Adrien_Brody,Hugh_Grant,0,32
Jose_Manuel_Durao_Barroso,Kim_Clijsters,0,32
Heizo_Takenaka,Paula_Radcliffe,0,32
Dominique_de_Villepin,Britney_Spears,0,32
Hugh_Grant,Sourav_Ganguly,0,32
James_Wolfensohn,Denzel_Washington,0,32
LeBron_James,Taha_Yassin_Ramadan,0,32
George_HW_Bush,Jeb_Bush,0,32
Lance_Armstrong,Diana_Krall,0,32
Romano_Prodi,Xanana_Gusmao,0,32
Arminio_Fraga,Ben_Affleck,0,31
Salma_Hayek,Michael_Bloomberg,0,31
James_Wolfensohn,Fidel_Castro,0,32
Kim_Clijsters,Ian_Thorpe,0,31
Sourav_Ganguly,Angelina_Jolie,0,32
Mark_Philippoussis,Mick_Jagger,0,32
John_Stockton,Erika_Harold,0,32
Vladimir_Putin,Ashanti,0,32
Ciro_Gomes,Ann_Veneman,0,31
Vincent_Brooks,Colin_Farrell,0,32
Carmen_Electra,James_Kelly,0,32
Mariah_Carey,Paula_Radcliffe,0,32
Habib_Rizieq,Hitomi_Soga,0,32
Tang_Jiaxuan,Monica_Seles,0,32
Choi_Sung-hong,Chanda_Rubin,0,32
Jonathan_Edwards,Tom_Ridge,0,32
Heidi_Klum,Lance_Bass,0,32
Ai_Sugiyama,John_McCain,0,31
Juan_Pablo_Montoya,Robert_Mueller,0,31
King_Abdullah_II,Jonathan_Edwards,0,32
Tommy_Haas,Cesar_Gaviria,0,32
Gerry_Adams,Bill_Graham,0,32
Alastair_Campbell,Ian_Thorpe,0,32
Paul_Bremer,Allyson_Felix,0,32
Bernard_Law,Joseph_Biden,0,32
Gene_Robinson,Sean_OKeefe,0,32
Clay_Aiken,Jon_Gruden,0,32
Tommy_Franks,Ai_Sugiyama,0,32
Elsa_Zylberstein,Rick_Perry,0,31
Clara_Harris,Sergio_Vieira_De_Mello,0,32
Rubens_Barrichello,Sharon_Stone,0,31
Vicente_Fernandez,Roger_Moore,0,32
Saddam_Hussein,Sergio_Vieira_De_Mello,0,32
Brad_Johnson,Vladimir_Putin,0,32
Dominique_de_Villepin,Grant_Hackett,0,32
Carla_Del_Ponte,Yao_Ming,0,32
Yashwant_Sinha,Ron_Dittemore,0,32
Claudia_Pechstein,Kalpana_Chawla,0,32
Charlton_Heston,Jon_Gruden,0,32
Gerry_Adams,Harrison_Ford,0,32
Heidi_Klum,Mick_Jagger,0,32
Bob_Graham,Nicanor_Duarte_Frutos,0,32
Marco_Antonio_Barrera,John_Travolta,0,32
Recep_Tayyip_Erdogan,John_Abizaid,0,31
Habib_Rizieq,Jim_Furyk,0,32
Nicanor_Duarte_Frutos,Christine_Baumgartner,0,32
Keanu_Reeves,Ben_Affleck,0,32
Jay_Garner,Tony_Blair,0,32
Mahathir_Mohamad,Vaclav_Havel,0,31
Dick_Cheney,Rudolph_Giuliani,0,32
JK_Rowling,Lucy_Liu,0,31
Robert_Blake,Robert_Kocharian,0,32
Vicente_Fernandez,Kate_Hudson,0,32
John_Travolta,Joschka_Fischer,0,32
Hosni_Mubarak,Sean_OKeefe,0,32
Jacques_Chirac,John_Allen_Muhammad,0,32
Mohammed_Al-Douri,Salma_Hayek,0,32
Arminio_Fraga,John_Abizaid,0,32
Kalpana_Chawla,John_McCain,0,32
Mark_Philippoussis,Gordon_Brown,0,32
Sergio_Vieira_De_Mello,Queen_Rania,0,31
Sergey_Lavrov,Jennifer_Garner,0,32
William_Macy,Maria_Shriver,0,32
Mahathir_Mohamad,Taha_Yassin_Ramadan,0,32
Ron_Dittemore,Salma_Hayek,0,32
Jason_Kidd,Bill_Gates,0,32
Edward_Lu,Dominique_de_Villepin,0,32
Steffi_Graf,James_Blake,0,32
Romano_Prodi,Wayne_Ferreira,0,32
Lindsay_Davenport,Ron_Dittemore,0,32
Ali_Naimi,Elizabeth_Hurley,0,32
Christine_Baumgartner,Halle_Berry,0,32
David_Trimble,Pedro_Malan,0,32
Nestor_Kirchner,Jennifer_Garner,0,32
Maria_Soledad_Alvear_Valenzuela,Arminio_Fraga,0,32
Carlos_Menem,Meryl_Streep,0,32
Li_Zhaoxing,Bill_McBride,0,32
Edward_Lu,Lleyton_Hewitt,0,32
Yao_Ming,Luis_Horna,0,32
Fernando_Gonzalez,Ralf_Schumacher,0,32
Vanessa_Redgrave,Colin_Montgomerie,0,32
Alejandro_Toledo,Keanu_Reeves,0,31
Woody_Allen,Marcelo_Rios,0,32
Alvaro_Uribe,JK_Rowling,0,32
Sean_OKeefe,Lindsay_Davenport,0,32
William_Donaldson,Mick_Jagger,0,32
Vicente_Fox,Mick_Jagger,0,32
Amelie_Mauresmo,Antonio_Palocci,0,32
Bob_Stoops,Guillermo_Coria,0,31
Steve_Nash,Ralf_Schumacher,0,32
Zinedine_Zidane,Abdullah_Gul,0,32
Jennifer_Lopez,Elsa_Zylberstein,0,32
Andy_Roddick,John_Stockton,0,32
Heizo_Takenaka,Lleyton_Hewitt,0,32
Tim_Henman,Natalie_Coughlin,0,32
Rainer_Schuettler,Hosni_Mubarak,0,32
Martina_McBride,Clara_Harris,0,32
Sean_OKeefe,Hu_Jintao,0,32
Russell_Simmons,Jesse_Jackson,0,32
Ana_Palacio,Jiang_Zemin,0,32
Ralf_Schumacher,Kurt_Warner,0,32
Richard_Armitage,Ben_Affleck,0,32
Li_Peng,Oscar_De_La_Hoya,0,32
Scott_McClellan,Carrie-Anne_Moss,0,32
Tommy_Thompson,Michael_Schumacher,0,32
Oscar_De_La_Hoya,Mahathir_Mohamad,0,32
Leonid_Kuchma,Lleyton_Hewitt,0,31
Gil_de_Ferran,Antonio_Palocci,0,31
Dick_Cheney,Guillermo_Coria,0,32
Steffi_Graf,LeBron_James,0,32
Catherine_Zeta-Jones,Goldie_Hawn,0,32
Carmen_Electra,Martin_McGuinness,0,31
Ricardo_Sanchez,Fernando_Henrique_Cardoso,0,32
Kate_Hudson,Wayne_Ferreira,0,32
Nestor_Kirchner,Enrique_Bolanos,0,32
Donald_Rumsfeld,Carlos_Menem,0,32
Javier_Solana,Claudia_Pechstein,0,32
Tim_Henman,Michael_Chang,0,32
John_McCain,Sophia_Loren,0,31
Fujio_Cho,Howard_Dean,0,32
Paul_ONeill,Gene_Robinson,0,32
Dominique_de_Villepin,Tom_Hanks,0,32
Eduardo_Duhalde,John_Allen_Muhammad,0,32
Renee_Zellweger,Jon_Gruden,0,32
Binyamin_Ben-Eliezer,Nia_Vardalos,0,32
Muhammad_Ali,Pamela_Anderson,0,31
Thomas_OBrien,Bill_Simon,0,32
Brad_Johnson,Guillermo_Coria,0,32
Bob_Graham,Bob_Stoops,0,32
Tariq_Aziz,Marco_Antonio_Barrera,0,31
Sergio_Vieira_De_Mello,Javier_Solana,0,32
Jonathan_Edwards,Mohammed_Al-Douri,0,32
Saddam_Hussein,Peter_Struck,0,32
Monica_Seles,Sergio_Vieira_De_Mello,0,32
Eduard_Shevardnadze,Vicente_Fernandez,0,32
Luiz_Inacio_Lula_da_Silva,Robert_Duvall,0,32
King_Abdullah_II,David_Beckham,0,31
Carrie-Anne_Moss,Gerry_Adams,0,32
Sergey_Lavrov,Clara_Harris,0,32
Steffi_Graf,Carlos_Menem,0,32
Habib_Rizieq,Steve_Nash,0,32
Robert_Redford,Peter_Struck,0,32
Lance_Armstrong,Tiger_Woods,0,32
Kurt_Warner,Bill_Gates,0,32
Steven_Spielberg,Ciro_Gomes,0,32
John_Allen_Muhammad,Yoko_Ono,0,32
Jeb_Bush,Paul_Martin,0,32
Jackie_Chan,Serena_Williams,0,31
Joan_Laporta,Lucy_Liu,0,32
Norm_Coleman,Madonna,0,32
Russell_Simmons,Sylvester_Stallone,0,32
Wen_Jiabao,Rudolph_Giuliani,0,32
Joe_Lieberman,Peter_Struck,0,32
Benjamin_Netanyahu,Jeremy_Greenstock,0,32
Renee_Zellweger,Paradorn_Srichaphan,0,32
Nicanor_Duarte_Frutos,Sylvester_Stallone,0,32
Arminio_Fraga,Woody_Allen,0,32
Luis_Gonzalez_Macchi,James_Wolfensohn,0,32
Diana_Krall,Kalpana_Chawla,0,32
Mohammad_Khatami,Muhammad_Saeed_al-Sahhaf,0,32
Jay_Garner,Fernando_Gonzalez,0,31
Saddam_Hussein,Paul_Wolfowitz,0,31
Albert_Costa,William_Macy,0,32
Bernard_Law,Gray_Davis,0,32
Robert_De_Niro,Hu_Jintao,0,32
Elsa_Zylberstein,Julie_Gerberding,0,32
Roman_Polanski,Ron_Dittemore,0,32
Kate_Hudson,Trent_Lott,0,32
Tony_Stewart,Martha_Stewart,0,32
Joseph_Biden,Steffi_Graf,0,32
Trent_Lott,Jacques_Rogge,0,31
Leonid_Kuchma,Ludivine_Sagnier,0,32
Queen_Rania,Joan_Laporta,0,32
Bill_Clinton,Jose_Manuel_Durao_Barroso,0,31
Vincent_Brooks,Catherine_Zeta-Jones,0,32
Vicente_Fox,Sarah_Hughes,0,32
Sergio_Vieira_De_Mello,Jose_Serra,0,32
Jiang_Zemin,Cruz_Bustamante,0,32
Sourav_Ganguly,Ron_Dittemore,0,32
John_Howard,Jeb_Bush,0,32
Roh_Moo-hyun,Tang_Jiaxuan,0,32
Robert_Redford,Tung_Chee-hwa,0,32
Fernando_Henrique_Cardoso,Tony_Blair,0,32
Robert_Redford,Richard_Virenque,0,32
Pedro_Almodovar,Ricardo_Lagos,0,32
Jeong_Se-hyun,Thomas_OBrien,0,32
Luiz_Inacio_Lula_da_Silva,Yoriko_Kawaguchi,0,32
Edmund_Stoiber,Bill_Frist,0,32
Monica_Seles,Elizabeth_Smart,0,32
William_Donaldson,Albert_Costa,0,30
Robert_Redford,Jon_Gruden,0,32
Atal_Bihari_Vajpayee,Ai_Sugiyama,0,32
Gordon_Brown,Angela_Bassett,0,32
Thaksin_Shinawatra,Britney_Spears,0,32
Joe_Lieberman,Rainer_Schuettler,0,32
Li_Peng,Paul_Burrell,0,32
Igor_Ivanov,Larry_Brown,0,32
Wayne_Ferreira,Martin_McGuinness,0,31
Scott_McClellan,Calista_Flockhart,0,32
Binyamin_Ben-Eliezer,Hitomi_Soga,0,32
Emanuel_Ginobili,Mark_Hurlbert,0,32
Silvio_Berlusconi,Ashanti,0,32
Ahmed_Chalabi,Marcelo_Rios,0,32
Guillermo_Coria,Rainer_Schuettler,0,32
Marco_Antonio_Barrera,Edmund_Stoiber,0,32
Tiger_Woods,Matthew_Perry,0,32
Grant_Hackett,Condoleezza_Rice,0,31
LeBron_James,Natalie_Maines,0,32
Mark_Hurlbert,Michael_Chang,0,32
Joseph_Biden,Russell_Simmons,0,32
Habib_Rizieq,Jeremy_Greenstock,0,29
Antonio_Banderas,Charles_Moose,0,32
Tommy_Franks,Maria_Shriver,0,32
Brad_Johnson,Gloria_Macapagal_Arroyo,0,32
Frank_Solich,Benjamin_Netanyahu,0,32
Naomi_Watts,Luis_Horna,0,32
Angela_Bassett,Condoleezza_Rice,0,32
Alastair_Campbell,Holly_Hunter,0,32
Al_Sharpton,LeBron_James,0,31
Carmen_Electra,Tom_Ridge,0,31
Hitomi_Soga,Condoleezza_Rice,0,32
Prince_Charles,Marcelo_Rios,0,32
Steffi_Graf,Joe_Lieberman,0,32
Carlos_Moya,Emma_Watson,0,32
Victoria_Clarke,Kevin_Costner,0,32
Fidel_Castro,Julianne_Moore,0,32
Frank_Solich,Susan_Sarandon,0,32
Colin_Montgomerie,Guillermo_Coria,0,32
Silvio_Berlusconi,Steve_Lavin,0,32
Ricardo_Sanchez,Mick_Jagger,0,32
Sergio_Vieira_De_Mello,Thomas_OBrien,0,32
Andre_Agassi,Kamal_Kharrazi,0,32
Hans_Blix,Xanana_Gusmao,0,32
Silvan_Shalom,Muhammad_Ali,0,32
Tony_Blair,Walter_Mondale,0,32
Ben_Affleck,Hitomi_Soga,0,32
Tommy_Haas,Joschka_Fischer,0,32
Hugo_Chavez,Erika_Harold,0,31
Ron_Dittemore,Queen_Elizabeth_II,0,32
Charles_Taylor,Victoria_Clarke,0,32
Gil_de_Ferran,Romano_Prodi,0,30
Matthew_Perry,Bob_Stoops,0,32
Jeb_Bush,Fernando_Henrique_Cardoso,0,32
Jonathan_Edwards,Jose_Serra,0,31
Erika_Harold,Tiger_Woods,0,32
Hugh_Grant,Christine_Baumgartner,0,32
Luis_Horna,Eduardo_Duhalde,0,32
Carrie-Anne_Moss,Jean_Chretien,0,32
Ahmed_Chalabi,Ann_Veneman,0,32
Halle_Berry,Prince_Charles,0,31
Guillermo_Coria,Kim_Clijsters,0,32
Li_Zhaoxing,Clint_Eastwood,0,32
John_Kerry,Hillary_Clinton,0,32
Hillary_Clinton,Albert_Costa,0,32
Sourav_Ganguly,Diana_Krall,0,32
John_Negroponte,Dick_Cheney,0,32
Paul_Bremer,John_Abizaid,0,32
Jennifer_Lopez,Nia_Vardalos,0,32
Clint_Eastwood,Charlton_Heston,0,31
Al_Gore,Robert_Zoellick,0,32
Richard_Gephardt,Hugh_Grant,0,32
Pervez_Musharraf,Antonio_Banderas,0,30
Brad_Johnson,Condoleezza_Rice,0,32
Kate_Hudson,Ann_Veneman,0,32
Paul_McCartney,Elsa_Zylberstein,0,32
Jelena_Dokic,Gloria_Macapagal_Arroyo,0,32
Joschka_Fischer,John_Allen_Muhammad,0,31
Pamela_Anderson,Kate_Hudson,0,32
Maria_Soledad_Alvear_Valenzuela,Dominique_de_Villepin,0,32
Pedro_Almodovar,Justin_Timberlake,0,32
Pamela_Anderson,John_Snow,0,32
Halle_Berry,Charlton_Heston,0,32
Jiang_Zemin,Richard_Armitage,0,31
Paradorn_Srichaphan,Sylvester_Stallone,0,32
David_Nalbandian,Juan_Carlos_Ferrero,0,32
Tommy_Haas,Mark_Hurlbert,0,32
Pierce_Brosnan,Li_Peng,0,32
Rainer_Schuettler,Mike_Weir,0,32
Paul_McCartney,Hitomi_Soga,0,32
Paul_Burrell,Chanda_Rubin,0,31
William_Donaldson,Gil_de_Ferran,0,31
John_Bolton,Ludivine_Sagnier,0,32
Matthew_Perry,Liza_Minnelli,0,31
Michael_Powell,Pierce_Brosnan,0,32
Junichiro_Koizumi,Charlton_Heston,0,32
Angela_Bassett,Dominique_de_Villepin,0,32
Vaclav_Havel,David_Trimble,0,32
Donald_Rumsfeld,Jiang_Zemin,0,32
Maria_Soledad_Alvear_Valenzuela,Carlos_Moya,0,32
Fernando_Henrique_Cardoso,Claudia_Pechstein,0,32
Amelia_Vega,Bulent_Ecevit,0,32
Jay_Garner,Ciro_Gomes,0,31
Carrie-Anne_Moss,Kim_Ryong-sung,0,32
Shimon_Peres,Oscar_De_La_Hoya,0,32
Adrien_Brody,Naji_Sabri,0,32
Norah_Jones,Ai_Sugiyama,0,31
Mohammed_Al-Douri,Leonardo_DiCaprio,0,31
Mike_Martz,Emanuel_Ginobili,0,32
James_Kelly,Jean-David_Levitte,0,32
Bertie_Ahern,Abdullah_Gul,0,32
George_HW_Bush,Thomas_OBrien,0,32
Tariq_Aziz,Pamela_Anderson,0,31
Maria_Soledad_Alvear_Valenzuela,Bob_Stoops,0,32
Hu_Jintao,David_Anderson,0,32
Joan_Laporta,Eduard_Shevardnadze,0,32
Muhammad_Saeed_al-Sahhaf,Antonio_Banderas,0,31
Jennifer_Aniston,Muhammad_Ali,0,32
John_Bolton,Ray_Romano,0,32
Charlton_Heston,Silvio_Berlusconi,0,32
Dick_Cheney,Vincent_Brooks,0,32
Mark_Hurlbert,Binyamin_Ben-Eliezer,0,32
Al_Sharpton,Zhu_Rongji,0,32
Tung_Chee-hwa,Paul_ONeill,0,32
John_Stockton,Vladimir_Putin,0,32
David_Anderson,Charlton_Heston,0,32
Vicente_Fox,Keanu_Reeves,0,32
Mahmoud_Abbas,Jim_Furyk,0,32
Thaksin_Shinawatra,Li_Peng,0,32
Pedro_Malan,Tony_Stewart,0,32
Dennis_Kucinich,Angela_Bassett,0,32
Vladimir_Putin,James_Kelly,0,32
Jay_Garner,Maria_Shriver,0,32
Frank_Solich,Martina_McBride,0,32
Mireya_Moscoso,Jose_Serra,0,32
Heidi_Klum,Joschka_Fischer,0,31
Benjamin_Netanyahu,Jeong_Se-hyun,0,32
Robert_Mueller,Robert_Zoellick,0,31
Colin_Farrell,Prince_Charles,0,32
Natalie_Coughlin,Fidel_Castro,0,32
Muhammad_Saeed_al-Sahhaf,Hillary_Clinton,0,32
Kevin_Spacey,Howard_Dean,0,32
Javier_Solana,Alastair_Campbell,0,32
Norm_Coleman,Meryl_Streep,0,32
John_Ashcroft,Alvaro_Uribe,0,32
Angela_Merkel,Ahmed_Chalabi,0,32
Rainer_Schuettler,Adrien_Brody,0,32
Andre_Agassi,Jose_Manuel_Durao_Barroso,0,32
Scott_Peterson,Gil_de_Ferran,0,32
Donald_Rumsfeld,Jennifer_Aniston,0,32
Jonathan_Edwards,Atal_Bihari_Vajpayee,0,31
Charles_Moose,Carlos_Menem,0,32
Mahathir_Mohamad,Ralf_Schumacher,0,32
Calista_Flockhart,Paradorn_Srichaphan,0,32
John_Negroponte,John_Bolton,0,32
Paula_Radcliffe,Oscar_De_La_Hoya,0,32
Muhammad_Saeed_al-Sahhaf,Nick_Nolte,0,32
John_Edwards,Carla_Del_Ponte,0,31
Yoriko_Kawaguchi,Heidi_Klum,0,32
Justine_Pasek,Claudia_Pechstein,0,32
Meryl_Streep,Julie_Gerberding,0,32
Sergio_Vieira_De_Mello,Bertie_Ahern,0,32
Russell_Simmons,Matthew_Perry,0,31
Benazir_Bhutto,John_Snow,0,32
Bob_Stoops,Catherine_Deneuve,0,32
John_Negroponte,Catherine_Zeta-Jones,0,32
Bill_Graham,George_HW_Bush,0,32
Tim_Robbins,Julie_Gerberding,0,32
Tom_Cruise,Jonathan_Edwards,0,32
Charlton_Heston,Jimmy_Carter,0,32
Pamela_Anderson,Hal_Gehman,0,32
Lance_Bass,Nia_Vardalos,0,32
Scott_Peterson,Emanuel_Ginobili,0,32
John_Snow,Kurt_Warner,0,32
Paul_ONeill,Vanessa_Redgrave,0,32
Paul_Martin,Maria_Shriver,0,32
Kofi_Annan,Michael_Powell,0,32
Michael_Phelps,James_Kelly,0,32
David_Heymann,Jacques_Chirac,0,32
Paul_McCartney,Richard_Virenque,0,32
Sarah_Jessica_Parker,Hans_Blix,0,32
Scott_McClellan,Jackie_Chan,0,32
Hal_Gehman,Gunter_Pleuger,0,32
Amelia_Vega,Woody_Allen,0,32
Alastair_Campbell,Matthew_Perry,0,32
Gray_Davis,Gerhard_Schroeder,0,32
Angelina_Jolie,Roger_Federer,0,32
Vincent_Brooks,Vicente_Fox,0,32
Arminio_Fraga,Lucio_Gutierrez,0,32
James_Wolfensohn,Tim_Robbins,0,31
Keanu_Reeves,Jon_Gruden,0,32
Bob_Hope,Madonna,0,32
Naji_Sabri,Russell_Simmons,0,32
Bob_Graham,Ben_Affleck,0,32
Xavier_Malisse,Amelia_Vega,0,32
Paul_ONeill,Romano_Prodi,0,32
Rob_Marshall,Sergey_Lavrov,0,31
Angelina_Jolie,William_Ford_Jr,0,32
Rob_Marshall,Michael_Chang,0,32
Kim_Clijsters,Dominique_de_Villepin,0,32
Roy_Moore,Naomi_Watts,0,32
Gonzalo_Sanchez_de_Lozada,Megawati_Sukarnoputri,0,31
Tom_Crean,Pedro_Almodovar,0,32
Nestor_Kirchner,Tommy_Haas,0,32
Charlton_Heston,Lance_Armstrong,0,32
Valentino_Rossi,Fernando_Henrique_Cardoso,0,32
Colin_Farrell,Juan_Carlos_Ferrero,0,31
Nicole_Kidman,James_Kelly,0,32
Michelle_Kwan,Lance_Armstrong,0,32
Yoko_Ono,Tony_Blair,0,31
Natalie_Coughlin,Jan_Ullrich,0,32
Queen_Elizabeth_II,Ralf_Schumacher,0,32
Zinedine_Zidane,Lance_Armstrong,0,32
Luis_Horna,Zhu_Rongji,0,32
Hans_Blix,Steven_Spielberg,0,32
Nick_Nolte,Jimmy_Carter,0,32
Meryl_Streep,Juan_Pablo_Montoya,0,32
Charles_Taylor,Paula_Radcliffe,0,32
Charles_Moose,Juan_Carlos_Ferrero,0,32
Trent_Lott,Vincent_Brooks,0,32
Gene_Robinson,Cesar_Gaviria,0,32
Roman_Polanski,Joseph_Biden,0,32
Queen_Rania,Pedro_Almodovar,0,32
Sergei_Ivanov,Ana_Palacio,0,31
Jan_Ullrich,Martin_Scorsese,0,32
Britney_Spears,Jean-Pierre_Raffarin,0,31
Rick_Perry,Serena_Williams,0,32
Catherine_Deneuve,Muhammad_Saeed_al-Sahhaf,0,32
Tony_Blair,Paul_Wolfowitz,0,32
Antonio_Palocci,Jim_Furyk,0,31
Scott_McClellan,Steve_Nash,0,32
Carmen_Electra,Ann_Veneman,0,32
George_Pataki,Joseph_Biden,0,31
Sophia_Loren,Geoff_Hoon,0,32
John_Bolton,Bill_Clinton,0,32
Alan_Greenspan,Ricardo_Lagos,0,32
Howard_Dean,Juan_Carlos_Ferrero,0,32
Paul_Wolfowitz,Steven_Spielberg,0,32
Carla_Del_Ponte,Mahathir_Mohamad,0,32
Prince_Charles,Kofi_Annan,0,32
Sergei_Ivanov,Al_Sharpton,0,32
Jose_Maria_Aznar,Jeb_Bush,0,32
Susan_Sarandon,Anna_Kournikova,0,32
Sharon_Stone,Jay_Garner,0,32
Elsa_Zylberstein,Venus_Williams,0,32
Edward_Lu,Mariah_Carey,0,32
Binyamin_Ben-Eliezer,Costas_Simitis,0,32
Roger_Moore,Michelle_Yeoh,0,32
Paul_McCartney,Javier_Solana,0,32
Chanda_Rubin,Paul_Martin,0,32
Zinedine_Zidane,Steve_Lavin,0,32
Gene_Robinson,Silvan_Shalom,0,32
Spencer_Abraham,Nicole_Kidman,0,32
Natalie_Coughlin,Lance_Armstrong,0,31
Naji_Sabri,David_Trimble,0,32
Pedro_Almodovar,Sylvester_Stallone,0,32
Jean_Chretien,Catherine_Deneuve,0,32
Jean_Chretien,Ben_Affleck,0,32
Diana_Krall,Xavier_Malisse,0,32
Jean-David_Levitte,Billy_Crystal,0,32
Robert_De_Niro,Costas_Simitis,0,31
Lleyton_Hewitt,Elizabeth_Smart,0,32
Justine_Pasek,Ai_Sugiyama,0,32
Heizo_Takenaka,Tang_Jiaxuan,0,32
Ciro_Gomes,George_HW_Bush,0,32
Choi_Sung-hong,Jake_Gyllenhaal,0,32
George_W_Bush,Fernando_Gonzalez,0,32
Luiz_Inacio_Lula_da_Silva,Woody_Allen,0,32
Jacques_Rogge,Yoko_Ono,0,32
Cruz_Bustamante,Lance_Bass,0,32
Colin_Montgomerie,Ricardo_Lagos,0,32
Jeb_Bush,Ricardo_Sanchez,0,32
Heizo_Takenaka,Sarah_Hughes,0,31
Julianne_Moore,John_Manley,0,32
Ahmed_Chalabi,Luis_Ernesto_Derbez_Bautista,0,32
Kevin_Spacey,Andre_Agassi,0,32
David_Anderson,Mike_Martz,0,32
Nancy_Pelosi,Javier_Solana,0,32
Cameron_Diaz,Ricardo_Sanchez,0,32
Martha_Stewart,Joan_Laporta,0,32
Martin_McGuinness,Howard_Dean,0,31
Halle_Berry,Edward_Lu,0,32
Luis_Horna,Abdullah_Gul,0,32
Grant_Hackett,Clint_Eastwood,0,32
Paul_McCartney,Tom_Crean,0,32
Pedro_Malan,Vojislav_Kostunica,0,32
Bill_Clinton,Vaclav_Havel,0,32
Zhu_Rongji,Venus_Williams,0,32
Elizabeth_Hurley,Pete_Sampras,0,32
Clara_Harris,Eduardo_Duhalde,0,31
Prince_Charles,Tom_Hanks,0,32
Princess_Caroline,Eduard_Shevardnadze,0,32
Valentino_Rossi,Bertie_Ahern,0,32
John_McCain,Vanessa_Redgrave,0,32
Mariah_Carey,Norah_Jones,0,32
Amelia_Vega,Richard_Gephardt,0,32
Mariah_Carey,Dennis_Hastert,0,32
George_Clooney,Pierce_Brosnan,0,32
Billy_Crystal,Hal_Gehman,0,32
Sean_OKeefe,Dominique_de_Villepin,0,32
Madonna,Carmen_Electra,0,31
Jelena_Dokic,George_Robertson,0,32
Pedro_Almodovar,Holly_Hunter,0,32
Sourav_Ganguly,Ari_Fleischer,0,32
Alejandro_Toledo,Kevin_Costner,0,32
George_W_Bush,Paul_Burrell,0,32
Tom_Ridge,Roman_Polanski,0,32
Cesar_Gaviria,Paul_McCartney,0,32
Trent_Lott,Luis_Ernesto_Derbez_Bautista,0,31
John_Abizaid,David_Nalbandian,0,32
Catherine_Zeta-Jones,Nick_Nolte,0,32
Ludivine_Sagnier,Kate_Hudson,0,32
Walter_Mondale,Catherine_Zeta-Jones,0,32
David_Beckham,Vaclav_Havel,0,32
Ralf_Schumacher,Claudia_Pechstein,0,32
Gene_Robinson,David_Nalbandian,0,32
Ricardo_Sanchez,Bill_Gates,0,32
John_Edwards,David_Nalbandian,0,32
Sourav_Ganguly,Boris_Becker,0,32
Mireya_Moscoso,Richard_Gere,0,32
Oswaldo_Paya,Zhu_Rongji,0,32
Jeremy_Greenstock,Paradorn_Srichaphan,0,32
Martin_Scorsese,Paul_Bremer,0,32
Paradorn_Srichaphan,Tang_Jiaxuan,0,32
Queen_Elizabeth_II,Naji_Sabri,0,32
Bob_Stoops,Joseph_Biden,0,32
Nicanor_Duarte_Frutos,Vojislav_Kostunica,0,31
Larry_Brown,Ricardo_Sanchez,0,32
Sharon_Stone,Carlos_Moya,0,31
John_Allen_Muhammad,James_Wolfensohn,0,32
Vicente_Fox,Mireya_Moscoso,0,32
Robert_Redford,Laura_Bush,0,31
Mohamed_ElBaradei,Al_Sharpton,0,32
Pierce_Brosnan,Gray_Davis,0,31
Ben_Affleck,Renee_Zellweger,0,32
Luis_Ernesto_Derbez_Bautista,Steve_Nash,0,31
Tung_Chee-hwa,Habib_Rizieq,0,32
Joseph_Biden,Ricardo_Lagos,0,32
Nestor_Kirchner,Marcelo_Rios,0,32
Li_Peng,Richard_Armitage,0,32
Leonardo_DiCaprio,Gray_Davis,0,32
Jimmy_Carter,Tiger_Woods,0,32
Jose_Serra,James_Kelly,0,31
Richard_Virenque,Hillary_Clinton,0,32
Celine_Dion,Bill_Frist,0,32
Madonna,Jesse_Jackson,0,32
Hamid_Karzai,Robert_Blake,0,32
John_Ashcroft,Spencer_Abraham,0,32
Naji_Sabri,Richard_Armitage,0,32
Paul_Martin,Norah_Jones,0,32
Jean_Chretien,Richard_Gere,0,32
Carlos_Moya,Joan_Laporta,0,31
William_Donaldson,Victoria_Clarke,0,31
Kamal_Kharrazi,Tommy_Haas,0,32
Tim_Henman,Kate_Hudson,0,32
Dick_Cheney,Lance_Bass,0,32
Hugo_Chavez,Habib_Rizieq,0,31
Sarah_Jessica_Parker,Roger_Federer,0,32
Hamid_Karzai,Halle_Berry,0,32
Robert_Zoellick,Chen_Shui-bian,0,32
Michael_Bloomberg,Michelle_Yeoh,0,32
Jon_Gruden,Javier_Solana,0,32
Kevin_Spacey,Claudia_Pechstein,0,31
Colin_Powell,Charlton_Heston,0,31
Lleyton_Hewitt,Bulent_Ecevit,0,32
Geoff_Hoon,Christine_Baumgartner,0,32
Mark_Philippoussis,John_Ashcroft,0,32
William_Donaldson,Ai_Sugiyama,0,32
Tiger_Woods,Bill_Frist,0,32
Halle_Berry,Muhammad_Ali,0,32
Hans_Blix,Justine_Pasek,0,32
Roh_Moo-hyun,Jean-Pierre_Raffarin,0,32
Jeb_Bush,Allyson_Felix,0,32
Jennifer_Garner,Holly_Hunter,0,32
Tommy_Thompson,Condoleezza_Rice,0,32
Larry_Brown,Steven_Spielberg,0,31
Jackie_Chan,Matthew_Perry,0,31
Joe_Lieberman,Dennis_Kucinich,0,32
Scott_Peterson,Zinedine_Zidane,0,32
Joe_Lieberman,Hillary_Clinton,0,31
Walter_Mondale,Richard_Gere,0,32
Geoff_Hoon,Justin_Timberlake,0,32
Tony_Blair,John_Abizaid,0,32
Bill_Frist,Elsa_Zylberstein,0,32
Mark_Hurlbert,Robert_Blake,0,32
Sylvester_Stallone,Jeremy_Greenstock,0,32
Hu_Jintao,Ralf_Schumacher,0,32
Tom_Hanks,Yasser_Arafat,0,32
Angela_Bassett,Steve_Nash,0,32
Pete_Sampras,Tom_Daschle,0,32
Martha_Stewart,Luis_Horna,0,32
Yao_Ming,Vincent_Brooks,0,31
Queen_Elizabeth_II,Jackie_Chan,0,32
Hans_Blix,Pete_Sampras,0,32
John_Travolta,Sharon_Stone,0,32
LeBron_James,Luis_Ernesto_Derbez_Bautista,0,32
Pierce_Brosnan,Luiz_Inacio_Lula_da_Silva,0,32
Junichiro_Koizumi,Amelia_Vega,0,32
Oscar_De_La_Hoya,Paul_Burrell,0,32
Arnold_Schwarzenegger,George_W_Bush,0,32
Michael_Schumacher,John_Kerry,0,31
Tom_Hanks,Thomas_OBrien,0,32
Chanda_Rubin,Steffi_Graf,0,31
Tony_Blair,Hal_Gehman,0,32
Marco_Antonio_Barrera,Nicole_Kidman,0,32
Sophia_Loren,James_Wolfensohn,0,32
Choi_Sung-hong,Tony_Blair,0,32
King_Abdullah_II,Emanuel_Ginobili,0,32
Holly_Hunter,Joe_Lieberman,0,32
Lance_Bass,Donald_Rumsfeld,0,32
Gerry_Adams,Winona_Ryder,0,32
Colin_Montgomerie,Sheryl_Crow,0,32
Li_Zhaoxing,Kim_Clijsters,0,32
Junichiro_Koizumi,Bernard_Law,0,32
Gregg_Popovich,Tommy_Haas,0,32
David_Nalbandian,Ray_Romano,0,32
Jean_Chretien,Cesar_Gaviria,0,32
Serena_Williams,Clint_Eastwood,0,32
Megawati_Sukarnoputri,Colin_Montgomerie,0,32
Antonio_Banderas,Valentino_Rossi,0,32
Matthew_Perry,David_Heymann,0,32
Sergio_Vieira_De_Mello,Jacques_Chirac,0,32
Ralf_Schumacher,Fujio_Cho,0,32
Ahmed_Chalabi,Hitomi_Soga,0,32
Mohamed_ElBaradei,Ludivine_Sagnier,0,32
Ali_Naimi,Kim_Clijsters,0,32
Winona_Ryder,David_Anderson,0,32
Wayne_Ferreira,Carla_Del_Ponte,0,32
Muhammad_Ali,Vicente_Fernandez,0,32
Jean-Pierre_Raffarin,Calista_Flockhart,0,32
Adrien_Brody,Fidel_Castro,0,32
George_Pataki,Goldie_Hawn,0,32
Pedro_Malan,Taha_Yassin_Ramadan,0,32
Alejandro_Toledo,Pedro_Malan,0,32
Billy_Crystal,John_Travolta,0,32
George_Pataki,Jennifer_Lopez,0,32
Igor_Ivanov,Tony_Stewart,0,32
Al_Gore,Ana_Palacio,0,32
Tung_Chee-hwa,Gray_Davis,0,32
Colin_Powell,Frank_Solich,0,32
Tang_Jiaxuan,Tommy_Thompson,0,32
Carrie-Anne_Moss,John_Edwards,0,32
Martina_McBride,Hitomi_Soga,0,32
Jennifer_Capriati,Michael_Douglas,0,32
Nick_Nolte,Jason_Kidd,0,32
Hugh_Grant,Naomi_Watts,0,32
Antonio_Banderas,Jan_Ullrich,0,32
Gerhard_Schroeder,Jennifer_Garner,0,32
Dennis_Hastert,Vincent_Brooks,0,32
Vicente_Fox,Michael_Bloomberg,0,31
Carlos_Menem,Mariah_Carey,0,32
Hugo_Chavez,Elizabeth_Hurley,0,32
Marco_Antonio_Barrera,Tony_Stewart,0,32
Tung_Chee-hwa,Jeremy_Greenstock,0,32
Diana_Krall,Nia_Vardalos,0,31
Tony_Stewart,LeBron_James,0,32
Tiger_Woods,Sheryl_Crow,0,32
Maria_Shriver,Mark_Hurlbert,0,32
JK_Rowling,Kate_Hudson,0,32
Al_Sharpton,Jim_Furyk,0,31
Michelle_Kwan,Alastair_Campbell,0,32
Thaksin_Shinawatra,Pamela_Anderson,0,32
Justine_Pasek,Condoleezza_Rice,0,32
Natalie_Maines,David_Nalbandian,0,32
Ciro_Gomes,Angela_Bassett,0,32
Michael_Chang,Jay_Garner,0,31
Andy_Roddick,Jiri_Novak,0,32
Salma_Hayek,Jake_Gyllenhaal,0,32
Sharon_Stone,Steve_Lavin,0,32
Bill_Gates,Paul_Burrell,0,32
Tim_Henman,Elizabeth_Smart,0,32
Carmen_Electra,Mahmoud_Abbas,0,32
Benazir_Bhutto,David_Heymann,0,32
Richard_Armitage,Jose_Maria_Aznar,0,32
Jackie_Chan,Ahmed_Chalabi,0,32
Mohamed_ElBaradei,Richard_Gephardt,0,32
Sylvester_Stallone,Sophia_Loren,0,32
Holly_Hunter,Rainer_Schuettler,0,32
Carrie-Anne_Moss,Jose_Serra,0,32
Luis_Ernesto_Derbez_Bautista,Alan_Greenspan,0,32
Michael_Douglas,Nancy_Pelosi,0,32
John_Snow,Allyson_Felix,0,32
Jennifer_Aniston,Britney_Spears,0,32
Grant_Hackett,Sarah_Hughes,0,32
Alan_Greenspan,Colin_Montgomerie,0,32
Sourav_Ganguly,Al_Sharpton,0,32
Vladimir_Putin,Anna_Kournikova,0,32
Hugh_Grant,Michael_Douglas,0,32
Meryl_Streep,Ben_Affleck,0,32
Juan_Pablo_Montoya,Zinedine_Zidane,0,32
Cameron_Diaz,Bill_Graham,0,32
Juan_Carlos_Ferrero,Li_Peng,0,32
Mike_Krzyzewski,Oscar_De_La_Hoya,0,32
John_Howard,Howard_Dean,0,32
Michael_Schumacher,Natalie_Coughlin,0,32
Scott_McClellan,Clint_Eastwood,0,32
Ciro_Gomes,Kalpana_Chawla,0,32
Yashwant_Sinha,William_Ford_Jr,0,32
Maria_Shriver,Yashwant_Sinha,0,32
Robert_Zoellick,Paul_McCartney,0,32
Britney_Spears,William_Donaldson,0,32
Michelle_Kwan,Choi_Sung-hong,0,32
Roger_Federer,Meryl_Streep,0,32
Venus_Williams,Michael_Phelps,0,32
Paul_ONeill,Michael_Powell,0,32
Clara_Harris,Maria_Soledad_Alvear_Valenzuela,0,32
Kofi_Annan,Julie_Gerberding,0,32
Enrique_Bolanos,Denzel_Washington,0,31
Halle_Berry,Colin_Powell,0,32
Matthew_Perry,Allyson_Felix,0,32
Kim_Clijsters,Hu_Jintao,0,32
Kim_Dae-jung,Megawati_Sukarnoputri,0,32
Mohamed_ElBaradei,Li_Peng,0,32
Igor_Ivanov,Fidel_Castro,0,32
LeBron_James,Robert_Duvall,0,32
Arnoldo_Aleman,Carmen_Electra,0,32
Christine_Todd_Whitman,Bill_Simon,0,32
Bernard_Law,Kristanna_Loken,0,32
Justine_Pasek,Ahmed_Chalabi,0,32
Donald_Rumsfeld,Britney_Spears,0,32
Walter_Mondale,Sean_OKeefe,0,32
David_Nalbandian,Jean_Chretien,0,32
Enrique_Bolanos,Sergey_Lavrov,0,32
Andre_Agassi,Atal_Bihari_Vajpayee,0,31
George_Clooney,David_Nalbandian,0,32
Costas_Simitis,Sean_OKeefe,0,32
John_McCain,Muhammad_Ali,0,32
Scott_McClellan,Naji_Sabri,0,32
Emma_Watson,Naji_Sabri,0,32
David_Trimble,Carlos_Moya,0,32
Joe_Lieberman,Angela_Bassett,0,32
Kevin_Spacey,Michelle_Yeoh,0,32
Wen_Jiabao,Bulent_Ecevit,0,31
Donald_Rumsfeld,Luiz_Inacio_Lula_da_Silva,0,32
Tom_Hanks,Nicanor_Duarte_Frutos,0,32
Jiang_Zemin,Xanana_Gusmao,0,32
Spencer_Abraham,Gerry_Adams,0,32
Holly_Hunter,Jake_Gyllenhaal,0,32
Frank_Solich,Sylvester_Stallone,0,32
Jake_Gyllenhaal,Hugh_Grant,0,32
Kamal_Kharrazi,Hal_Gehman,0,32
Jan_Ullrich,Grant_Hackett,0,32
Michael_Powell,Enrique_Bolanos,0,32
Jean_Charest,Juan_Carlos_Ferrero,0,32
Heizo_Takenaka,Michael_Powell,0,32
Li_Peng,Michael_Chang,0,32
Robert_De_Niro,Maria_Shriver,0,32
Mariah_Carey,Frank_Solich,0,32
Bertie_Ahern,Spencer_Abraham,0,32
Victoria_Clarke,Tim_Robbins,0,32
Bill_Frist,Vojislav_Kostunica,0,32
Cameron_Diaz,John_Howard,0,32
Holly_Hunter,Mohammed_Al-Douri,0,32
Carla_Del_Ponte,David_Nalbandian,0,32
Antonio_Banderas,Jacques_Rogge,0,32
Gordon_Brown,Mariah_Carey,0,32
John_Bolton,Martin_Scorsese,0,32
Maria_Shriver,Tim_Robbins,0,32
Pamela_Anderson,Elizabeth_Smart,0,31
George_W_Bush,Paul_Wolfowitz,0,32
Jeong_Se-hyun,Andy_Roddick,0,32
John_Travolta,Kofi_Annan,0,32
Mike_Martz,Guillermo_Coria,0,32
Eduard_Shevardnadze,Dominique_de_Villepin,0,32
Heidi_Klum,Xavier_Malisse,0,31
Cesar_Gaviria,Nicanor_Duarte_Frutos,0,32
James_Kelly,Chanda_Rubin,0,32
Maria_Soledad_Alvear_Valenzuela,Richard_Gephardt,0,32
Maria_Soledad_Alvear_Valenzuela,Charles_Taylor,0,31
Tony_Stewart,Sergey_Lavrov,0,32
Angelina_Jolie,John_Negroponte,0,32
Mick_Jagger,Atal_Bihari_Vajpayee,0,32
Diana_Krall,George_Lopez,0,32
Mick_Jagger,Gwyneth_Paltrow,0,32
Pierce_Brosnan,Bertie_Ahern,0,32
Saddam_Hussein,Hugh_Grant,0,32
Jennifer_Aniston,Matthew_Perry,0,32
Mike_Krzyzewski,Elsa_Zylberstein,0,32
Tony_Blair,Elton_John,0,32
Jack_Straw,Naji_Sabri,0,32
Sylvester_Stallone,Andre_Agassi,0,32
Hal_Gehman,Richard_Gephardt,0,29
John_Edwards,Pedro_Malan,0,32
Gerhard_Schroeder,Edward_Lu,0,32
Russell_Simmons,Cameron_Diaz,0,32
Justin_Timberlake,Sergey_Lavrov,0,31
Norm_Coleman,Arnold_Schwarzenegger,0,32
Yoko_Ono,Colin_Powell,0,32
Wayne_Ferreira,Julie_Gerberding,0,32
Robert_Duvall,Bill_Graham,0,32
Sarah_Hughes,Mohammed_Al-Douri,0,32
Eduard_Shevardnadze,John_Stockton,0,31
Jennifer_Aniston,Jeremy_Greenstock,0,31
Fujio_Cho,Alejandro_Toledo,0,32
Benjamin_Netanyahu,George_Pataki,0,32
Hamid_Karzai,Sergey_Lavrov,0,32
Celine_Dion,Condoleezza_Rice,0,32
John_Negroponte,Arminio_Fraga,0,32
Frank_Solich,Roger_Moore,0,32
Bertie_Ahern,Rob_Marshall,0,32
Michael_Powell,Sheryl_Crow,0,32
Ludivine_Sagnier,Sarah_Jessica_Parker,0,31
Rubens_Barrichello,Ali_Naimi,0,31
William_Ford_Jr,Tom_Daschle,0,32
Rainer_Schuettler,Michael_Powell,0,31
Jiri_Novak,Michelle_Kwan,0,32
Tariq_Aziz,Paul_ONeill,0,32
William_Macy,Yashwant_Sinha,0,32
Benazir_Bhutto,Natalie_Coughlin,0,32
Tom_Ridge,Gloria_Macapagal_Arroyo,0,32
Mahathir_Mohamad,Vojislav_Kostunica,0,32
Sourav_Ganguly,Wen_Jiabao,0,32
Mark_Hurlbert,Thaksin_Shinawatra,0,32
Hu_Jintao,Ciro_Gomes,0,32
Kurt_Warner,Xanana_Gusmao,0,32
Gerhard_Schroeder,John_Negroponte,0,32
Bill_McBride,Gwyneth_Paltrow,0,32
Silvan_Shalom,Jean_Chretien,0,32
David_Anderson,Elton_John,0,32
Alan_Greenspan,Gil_de_Ferran,0,32
Vojislav_Kostunica,Hugh_Grant,0,32
Gene_Robinson,Justin_Timberlake,0,32
Tom_Hanks,Muhammad_Ali,0,32
Jiri_Novak,Alastair_Campbell,0,32
Michael_Bloomberg,Bob_Graham,0,32
Marco_Antonio_Barrera,Trent_Lott,0,32
Kevin_Costner,David_Beckham,0,32
Rainer_Schuettler,Jennifer_Garner,0,32
Sheryl_Crow,Jennifer_Capriati,0,32
Gloria_Macapagal_Arroyo,Rubens_Barrichello,0,32
Richard_Virenque,George_W_Bush,0,32
Recep_Tayyip_Erdogan,Ciro_Gomes,0,32
Li_Peng,George_Clooney,0,32
Carlos_Moya,Gonzalo_Sanchez_de_Lozada,0,32
King_Abdullah_II,Colin_Farrell,0,31
George_W_Bush,Jose_Serra,0,32
Maria_Shriver,Thaksin_Shinawatra,0,32
Yoriko_Kawaguchi,Frank_Solich,0,32
Grant_Hackett,Goldie_Hawn,0,31
Jim_Furyk,John_Kerry,0,32
Jim_Furyk,Carlos_Menem,0,32
Maria_Shriver,Jackie_Chan,0,32
Jeb_Bush,Ari_Fleischer,0,32
Tom_Harkin,Jesse_Jackson,0,32
Fernando_Gonzalez,Paul_Burrell,0,31
JK_Rowling,Meryl_Streep,0,32
Kalpana_Chawla,Justine_Pasek,0,31
Bill_Graham,Yoriko_Kawaguchi,0,32
Mike_Martz,Jan_Ullrich,0,31
Liza_Minnelli,Li_Zhaoxing,0,32
JK_Rowling,Jake_Gyllenhaal,0,32
William_Donaldson,Mohammad_Khatami,0,32
John_Kerry,Meryl_Streep,0,32
Lindsay_Davenport,Christine_Baumgartner,0,32
Sarah_Jessica_Parker,Jose_Serra,0,32
Christine_Todd_Whitman,Sophia_Loren,0,31
Silvio_Berlusconi,Charles_Taylor,0,32
Al_Gore,Allyson_Felix,0,32
Scott_Peterson,Jonathan_Edwards,0,32
Jesse_Jackson,LeBron_James,0,32
Ricardo_Sanchez,Sylvester_Stallone,0,32
Michael_Schumacher,Howard_Dean,0,32
Clint_Eastwood,Alan_Greenspan,0,32
Michael_Chiklis,Kevin_Costner,0,31
Lucio_Gutierrez,Abdullah_Gul,0,32
Prince_Charles,Mahathir_Mohamad,0,32
James_Blake,Holly_Hunter,0,31
Bertie_Ahern,Juan_Pablo_Montoya,0,32
Jon_Gruden,Sourav_Ganguly,0,32
Renee_Zellweger,Colin_Montgomerie,0,32
Angela_Merkel,Bob_Hope,0,32
Li_Peng,Jacques_Rogge,0,31
Igor_Ivanov,Madonna,0,31
Jean-David_Levitte,Geoff_Hoon,0,32
Bob_Stoops,George_Clooney,0,32
Tony_Stewart,Bulent_Ecevit,0,31
Ana_Palacio,Nick_Nolte,0,32
Gerhard_Schroeder,Bulent_Ecevit,0,31
Jelena_Dokic,Robert_Kocharian,0,32
Paul_Wolfowitz,William_Ford_Jr,0,32
Robert_Blake,Colin_Montgomerie,0,32
Albert_Costa,Paul_Wolfowitz,0,32
Bill_Simon,Jeb_Bush,0,32
Wayne_Ferreira,Jiri_Novak,0,32
LeBron_James,Pete_Sampras,0,31
George_Clooney,Ricardo_Sanchez,0,32
Paradorn_Srichaphan,Mike_Krzyzewski,0,32
Javier_Solana,Goldie_Hawn,0,32
Trent_Lott,Benazir_Bhutto,0,32
Pervez_Musharraf,Fernando_Gonzalez,0,32
John_Negroponte,William_Ford_Jr,0,32
George_Robertson,Paula_Radcliffe,0,31
Michelle_Kwan,George_Lopez,0,32
Charles_Moose,Queen_Rania,0,32
Clara_Harris,Robert_Duvall,0,32
Ciro_Gomes,Kim_Ryong-sung,0,32
Pete_Sampras,Nick_Nolte,0,32
Holly_Hunter,Maria_Shriver,0,32
David_Beckham,Tim_Robbins,0,32
Carlos_Menem,Vicente_Fox,0,32
Kevin_Costner,Tom_Cruise,0,32
Mahathir_Mohamad,Joschka_Fischer,0,32
Fujio_Cho,Antonio_Palocci,0,31
Rainer_Schuettler,Michelle_Yeoh,0,32
Nicole_Kidman,Tim_Robbins,0,32
Bill_Gates,Albert_Costa,0,32
Liza_Minnelli,Valentino_Rossi,0,32
Brad_Johnson,Silvan_Shalom,0,32
Marco_Antonio_Barrera,Jeremy_Greenstock,0,32
Natalie_Coughlin,Geoff_Hoon,0,32
Spencer_Abraham,Sophia_Loren,0,31
Holly_Hunter,Tim_Henman,0,32
Tommy_Haas,Jeong_Se-hyun,0,32
Ralf_Schumacher,Kalpana_Chawla,0,31
Halle_Berry,Gerry_Adams,0,32
Jeb_Bush,Nestor_Kirchner,0,32
Justin_Timberlake,Gil_de_Ferran,0,32
Hans_Blix,Rob_Marshall,0,32
William_Ford_Jr,Tom_Hanks,0,31
Michael_Chiklis,Gregg_Popovich,0,32
Robert_Blake,Ana_Palacio,0,32
Gregg_Popovich,Antonio_Banderas,0,32
Julianne_Moore,Robert_De_Niro,0,32
Condoleezza_Rice,John_Ashcroft,0,32
Recep_Tayyip_Erdogan,Yoko_Ono,0,32
Martina_McBride,Taha_Yassin_Ramadan,0,32
Charlton_Heston,Tung_Chee-hwa,0,32
Habib_Rizieq,Vincent_Brooks,0,32
Gonzalo_Sanchez_de_Lozada,Bill_Frist,0,32
Hosni_Mubarak,Habib_Rizieq,0,32
William_Macy,Jose_Manuel_Durao_Barroso,0,32
John_Manley,Tim_Robbins,0,32
Paul_McCartney,Luis_Ernesto_Derbez_Bautista,0,32
Silvio_Berlusconi,Jon_Gruden,0,32
Brad_Johnson,Steven_Spielberg,0,31
Paradorn_Srichaphan,Bertie_Ahern,0,32
Vicente_Fox,David_Anderson,0,31
Robert_Kocharian,Jeb_Bush,0,32
Tom_Cruise,John_Travolta,0,31
Hans_Blix,Martin_McGuinness,0,32
Vicente_Fernandez,Enrique_Bolanos,0,30
George_Lopez,Emanuel_Ginobili,0,31
David_Heymann,Scott_Peterson,0,32
Hillary_Clinton,Bill_Clinton,0,32
Ahmed_Chalabi,Vanessa_Redgrave,0,31
Nia_Vardalos,Michelle_Yeoh,0,32
Mohammad_Khatami,Yoko_Ono,0,32
Fujio_Cho,Amelie_Mauresmo,0,32
Ariel_Sharon,Lleyton_Hewitt,0,32
Monica_Seles,Mahmoud_Abbas,0,31
Mike_Martz,Christine_Todd_Whitman,0,32
Martin_McGuinness,George_HW_Bush,0,32
Rick_Perry,Tiger_Woods,0,32
Wayne_Ferreira,Pierce_Brosnan,0,32
Susan_Sarandon,LeBron_James,0,32
Paul_Burrell,David_Anderson,0,32
Paul_McCartney,Wen_Jiabao,0,32
Jennifer_Lopez,Mike_Myers,0,32
Enrique_Bolanos,Jimmy_Carter,0,32
Ann_Veneman,Susan_Sarandon,0,32
Al_Gore,Tiger_Woods,0,32
Kalpana_Chawla,Tommy_Franks,0,32
Jose_Manuel_Durao_Barroso,Joe_Lieberman,0,32
Pedro_Malan,Fidel_Castro,0,32
Gregg_Popovich,Mark_Hurlbert,0,32
JK_Rowling,Zinedine_Zidane,0,32
Juan_Carlos_Ferrero,Walter_Mondale,0,32
Michael_Chiklis,Luis_Horna,0,32
Alvaro_Uribe,George_Lopez,0,32
Salma_Hayek,Tom_Harkin,0,32
Dennis_Hastert,Charlton_Heston,0,32
Kim_Dae-jung,Jiang_Zemin,0,32
Jake_Gyllenhaal,Leonid_Kuchma,0,31
Vaclav_Havel,Bill_McBride,0,32
Al_Gore,Eduard_Shevardnadze,0,32
George_W_Bush,Michael_Chang,0,31
Bulent_Ecevit,Denzel_Washington,0,32
Arnold_Schwarzenegger,Sergei_Ivanov,0,32
Benjamin_Netanyahu,Naji_Sabri,0,32
Silvio_Berlusconi,Elsa_Zylberstein,0,32
John_Ashcroft,Colin_Montgomerie,0,32
Pierce_Brosnan,Ron_Dittemore,0,32
Heizo_Takenaka,Hugo_Chavez,0,32
Hal_Gehman,Natalie_Maines,0,32
Vincent_Brooks,Bulent_Ecevit,0,32
Peter_Struck,Queen_Rania,0,32
Robert_Blake,Robert_Zoellick,0,32
Sean_OKeefe,Jonathan_Edwards,0,32
Charlton_Heston,Alastair_Campbell,0,32
Sharon_Stone,Russell_Simmons,0,32
Valentino_Rossi,Dennis_Hastert,0,31
Edmund_Stoiber,Mike_Weir,0,31
Silvan_Shalom,Mireya_Moscoso,0,32
Martin_McGuinness,Elizabeth_Smart,0,32
Pamela_Anderson,Fernando_Gonzalez,0,32
William_Ford_Jr,Amelia_Vega,0,32
Steven_Spielberg,Shimon_Peres,0,32
Muhammad_Ali,Michael_Bloomberg,0,32
Choi_Sung-hong,Kamal_Kharrazi,0,32
Valery_Giscard_dEstaing,Ana_Palacio,0,32
David_Nalbandian,Rainer_Schuettler,0,32
Cruz_Bustamante,James_Blake,0,32
Sergei_Ivanov,Jose_Maria_Aznar,0,32
Justine_Pasek,Thomas_OBrien,0,32
Celine_Dion,Tom_Daschle,0,32
Yasser_Arafat,Lance_Armstrong,0,32
Sourav_Ganguly,Mahmoud_Abbas,0,32
Alvaro_Uribe,Xavier_Malisse,0,32
Diana_Krall,John_Kerry,0,32
Luis_Horna,Gordon_Brown,0,32
Amelia_Vega,John_Stockton,0,32
Mike_Krzyzewski,Jeb_Bush,0,32
Sylvester_Stallone,Elizabeth_Smart,0,32
Monica_Seles,Jeb_Bush,0,32
Abdullah_Gul,Romano_Prodi,0,32
Luis_Gonzalez_Macchi,John_Edwards,0,32
John_Travolta,Carlos_Moya,0,32
Lleyton_Hewitt,Serena_Williams,0,32
Colin_Farrell,Allyson_Felix,0,32
Sylvester_Stallone,Jean_Charest,0,32
Jelena_Dokic,Habib_Rizieq,0,32
Jose_Maria_Aznar,Natalie_Coughlin,0,31
Jeong_Se-hyun,Lance_Bass,0,32
Heidi_Klum,Madonna,0,32
Sarah_Jessica_Parker,Salma_Hayek,0,32
Wayne_Ferreira,John_Travolta,0,32
George_Lopez,Mahathir_Mohamad,0,32
Mark_Philippoussis,Abdullah_Gul,0,32
Roman_Polanski,Angela_Merkel,0,31
Ray_Romano,Bernard_Law,0,32
Ben_Affleck,Ciro_Gomes,0,32
Christine_Baumgartner,John_McCain,0,32
Vladimir_Putin,Chen_Shui-bian,0,31
Matthew_Perry,Bulent_Ecevit,0,32
David_Beckham,Richard_Armitage,0,31
Maria_Soledad_Alvear_Valenzuela,Tom_Crean,0,32
John_Bolton,Ben_Affleck,0,32
Joschka_Fischer,Oswaldo_Paya,0,32
Joe_Lieberman,Richard_Gephardt,0,31
Rick_Perry,Colin_Powell,0,31
Valentino_Rossi,Enrique_Bolanos,0,32
Gregg_Popovich,Natalie_Coughlin,0,32
Jake_Gyllenhaal,David_Nalbandian,0,32
Madonna,Taha_Yassin_Ramadan,0,32
Natalie_Coughlin,Pedro_Malan,0,32
Carmen_Electra,Roy_Moore,0,31
Princess_Caroline,Gonzalo_Sanchez_de_Lozada,0,32
Larry_Brown,Justine_Pasek,0,32
Amelia_Vega,Chen_Shui-bian,0,32
Liza_Minnelli,Yoriko_Kawaguchi,0,32
Tim_Robbins,Nancy_Pelosi,0,32
Alejandro_Toledo,Jimmy_Carter,0,31
Justin_Timberlake,Norah_Jones,0,32
Silvio_Berlusconi,Fidel_Castro,0,32
Marco_Antonio_Barrera,Zinedine_Zidane,0,32
Mike_Krzyzewski,Vicente_Fox,0,32
Hu_Jintao,Jose_Serra,0,31
Al_Sharpton,Leonid_Kuchma,0,32
Sean_OKeefe,Javier_Solana,0,32
Bill_McBride,Clay_Aiken,0,32
Celine_Dion,Tiger_Woods,0,32
Renee_Zellweger,Yao_Ming,0,32
Mahathir_Mohamad,Juan_Pablo_Montoya,0,32
Monica_Seles,Edmund_Stoiber,0,32
Al_Sharpton,Jose_Serra,0,31
Thaksin_Shinawatra,Natalie_Maines,0,32
Richard_Gephardt,Rubens_Barrichello,0,32
Ben_Affleck,Steffi_Graf,0,31
Luis_Horna,Laura_Bush,0,31
Gerhard_Schroeder,Donald_Rumsfeld,0,32
Pedro_Almodovar,Lucy_Liu,0,32
Queen_Rania,Norm_Coleman,0,32
Richard_Virenque,Martha_Stewart,0,32
Jesse_Jackson,Hal_Gehman,0,32
Winona_Ryder,Martha_Stewart,0,32
Lucio_Gutierrez,Jean-David_Levitte,0,32
William_Ford_Jr,Bill_Clinton,0,32
Gerry_Adams,Nicanor_Duarte_Frutos,0,32
Luis_Ernesto_Derbez_Bautista,Bill_Frist,0,32
Abdullah_Gul,Renee_Zellweger,0,32
Ron_Dittemore,Atal_Bihari_Vajpayee,0,31
Michael_Bloomberg,Sean_OKeefe,0,32
Jean-David_Levitte,Ciro_Gomes,0,32
George_W_Bush,Pierce_Brosnan,0,32
Jon_Gruden,George_Pataki,0,32
David_Heymann,Sergei_Ivanov,0,31
John_Bolton,Yasser_Arafat,0,32
Recep_Tayyip_Erdogan,Romano_Prodi,0,32
Grant_Hackett,Britney_Spears,0,32
Colin_Montgomerie,Jacques_Chirac,0,32
Mohammed_Al-Douri,Fernando_Henrique_Cardoso,0,32
Roy_Moore,Joseph_Biden,0,31
Jose_Maria_Aznar,Ricardo_Sanchez,0,32
Ali_Naimi,Amelia_Vega,0,32
Angela_Bassett,Sylvester_Stallone,0,32
Eduardo_Duhalde,Steve_Lavin,0,32
Wayne_Ferreira,Maria_Soledad_Alvear_Valenzuela,0,32
Ian_Thorpe,Jean-David_Levitte,0,32
Steven_Spielberg,Mike_Krzyzewski,0,32
Mike_Martz,Mick_Jagger,0,32
Steve_Nash,Sheryl_Crow,0,32
Bob_Hope,Maria_Shriver,0,32
Steve_Nash,Julie_Gerberding,0,32
Salma_Hayek,Jacques_Chirac,0,32
Kim_Ryong-sung,Tang_Jiaxuan,0,32
Eduard_Shevardnadze,Gregg_Popovich,0,32
Zinedine_Zidane,Hugo_Chavez,0,32
Cruz_Bustamante,Norah_Jones,0,32
Norah_Jones,Juan_Pablo_Montoya,0,32
Rick_Perry,Cesar_Gaviria,0,32
Julie_Gerberding,Salma_Hayek,0,32
John_Allen_Muhammad,Catherine_Zeta-Jones,0,32
Holly_Hunter,Atal_Bihari_Vajpayee,0,32
Xavier_Malisse,Harrison_Ford,0,32
Nick_Nolte,Ai_Sugiyama,0,31
Ashanti,Wen_Jiabao,0,32
Natalie_Coughlin,John_McCain,0,31
Gray_Davis,Jacques_Chirac,0,32
Howard_Dean,Xanana_Gusmao,0,32
Cesar_Gaviria,Mike_Krzyzewski,0,31
John_Abizaid,George_Robertson,0,31
Michelle_Kwan,Brad_Johnson,0,32
Angelina_Jolie,Michael_Bloomberg,0,32
Joan_Laporta,Bill_Clinton,0,32
Rob_Marshall,Naomi_Watts,0,31
Susan_Sarandon,Zhu_Rongji,0,32
Saddam_Hussein,Alan_Greenspan,0,32
Frank_Solich,Thaksin_Shinawatra,0,32
Tim_Henman,Pete_Sampras,0,31
Tony_Blair,Shimon_Peres,0,30
Paula_Radcliffe,Mahathir_Mohamad,0,32
Kevin_Costner,Tony_Blair,0,32
William_Macy,Bill_Clinton,0,32
Gwyneth_Paltrow,Tung_Chee-hwa,0,32
Tang_Jiaxuan,Joschka_Fischer,0,32
John_Snow,Alvaro_Uribe,0,31
Colin_Powell,Mahmoud_Abbas,0,32
Romano_Prodi,Mariah_Carey,0,32
Robert_De_Niro,Fujio_Cho,0,32
Michael_Schumacher,Michael_Chiklis,0,32
Tommy_Haas,King_Abdullah_II,0,32
Leonardo_DiCaprio,Robert_De_Niro,0,32
John_Abizaid,Steve_Lavin,0,32
Woody_Allen,Roger_Federer,0,32
Joan_Laporta,Gordon_Brown,0,32
Queen_Rania,George_Robertson,0,32
Robert_Mueller,Laura_Bush,0,32
Tommy_Franks,Martin_Scorsese,0,32
Mahathir_Mohamad,Angela_Bassett,0,32
Ron_Dittemore,Kevin_Spacey,0,32
Al_Sharpton,Tim_Henman,0,32
Carmen_Electra,Renee_Zellweger,0,32
Zinedine_Zidane,Edmund_Stoiber,0,32
Mohamed_ElBaradei,Ashanti,0,32
Alejandro_Toledo,John_Allen_Muhammad,0,32
Arnold_Schwarzenegger,Mike_Weir,0,32
Tony_Stewart,Paul_Martin,0,32
Jennifer_Garner,Richard_Gephardt,0,32
Angelina_Jolie,Halle_Berry,0,32
Kevin_Costner,Yao_Ming,0,31
Joschka_Fischer,Valentino_Rossi,0,32
Dennis_Kucinich,Richard_Armitage,0,32
Venus_Williams,Jeb_Bush,0,32
Mahmoud_Abbas,Clay_Aiken,0,32
Kristanna_Loken,Tom_Crean,0,32
Diana_Krall,Jan_Ullrich,0,31
John_McCain,Hosni_Mubarak,0,32
Arnold_Schwarzenegger,Gordon_Brown,0,32
Spencer_Abraham,Gloria_Macapagal_Arroyo,0,32
Rick_Perry,Dick_Cheney,0,31
Vojislav_Kostunica,Andre_Agassi,0,31
Valery_Giscard_dEstaing,Tiger_Woods,0,32
Jennifer_Capriati,Mike_Martz,0,32
Ann_Veneman,Gwyneth_Paltrow,0,32
Britney_Spears,Vicente_Fox,0,32
Boris_Becker,James_Blake,0,32
Ana_Palacio,Jose_Serra,0,32
Bill_Simon,David_Anderson,0,31
Ariel_Sharon,Charlton_Heston,0,32
King_Abdullah_II,Valentino_Rossi,0,32
Thaksin_Shinawatra,Joe_Lieberman,0,32
Bernard_Law,Fidel_Castro,0,32
Binyamin_Ben-Eliezer,Pervez_Musharraf,0,32
Lindsay_Davenport,Tung_Chee-hwa,0,32
Emanuel_Ginobili,Paul_McCartney,0,32
George_HW_Bush,Paul_McCartney,0,32
Yoriko_Kawaguchi,Junichiro_Koizumi,0,32
Sarah_Hughes,Fernando_Henrique_Cardoso,0,32
Wayne_Ferreira,Gunter_Pleuger,0,32
Eduardo_Duhalde,Elton_John,0,32
Roman_Polanski,Chen_Shui-bian,0,32
Rudolph_Giuliani,Julianne_Moore,0,31
John_Abizaid,Javier_Solana,0,32
Bill_McBride,Naomi_Watts,0,32
Michelle_Yeoh,Yashwant_Sinha,0,32
Elsa_Zylberstein,Jose_Manuel_Durao_Barroso,0,32
Michelle_Yeoh,Martina_McBride,0,32
Prince_Charles,Oswaldo_Paya,0,32
Saddam_Hussein,Michael_Phelps,0,32
Angela_Merkel,Spencer_Abraham,0,32
Hosni_Mubarak,Jose_Maria_Aznar,0,32
Charles_Moose,Hillary_Clinton,0,32
Fernando_Henrique_Cardoso,Arnold_Schwarzenegger,0,31
Prince_Charles,Roman_Polanski,0,32
Jan_Ullrich,Elsa_Zylberstein,0,32
Gordon_Brown,Alan_Greenspan,0,32
Kevin_Costner,Elton_John,0,31
Bulent_Ecevit,Jack_Straw,0,32
Li_Zhaoxing,Fujio_Cho,0,31
Ariel_Sharon,Elsa_Zylberstein,0,31
Heizo_Takenaka,Habib_Rizieq,0,32
Charlton_Heston,Paul_Burrell,0,32
Ralf_Schumacher,Renee_Zellweger,0,32
George_Lopez,Gil_de_Ferran,0,32
John_Stockton,Sergei_Ivanov,0,31
Hu_Jintao,Gerhard_Schroeder,0,31
Wen_Jiabao,David_Trimble,0,31
Vladimir_Putin,Joseph_Biden,0,32
Heidi_Klum,Tung_Chee-hwa,0,32
Albert_Costa,Igor_Ivanov,0,32
Tim_Henman,Amelie_Mauresmo,0,32
Paul_Wolfowitz,Gwyneth_Paltrow,0,32
Vojislav_Kostunica,Silvan_Shalom,0,32
Hal_Gehman,Albert_Costa,0,32
Valentino_Rossi,Pedro_Malan,0,31
Gloria_Macapagal_Arroyo,Meryl_Streep,0,32
Valery_Giscard_dEstaing,John_Negroponte,0,32
John_Abizaid,Ciro_Gomes,0,31
Robert_De_Niro,Venus_Williams,0,32
Victoria_Clarke,Harrison_Ford,0,32
Roman_Polanski,Monica_Seles,0,32
Zinedine_Zidane,Ralf_Schumacher,0,32
Paul_McCartney,Jelena_Dokic,0,32
Hamid_Karzai,Trent_Lott,0,32
Carlos_Moya,Sylvester_Stallone,0,32
Michael_Powell,Robert_Kocharian,0,32
Megawati_Sukarnoputri,Frank_Solich,0,32
Frank_Solich,Jeb_Bush,0,32
Wen_Jiabao,John_Ashcroft,0,32
Martin_Scorsese,Claudia_Pechstein,0,32
Martin_McGuinness,Goldie_Hawn,0,32
Vojislav_Kostunica,Hal_Gehman,0,32
Hosni_Mubarak,Sheryl_Crow,0,32
Recep_Tayyip_Erdogan,Jennifer_Aniston,0,32
Ai_Sugiyama,Pierce_Brosnan,0,32
Nicole_Kidman,Salma_Hayek,0,32
Carrie-Anne_Moss,Vicente_Fox,0,32
Gregg_Popovich,Chanda_Rubin,0,32
Salma_Hayek,Jacques_Rogge,0,32
Natalie_Maines,George_Robertson,0,32
Mireya_Moscoso,Bertie_Ahern,0,30
Kim_Clijsters,Paul_Wolfowitz,0,32
David_Nalbandian,George_HW_Bush,0,32
Walter_Mondale,Venus_Williams,0,32
Ai_Sugiyama,Recep_Tayyip_Erdogan,0,31
Nicanor_Duarte_Frutos,Tiger_Woods,0,32
Roh_Moo-hyun,Hillary_Clinton,0,32
Mariah_Carey,Luis_Horna,0,32
Condoleezza_Rice,George_Robertson,0,32
Nancy_Pelosi,Andre_Agassi,0,32
Tang_Jiaxuan,David_Heymann,0,32
Paul_ONeill,Bernard_Law,0,31
Rainer_Schuettler,Tommy_Thompson,0,32
Hugo_Chavez,Mark_Hurlbert,0,32
Jackie_Chan,Vladimir_Putin,0,32
Renee_Zellweger,Vaclav_Havel,0,32
Denzel_Washington,Arnoldo_Aleman,0,32
Oswaldo_Paya,Tom_Crean,0,32
Elton_John,Mark_Philippoussis,0,32
Paul_Burrell,Jennifer_Capriati,0,32
Bill_Clinton,Meryl_Streep,0,32
Bill_Simon,Hugo_Chavez,0,32
John_Allen_Muhammad,Scott_Peterson,0,32
Joschka_Fischer,Gordon_Brown,0,32
Robert_Mueller,Jacques_Rogge,0,32
Sergio_Vieira_De_Mello,Benazir_Bhutto,0,32
Liza_Minnelli,Bill_Frist,0,32
Michael_Schumacher,Tariq_Aziz,0,32
Vicente_Fernandez,Colin_Montgomerie,0,32
James_Blake,Vaclav_Havel,0,32
Ben_Affleck,Tim_Robbins,0,32
Pamela_Anderson,Brad_Johnson,0,31
Brad_Johnson,Leonid_Kuchma,0,31
Hugh_Grant,Tommy_Franks,0,32
Luis_Horna,Pamela_Anderson,0,31
Zhu_Rongji,Choi_Sung-hong,0,32
Jeong_Se-hyun,Mark_Philippoussis,0,32
Madonna,Dick_Cheney,0,32
Vicente_Fox,Tariq_Aziz,0,31
Albert_Costa,Clay_Aiken,0,32
Jiri_Novak,Sergei_Ivanov,0,31
Clint_Eastwood,Rudolph_Giuliani,0,31
Roman_Polanski,Colin_Farrell,0,32
Abdullah_Gul,Oswaldo_Paya,0,32
Martin_McGuinness,Jim_Furyk,0,32
Sergio_Vieira_De_Mello,William_Ford_Jr,0,32
Eduardo_Duhalde,Mohamed_ElBaradei,0,32
Peter_Struck,Ricardo_Lagos,0,32
Luiz_Inacio_Lula_da_Silva,William_Macy,0,32
Dominique_de_Villepin,Russell_Simmons,0,32
Roy_Moore,Antonio_Palocci,0,32
Tariq_Aziz,Angelina_Jolie,0,32
Larry_Brown,Jean_Chretien,0,32
Jiri_Novak,George_Clooney,0,32
Paul_Martin,Vladimir_Putin,0,32
Alejandro_Toledo,Paul_McCartney,0,32
Zhu_Rongji,Tariq_Aziz,0,32
Xavier_Malisse,Emma_Watson,0,32
Bulent_Ecevit,Martina_McBride,0,32
Gerhard_Schroeder,Erika_Harold,0,32
Peter_Struck,David_Heymann,0,32
Gerhard_Schroeder,Kate_Hudson,0,32
Michelle_Kwan,Kurt_Warner,0,32
Roger_Federer,Carlos_Moya,0,32
Sophia_Loren,Liza_Minnelli,0,32
Eduardo_Duhalde,Mark_Philippoussis,0,32
Mahathir_Mohamad,Michelle_Yeoh,0,32
Tom_Hanks,Sophia_Loren,0,32
Juan_Pablo_Montoya,Heizo_Takenaka,0,32
Roman_Polanski,Mohammed_Al-Douri,0,32
Li_Peng,Kate_Hudson,0,31
Tom_Daschle,Jennifer_Lopez,0,31
Muhammad_Saeed_al-Sahhaf,Kate_Hudson,0,32
Tom_Cruise,George_Lopez,0,32
Gil_de_Ferran,Carrie-Anne_Moss,0,32
Emanuel_Ginobili,Gene_Robinson,0,32
Jack_Straw,Ludivine_Sagnier,0,32
Bulent_Ecevit,Al_Sharpton,0,32
Richard_Gere,Jim_Furyk,0,31
Jiri_Novak,Carla_Del_Ponte,0,31
Arnold_Schwarzenegger,Pervez_Musharraf,0,32
Colin_Powell,Antonio_Palocci,0,32
Angela_Merkel,John_Travolta,0,32
Edward_Lu,Bill_Gates,0,32
Ciro_Gomes,Tom_Ridge,0,31
Jennifer_Garner,Sergio_Vieira_De_Mello,0,32
Michael_Phelps,John_Manley,0,32
Ali_Naimi,Vicente_Fernandez,0,32
Gil_de_Ferran,David_Trimble,0,32
Tom_Cruise,Valentino_Rossi,0,32
Jeb_Bush,Bill_McBride,0,31
Sergei_Ivanov,Spencer_Abraham,0,32
Robert_Zoellick,Luiz_Inacio_Lula_da_Silva,0,32
Eduardo_Duhalde,Grant_Hackett,0,32
Queen_Elizabeth_II,Kevin_Spacey,0,32
Hugh_Grant,John_Ashcroft,0,31
Chanda_Rubin,John_Snow,0,32
Rob_Marshall,Nia_Vardalos,0,32
Brad_Johnson,Carlos_Moya,0,32
Christine_Baumgartner,Benjamin_Netanyahu,0,32
Nancy_Pelosi,Elsa_Zylberstein,0,31
Meryl_Streep,Antonio_Banderas,0,32
Clay_Aiken,Bill_Frist,0,32
John_Ashcroft,Muhammad_Saeed_al-Sahhaf,0,32
Kim_Dae-jung,Allyson_Felix,0,32
Steve_Nash,Mike_Krzyzewski,0,32
Hans_Blix,Mohammed_Al-Douri,0,31
Colin_Powell,Gwyneth_Paltrow,0,32
Hosni_Mubarak,Jean_Chretien,0,32
Tom_Hanks,Natalie_Coughlin,0,32
Fidel_Castro,Russell_Simmons,0,32
Silvan_Shalom,JK_Rowling,0,32
Peter_Struck,Richard_Gere,0,32
Zhu_Rongji,Jeremy_Greenstock,0,32
Goldie_Hawn,Cesar_Gaviria,0,31
Natalie_Maines,Michelle_Kwan,0,32
Jiang_Zemin,Robert_Kocharian,0,32
Sean_OKeefe,Jacques_Chirac,0,32
Jennifer_Lopez,JK_Rowling,0,32
Paul_Bremer,Adrien_Brody,0,32
Edmund_Stoiber,Queen_Elizabeth_II,0,32
Colin_Montgomerie,Elizabeth_Hurley,0,32
Sophia_Loren,Tony_Blair,0,32
William_Macy,William_Donaldson,0,32
Mohamed_ElBaradei,Tony_Blair,0,32
Joan_Laporta,Sharon_Stone,0,32
Ralf_Schumacher,Pedro_Almodovar,0,32
Elton_John,Li_Zhaoxing,0,32
Juan_Carlos_Ferrero,Michael_Phelps,0,31
Edward_Lu,Roy_Moore,0,32
Mark_Hurlbert,Paula_Radcliffe,0,32
Donald_Rumsfeld,Queen_Rania,0,32
John_Travolta,Tom_Ridge,0,32
Vojislav_Kostunica,Xanana_Gusmao,0,32
Vicente_Fox,Fernando_Gonzalez,0,32
Mahathir_Mohamad,Jean_Chretien,0,32
Michael_Bloomberg,Chanda_Rubin,0,32
Bulent_Ecevit,Sergey_Lavrov,0,32
Victoria_Clarke,Mike_Martz,0,32
Andy_Roddick,David_Trimble,0,32
Fernando_Gonzalez,LeBron_James,0,32
Ashanti,Recep_Tayyip_Erdogan,0,32
Martin_McGuinness,Gerhard_Schroeder,0,31
Tom_Harkin,Antonio_Banderas,0,32
Colin_Farrell,Renee_Zellweger,0,32
Spencer_Abraham,Bill_Frist,0,32
George_Robertson,Jesse_Jackson,0,32
Billy_Crystal,Arnoldo_Aleman,0,32
Dick_Cheney,Paradorn_Srichaphan,0,32
Meryl_Streep,Bob_Graham,0,32
Mohammed_Al-Douri,Paul_Wolfowitz,0,32
Christine_Baumgartner,Keanu_Reeves,0,32
Jeb_Bush,Ana_Palacio,0,32
Saddam_Hussein,Antonio_Banderas,0,32
Alastair_Campbell,Paul_Burrell,0,32
Joan_Laporta,Jake_Gyllenhaal,0,32
Jake_Gyllenhaal,LeBron_James,0,32
Donald_Rumsfeld,Pervez_Musharraf,0,32
John_Bolton,Andre_Agassi,0,32
Bill_Gates,Tommy_Haas,0,32
Vanessa_Redgrave,Jason_Kidd,0,32
Nicole_Kidman,Sheryl_Crow,0,32
Ben_Affleck,Clint_Eastwood,0,32
Saddam_Hussein,Roman_Polanski,0,31
Gwyneth_Paltrow,Renee_Zellweger,0,31
Calista_Flockhart,Justine_Pasek,0,32
George_HW_Bush,Leonardo_DiCaprio,0,32
Edward_Lu,Arnold_Schwarzenegger,0,32
Bill_Graham,Sergei_Ivanov,0,30
Richard_Gere,James_Kelly,0,32
George_HW_Bush,Valentino_Rossi,0,32
Heizo_Takenaka,Catherine_Deneuve,0,32
Fernando_Henrique_Cardoso,Mike_Martz,0,32
Tommy_Haas,Shimon_Peres,0,32
Angela_Merkel,Carlos_Moya,0,31
Fidel_Castro,Pamela_Anderson,0,32
Guillermo_Coria,Mahmoud_Abbas,0,32
Justin_Timberlake,Nicanor_Duarte_Frutos,0,32
Nancy_Pelosi,Tom_Daschle,0,32
Arminio_Fraga,Vicente_Fox,0,32
Edward_Lu,Nicole_Kidman,0,32
Michael_Schumacher,Gunter_Pleuger,0,32
Tang_Jiaxuan,Thaksin_Shinawatra,0,32
Paul_Bremer,Al_Gore,0,31
Lindsay_Davenport,Richard_Virenque,0,32
Michelle_Yeoh,Igor_Ivanov,0,32
Pierce_Brosnan,Maria_Soledad_Alvear_Valenzuela,0,32
Alan_Greenspan,Robert_De_Niro,0,31
Kevin_Costner,Colin_Farrell,0,32
Naji_Sabri,Gonzalo_Sanchez_de_Lozada,0,32
William_Macy,Arminio_Fraga,0,32
Taha_Yassin_Ramadan,Elsa_Zylberstein,0,32
Dennis_Kucinich,Clara_Harris,0,32
Binyamin_Ben-Eliezer,Bulent_Ecevit,0,32
Britney_Spears,Vanessa_Redgrave,0,32
Wen_Jiabao,Jack_Straw,0,32
Nia_Vardalos,Spencer_Abraham,0,31
Pedro_Almodovar,Natalie_Coughlin,0,32
Richard_Gere,Sylvester_Stallone,0,32
Maria_Soledad_Alvear_Valenzuela,Fujio_Cho,0,32
Brad_Johnson,Julianne_Moore,0,32
Pedro_Malan,Madonna,0,32
Joan_Laporta,Jack_Straw,0,32
Jimmy_Carter,Ariel_Sharon,0,32
Vojislav_Kostunica,Megawati_Sukarnoputri,0,31
Joseph_Biden,Paula_Radcliffe,0,32
Thaksin_Shinawatra,Gil_de_Ferran,0,32
Shimon_Peres,Yashwant_Sinha,0,32
Monica_Seles,Paul_Bremer,0,32
Mike_Myers,Charles_Moose,0,32
Vaclav_Havel,Tom_Crean,0,32
Angelina_Jolie,Tom_Cruise,0,32
John_Manley,Li_Zhaoxing,0,32
Fidel_Castro,Jennifer_Garner,0,32
Sharon_Stone,Charlton_Heston,0,31
Xanana_Gusmao,John_McCain,0,32
Saddam_Hussein,Angela_Bassett,0,32
Tiger_Woods,Hamid_Karzai,0,32
Kamal_Kharrazi,Rick_Perry,0,32
Nia_Vardalos,Vincent_Brooks,0,32
Mohammed_Al-Douri,Charles_Moose,0,32
Jose_Maria_Aznar,Guillermo_Coria,0,32
Luis_Ernesto_Derbez_Bautista,Robert_Mueller,0,31
Queen_Elizabeth_II,Mahmoud_Abbas,0,32
Carlos_Menem,Jose_Manuel_Durao_Barroso,0,32
Michelle_Kwan,William_Macy,0,31
Hans_Blix,Spencer_Abraham,0,31
Vladimir_Putin,Ai_Sugiyama,0,32
Chanda_Rubin,Tommy_Franks,0,32
Jesse_Jackson,Tony_Stewart,0,32
Arnoldo_Aleman,Sarah_Hughes,0,32
Keanu_Reeves,Emma_Watson,0,32
Mick_Jagger,Scott_Peterson,0,32
Peter_Struck,Ariel_Sharon,0,32
Megawati_Sukarnoputri,Carmen_Electra,0,32
Benjamin_Netanyahu,Rainer_Schuettler,0,32
Bob_Stoops,Kate_Hudson,0,32
Christine_Baumgartner,Kim_Ryong-sung,0,32
Tom_Ridge,Justin_Timberlake,0,32
Allyson_Felix,Geoff_Hoon,0,32
Binyamin_Ben-Eliezer,Venus_Williams,0,32
Pervez_Musharraf,Vanessa_Redgrave,0,31
Chanda_Rubin,Catherine_Zeta-Jones,0,32
Gwyneth_Paltrow,Larry_Brown,0,32
Dennis_Hastert,Xavier_Malisse,0,32
Kate_Hudson,Walter_Mondale,0,32
Julie_Gerberding,Shimon_Peres,0,32
Robert_De_Niro,Roh_Moo-hyun,0,32
Chanda_Rubin,Kim_Ryong-sung,0,31
Ray_Romano,Woody_Allen,0,30
Sean_OKeefe,Kamal_Kharrazi,0,32
Thaksin_Shinawatra,James_Wolfensohn,0,32
Hu_Jintao,Paula_Radcliffe,0,32
Cruz_Bustamante,Tommy_Thompson,0,31
Alejandro_Toledo,Xavier_Malisse,0,31
Gwyneth_Paltrow,John_Manley,0,32
Bill_Simon,Mahathir_Mohamad,0,32
Charles_Taylor,Dominique_de_Villepin,0,32
Rainer_Schuettler,Sean_OKeefe,0,32
Cesar_Gaviria,Ashanti,0,32
Jennifer_Garner,Elizabeth_Smart,0,32
Frank_Solich,Bulent_Ecevit,0,32
JK_Rowling,Vicente_Fernandez,0,32
Ai_Sugiyama,Bertie_Ahern,0,32
Michelle_Yeoh,Naomi_Watts,0,32
George_Pataki,Paul_Wolfowitz,0,32
Claudia_Pechstein,Carlos_Moya,0,32
Winona_Ryder,Elizabeth_Hurley,0,32
James_Wolfensohn,Mohamed_ElBaradei,0,32
John_Stockton,Winona_Ryder,0,32
Hillary_Clinton,Roy_Moore,0,32
Carrie-Anne_Moss,James_Kelly,0,31
Victoria_Clarke,Condoleezza_Rice,0,32
Maria_Shriver,Bill_Graham,0,31
Madonna,Alastair_Campbell,0,32
Tommy_Haas,Rudolph_Giuliani,0,32
Tom_Harkin,Romano_Prodi,0,30
Ben_Affleck,Pervez_Musharraf,0,32
Juan_Pablo_Montoya,Lindsay_Davenport,0,32
Guillermo_Coria,Ari_Fleischer,0,32
Bob_Stoops,Alan_Greenspan,0,32
Mariah_Carey,Matthew_Perry,0,31
Robert_Kocharian,Laura_Bush,0,32
Billy_Crystal,Nicole_Kidman,0,32
John_Allen_Muhammad,Nicanor_Duarte_Frutos,0,32
Gregg_Popovich,Harrison_Ford,0,32
Emanuel_Ginobili,Jelena_Dokic,0,32
Jiri_Novak,Nancy_Pelosi,0,31
Pierce_Brosnan,Edmund_Stoiber,0,32
Angelina_Jolie,Vojislav_Kostunica,0,32
Justine_Pasek,Natalie_Coughlin,0,32
Bill_Graham,Mohammed_Al-Douri,0,32
Hosni_Mubarak,Roger_Federer,0,32
Tom_Crean,Carla_Del_Ponte,0,32
Meryl_Streep,Hugh_Grant,0,32
Silvio_Berlusconi,Paul_Burrell,0,32
Arnold_Schwarzenegger,Heizo_Takenaka,0,32
Mariah_Carey,John_Stockton,0,32
Vicente_Fernandez,Kristanna_Loken,0,32
Joan_Laporta,Matthew_Perry,0,32
Hugo_Chavez,Mike_Weir,0,32
Yasser_Arafat,Javier_Solana,0,32
Pervez_Musharraf,George_Lopez,0,32
Jose_Manuel_Durao_Barroso,Lindsay_Davenport,0,32
Elizabeth_Hurley,Joseph_Biden,0,32
John_Snow,Michael_Bloomberg,0,32
Yashwant_Sinha,Cesar_Gaviria,0,31
Tom_Daschle,Ian_Thorpe,0,32
Gordon_Brown,Vicente_Fernandez,0,32
John_Stockton,Michael_Powell,0,31
Rainer_Schuettler,Bob_Stoops,0,32
Roman_Polanski,Wen_Jiabao,0,32
Paul_Wolfowitz,Julianne_Moore,0,32
Natalie_Coughlin,Vojislav_Kostunica,0,32
Matthew_Perry,Adrien_Brody,0,31
Kristanna_Loken,Amelie_Mauresmo,0,32
Rick_Perry,Steve_Nash,0,32
Kim_Dae-jung,Alejandro_Toledo,0,31
Sheryl_Crow,Recep_Tayyip_Erdogan,0,32
Nancy_Pelosi,Jean_Charest,0,32
Albert_Costa,Mike_Myers,0,32
Kevin_Costner,Jennifer_Garner,0,32
Natalie_Maines,Fernando_Gonzalez,0,32
Jonathan_Edwards,Jacques_Rogge,0,31
John_Howard,Ben_Affleck,0,32
Cruz_Bustamante,Ray_Romano,0,32
Joschka_Fischer,Bob_Hope,0,32
Paul_Bremer,George_HW_Bush,0,32
Adrien_Brody,Goldie_Hawn,0,32
Ahmed_Chalabi,Allyson_Felix,0,32
Vanessa_Redgrave,Ricardo_Lagos,0,32
Tim_Robbins,Hosni_Mubarak,0,32
Madonna,Eduardo_Duhalde,0,32
Joe_Lieberman,Angela_Merkel,0,32
Ann_Veneman,George_W_Bush,0,32
Edmund_Stoiber,Elton_John,0,32
Alan_Greenspan,Peter_Struck,0,32
Norm_Coleman,Celine_Dion,0,32
Michelle_Yeoh,Paul_McCartney,0,32
Fernando_Gonzalez,Joe_Lieberman,0,32
John_Abizaid,Woody_Allen,0,32
Hu_Jintao,Yoriko_Kawaguchi,0,32
Sergio_Vieira_De_Mello,Bill_Clinton,0,32
Thaksin_Shinawatra,Michael_Powell,0,31
Thomas_OBrien,Kalpana_Chawla,0,31
Ann_Veneman,Clint_Eastwood,0,31
Lance_Armstrong,Kevin_Spacey,0,32
Dennis_Hastert,Martin_McGuinness,0,32
Renee_Zellweger,Martin_Scorsese,0,32
Thaksin_Shinawatra,Fidel_Castro,0,32
Shimon_Peres,Martina_McBride,0,32
Binyamin_Ben-Eliezer,Lance_Bass,0,32
Carlos_Moya,Clara_Harris,0,32
Martina_McBride,Carrie-Anne_Moss,0,32
Oswaldo_Paya,Michael_Bloomberg,0,32
Jean_Charest,Zinedine_Zidane,0,32
Robert_Duvall,Carla_Del_Ponte,0,32
Calista_Flockhart,Gonzalo_Sanchez_de_Lozada,0,31
Holly_Hunter,Mahmoud_Abbas,0,32
Romano_Prodi,Jackie_Chan,0,32
Muhammad_Ali,David_Nalbandian,0,32
Habib_Rizieq,Muhammad_Saeed_al-Sahhaf,0,32
Steve_Lavin,John_Stockton,0,32
Jean_Charest,Jacques_Rogge,0,32
Antonio_Banderas,Valery_Giscard_dEstaing,0,32
Cameron_Diaz,Robert_Redford,0,32
Grant_Hackett,Vanessa_Redgrave,0,32
Norm_Coleman,Hamid_Karzai,0,31
James_Blake,Heidi_Klum,0,32
Clint_Eastwood,Richard_Virenque,0,31
Serena_Williams,Justine_Pasek,0,32
Dick_Cheney,Robert_Kocharian,0,31
Valery_Giscard_dEstaing,Victoria_Clarke,0,32
Gerry_Adams,Pete_Sampras,0,32
LeBron_James,Edmund_Stoiber,0,31
Rainer_Schuettler,Joseph_Biden,0,32
Sylvester_Stallone,Hugh_Grant,0,32
Ricardo_Lagos,Luis_Gonzalez_Macchi,0,32
George_Robertson,Tiger_Woods,0,32
John_Abizaid,Gwyneth_Paltrow,0,32
Michael_Bloomberg,Paul_Martin,0,32
Michael_Douglas,Gregg_Popovich,0,32
Tom_Daschle,Romano_Prodi,0,32
Thaksin_Shinawatra,Brad_Johnson,0,31
Pierce_Brosnan,Colin_Powell,0,32
John_McCain,Jennifer_Lopez,0,32
Kofi_Annan,Binyamin_Ben-Eliezer,0,32
Sergei_Ivanov,Xanana_Gusmao,0,32
Li_Peng,Robert_Redford,0,31
Chen_Shui-bian,Bob_Graham,0,32
Bill_Simon,John_Stockton,0,32
Cruz_Bustamante,Gordon_Brown,0,32
Mariah_Carey,Choi_Sung-hong,0,31
Brad_Johnson,Hans_Blix,0,32
Yao_Ming,Maria_Shriver,0,32
Enrique_Bolanos,Tommy_Haas,0,32
Michael_Chiklis,Jake_Gyllenhaal,0,32
Ai_Sugiyama,John_Negroponte,0,32
Hugo_Chavez,Sergio_Vieira_De_Mello,0,32
Sergey_Lavrov,Hitomi_Soga,0,32
Dominique_de_Villepin,Julianne_Moore,0,32
Jose_Maria_Aznar,Jacques_Rogge,0,32
Alejandro_Toledo,David_Anderson,0,32
Justine_Pasek,Ann_Veneman,0,32
Dick_Cheney,Yoriko_Kawaguchi,0,32
Tom_Ridge,Mohammed_Al-Douri,0,32
Martin_McGuinness,Jennifer_Aniston,0,32
Salma_Hayek,Elton_John,0,31
King_Abdullah_II,Chanda_Rubin,0,31
Harrison_Ford,Justin_Timberlake,0,32
Steve_Nash,Britney_Spears,0,32
Celine_Dion,Eduardo_Duhalde,0,32
Joseph_Biden,Cruz_Bustamante,0,32
Steffi_Graf,Nicole_Kidman,0,32
Jean-David_Levitte,Bill_Frist,0,32
Vojislav_Kostunica,Li_Zhaoxing,0,32
Jean_Charest,Angelina_Jolie,0,32
Amelia_Vega,Ari_Fleischer,0,32
Hillary_Clinton,Juan_Pablo_Montoya,0,32
Julianne_Moore,Mariah_Carey,0,32
Richard_Gere,Dick_Cheney,0,32
Hugh_Grant,Kamal_Kharrazi,0,31
Nia_Vardalos,Tommy_Franks,0,32
Paradorn_Srichaphan,Bernard_Law,0,32
Juan_Carlos_Ferrero,Cesar_Gaviria,0,32
John_Kerry,Oscar_De_La_Hoya,0,32
Venus_Williams,Mick_Jagger,0,32
Natalie_Maines,Jennifer_Capriati,0,32
Charles_Taylor,Jonathan_Edwards,0,32
Elsa_Zylberstein,Jay_Garner,0,32
Hugo_Chavez,Tim_Henman,0,32
Renee_Zellweger,Paul_Burrell,0,32
Elton_John,Gwyneth_Paltrow,0,32
Paul_Martin,Jan_Ullrich,0,32
Walter_Mondale,Silvan_Shalom,0,32
Michael_Bloomberg,Luis_Horna,0,32
Robert_Mueller,Billy_Crystal,0,32
Gwyneth_Paltrow,Yasser_Arafat,0,32
LeBron_James,Gerhard_Schroeder,0,32
Kevin_Costner,Gwyneth_Paltrow,0,31
Zhu_Rongji,Billy_Crystal,0,32
Antonio_Banderas,King_Abdullah_II,0,32
Clara_Harris,Russell_Simmons,0,32
Al_Sharpton,Jeong_Se-hyun,0,31
Mohamed_ElBaradei,Bulent_Ecevit,0,32
David_Trimble,Mireya_Moscoso,0,32
Mike_Martz,Xavier_Malisse,0,32
Paul_Martin,Roger_Moore,0,32
Andre_Agassi,George_HW_Bush,0,32
John_Bolton,Rick_Perry,0,32
Naomi_Watts,Pervez_Musharraf,0,32
Mark_Philippoussis,Susan_Sarandon,0,32
Boris_Becker,Steve_Nash,0,31
Benazir_Bhutto,Benjamin_Netanyahu,0,32
Larry_Brown,Mohamed_ElBaradei,0,31
Gonzalo_Sanchez_de_Lozada,George_Robertson,0,32
Dennis_Hastert,Maria_Soledad_Alvear_Valenzuela,0,32
John_Negroponte,Spencer_Abraham,0,32
Elsa_Zylberstein,Kevin_Spacey,0,32
Dennis_Hastert,Gonzalo_Sanchez_de_Lozada,0,32
Binyamin_Ben-Eliezer,Thomas_OBrien,0,32
Marcelo_Rios,Tang_Jiaxuan,0,32
Kim_Dae-jung,Mohamed_ElBaradei,0,32
Christine_Todd_Whitman,Angela_Bassett,0,32
Binyamin_Ben-Eliezer,Jennifer_Lopez,0,32
Ann_Veneman,Hillary_Clinton,0,32
Charlton_Heston,Martin_Scorsese,0,32
Charles_Moose,Al_Sharpton,0,32
Benazir_Bhutto,Gwyneth_Paltrow,0,32
Kurt_Warner,Diana_Krall,0,32
Arnold_Schwarzenegger,Gloria_Macapagal_Arroyo,0,32
Emanuel_Ginobili,Roy_Moore,0,32
David_Anderson,Gordon_Brown,0,32
Ludivine_Sagnier,Pierce_Brosnan,0,31
Ricardo_Sanchez,Sergio_Vieira_De_Mello,0,32
Liza_Minnelli,Silvio_Berlusconi,0,32
John_Kerry,Edward_Lu,0,32
Wen_Jiabao,Ron_Dittemore,0,31
Richard_Gephardt,Justin_Timberlake,0,31
Madonna,Amelie_Mauresmo,0,32
Carlos_Moya,George_Lopez,0,31
Heidi_Klum,Robert_Redford,0,32
Adrien_Brody,Gunter_Pleuger,0,32
Pierce_Brosnan,Muhammad_Ali,0,32
Naji_Sabri,Amelia_Vega,0,32
Choi_Sung-hong,Antonio_Palocci,0,32
Muhammad_Ali,Tom_Ridge,0,32
Silvan_Shalom,George_HW_Bush,0,32
Tim_Henman,Al_Gore,0,32
Dick_Cheney,Dennis_Hastert,0,32
Dennis_Hastert,Charles_Taylor,0,32
Carmen_Electra,Vanessa_Redgrave,0,32
Ari_Fleischer,George_Lopez,0,31
Clint_Eastwood,Jason_Kidd,0,32
Valentino_Rossi,Vladimir_Putin,0,32
Ludivine_Sagnier,Oswaldo_Paya,0,32
Winona_Ryder,Mick_Jagger,0,32
Bill_Clinton,Nick_Nolte,0,32
Arnoldo_Aleman,John_Edwards,0,32
Martin_McGuinness,Condoleezza_Rice,0,32
Kim_Ryong-sung,Paul_Bremer,0,32
George_Clooney,Pete_Sampras,0,32
Jennifer_Lopez,Eduardo_Duhalde,0,32
Jesse_Jackson,Nia_Vardalos,0,32
Maria_Soledad_Alvear_Valenzuela,Jelena_Dokic,0,31
Justin_Timberlake,Jean_Charest,0,32
Edward_Lu,Habib_Rizieq,0,32
Pamela_Anderson,Charles_Moose,0,32
Colin_Montgomerie,Dominique_de_Villepin,0,32
Vicente_Fox,Bill_Frist,0,32
Bertie_Ahern,John_Ashcroft,0,31
Erika_Harold,Colin_Montgomerie,0,32
Bertie_Ahern,Tariq_Aziz,0,32
Arminio_Fraga,Jiang_Zemin,0,32
Russell_Simmons,Lleyton_Hewitt,0,32
Jose_Serra,Cesar_Gaviria,0,32
Amelia_Vega,Frank_Solich,0,32
Eduard_Shevardnadze,Tommy_Haas,0,32
Jackie_Chan,Cesar_Gaviria,0,32
Jean_Charest,Sheryl_Crow,0,32
Bernard_Law,Charlton_Heston,0,32
Meryl_Streep,Mahmoud_Abbas,0,32
John_Manley,Peter_Struck,0,32
Sergei_Ivanov,Hans_Blix,0,32
Joseph_Biden,Pierce_Brosnan,0,31
Roy_Moore,Catherine_Deneuve,0,32
Princess_Caroline,Albert_Costa,0,32
Ahmed_Chalabi,Robert_Mueller,0,31
Victoria_Clarke,Mahathir_Mohamad,0,32
William_Ford_Jr,John_Ashcroft,0,31
Pervez_Musharraf,William_Donaldson,0,32
Ahmed_Chalabi,Hugh_Grant,0,32
Monica_Seles,Spencer_Abraham,0,32
Steffi_Graf,Enrique_Bolanos,0,32
Marco_Antonio_Barrera,Nancy_Pelosi,0,32
Donald_Rumsfeld,Joe_Lieberman,0,32
Amelia_Vega,Tom_Harkin,0,32
Paul_ONeill,Dominique_de_Villepin,0,32
Kate_Hudson,Yashwant_Sinha,0,32
Anna_Kournikova,Elton_John,0,32
Paul_ONeill,Silvio_Berlusconi,0,32
Chanda_Rubin,Ralf_Schumacher,0,32
Choi_Sung-hong,Geoff_Hoon,0,31
Fernando_Henrique_Cardoso,Bob_Graham,0,32
Lance_Bass,Muhammad_Saeed_al-Sahhaf,0,31
Michael_Douglas,Robert_Kocharian,0,32
Amelia_Vega,Jason_Kidd,0,32
Jose_Serra,Tom_Cruise,0,32
Michael_Douglas,Allyson_Felix,0,32
Dick_Cheney,George_Clooney,0,32
Sophia_Loren,Jim_Furyk,0,32
Joseph_Biden,Naji_Sabri,0,32
Tony_Stewart,James_Blake,0,32
Kim_Clijsters,Yasser_Arafat,0,32
Jean-Pierre_Raffarin,Bob_Hope,0,32
Grant_Hackett,Clara_Harris,0,32
Carla_Del_Ponte,John_Ashcroft,0,32
Kim_Ryong-sung,Alastair_Campbell,0,30
Jim_Furyk,Paul_McCartney,0,32
Jelena_Dokic,Jean-Pierre_Raffarin,0,32
Megawati_Sukarnoputri,Xanana_Gusmao,0,30
Kevin_Costner,Carlos_Menem,0,31
Silvan_Shalom,Juan_Pablo_Montoya,0,32
Robert_Mueller,Lindsay_Davenport,0,31
John_Travolta,Kim_Dae-jung,0,31
Hitomi_Soga,Oscar_De_La_Hoya,0,32
Tony_Blair,Robert_Redford,0,32
Ray_Romano,Paula_Radcliffe,0,32
Sophia_Loren,Valery_Giscard_dEstaing,0,32
Valery_Giscard_dEstaing,Juan_Pablo_Montoya,0,32
Hitomi_Soga,Al_Sharpton,0,32
Lance_Armstrong,Pamela_Anderson,0,32
Ariel_Sharon,Winona_Ryder,0,32
Juan_Pablo_Montoya,Megawati_Sukarnoputri,0,32
Ariel_Sharon,Hillary_Clinton,0,32
Colin_Powell,Claudia_Pechstein,0,32
Tom_Hanks,Tom_Cruise,0,32
Mariah_Carey,Richard_Virenque,0,31
Hugh_Grant,Gunter_Pleuger,0,32
Jay_Garner,George_Lopez,0,32
James_Blake,Clara_Harris,0,32
Mariah_Carey,Jacques_Rogge,0,32
King_Abdullah_II,Catherine_Zeta-Jones,0,32
Steffi_Graf,Michael_Schumacher,0,32
Emanuel_Ginobili,Habib_Rizieq,0,32
Yao_Ming,Scott_McClellan,0,32
Princess_Caroline,Ludivine_Sagnier,0,32
John_Abizaid,Rudolph_Giuliani,0,32
Trent_Lott,Dennis_Hastert,0,32
Hugh_Grant,Amelia_Vega,0,32
Jeb_Bush,Boris_Becker,0,32
Oscar_De_La_Hoya,Michael_Phelps,0,32
Tim_Henman,Luis_Ernesto_Derbez_Bautista,0,32
John_McCain,George_Robertson,0,32
Queen_Elizabeth_II,William_Macy,0,32
Vicente_Fernandez,Gloria_Macapagal_Arroyo,0,32
Maria_Shriver,Mahathir_Mohamad,0,32
Ahmed_Chalabi,Jay_Garner,0,32
Naji_Sabri,Elton_John,0,32
Robert_Blake,Muhammad_Ali,0,32
Sourav_Ganguly,Hamid_Karzai,0,32
Kalpana_Chawla,Prince_Charles,0,32
Li_Zhaoxing,Ben_Affleck,0,32
Joseph_Biden,Hosni_Mubarak,0,32
Alvaro_Uribe,Hillary_Clinton,0,31
Grant_Hackett,Jean-David_Levitte,0,32
Sean_OKeefe,John_Negroponte,0,32
Nia_Vardalos,Emanuel_Ginobili,0,32
Tommy_Haas,Bill_Graham,0,32
Michael_Douglas,Tim_Henman,0,32
Ai_Sugiyama,Edward_Lu,0,32
Charles_Moose,Woody_Allen,0,31
Gonzalo_Sanchez_de_Lozada,Cesar_Gaviria,0,32
Fujio_Cho,Jeremy_Greenstock,0,32
Martina_McBride,Catherine_Deneuve,0,31
Mariah_Carey,William_Macy,0,32
George_Clooney,Igor_Ivanov,0,32
Joan_Laporta,Elizabeth_Hurley,0,32
Hillary_Clinton,Jesse_Jackson,0,32
Ariel_Sharon,Cameron_Diaz,0,32
Emma_Watson,Jose_Maria_Aznar,0,32
Juan_Pablo_Montoya,Gunter_Pleuger,0,32
Ann_Veneman,Allyson_Felix,0,32
Sourav_Ganguly,Costas_Simitis,0,32
William_Macy,Joe_Lieberman,0,32
Vladimir_Putin,Peter_Struck,0,32
Venus_Williams,Muhammad_Saeed_al-Sahhaf,0,32
Charles_Moose,Lucy_Liu,0,32
Jeb_Bush,Yashwant_Sinha,0,32
Sylvester_Stallone,John_Stockton,0,32
John_McCain,Justine_Pasek,0,32
Holly_Hunter,George_Lopez,0,32
Juan_Carlos_Ferrero,Condoleezza_Rice,0,32
Ana_Palacio,Goldie_Hawn,0,32
Saddam_Hussein,John_Stockton,0,32
Michelle_Kwan,Norah_Jones,0,32
Grant_Hackett,Thomas_OBrien,0,32
John_Manley,Jelena_Dokic,0,32
Hugo_Chavez,Adrien_Brody,0,32
Michelle_Kwan,Hamid_Karzai,0,32
Michelle_Yeoh,Fernando_Henrique_Cardoso,0,32
Oswaldo_Paya,Holly_Hunter,0,32
Wen_Jiabao,Elsa_Zylberstein,0,32
Edward_Lu,Emanuel_Ginobili,0,32
Sergei_Ivanov,Leonardo_DiCaprio,0,32
Jeong_Se-hyun,Victoria_Clarke,0,32
Luis_Gonzalez_Macchi,Tom_Hanks,0,32
Howard_Dean,Jennifer_Capriati,0,32
Mick_Jagger,Kevin_Costner,0,32
John_Allen_Muhammad,Paul_Martin,0,32
Jon_Gruden,Kim_Ryong-sung,0,32
Arnoldo_Aleman,Tony_Stewart,0,31
Hugh_Grant,Peter_Struck,0,32
Joan_Laporta,Jiang_Zemin,0,32
Anna_Kournikova,Nick_Nolte,0,32
Nick_Nolte,Larry_Brown,0,32
Mark_Philippoussis,Martina_McBride,0,32
Catherine_Deneuve,Ari_Fleischer,0,32
George_Pataki,Hal_Gehman,0,31
Paul_McCartney,Luis_Horna,0,31
Li_Peng,Li_Zhaoxing,0,32
Jose_Manuel_Durao_Barroso,Bill_McBride,0,32
Ali_Naimi,Carlos_Moya,0,32
Prince_Charles,Christine_Baumgartner,0,32
David_Anderson,Pete_Sampras,0,32
Lucy_Liu,Tommy_Thompson,0,32
Arminio_Fraga,Tommy_Haas,0,32
Lleyton_Hewitt,Albert_Costa,0,32
Sheryl_Crow,Matthew_Perry,0,32
Condoleezza_Rice,Kim_Ryong-sung,0,32
Ray_Romano,Tommy_Haas,0,32
Natalie_Coughlin,Sourav_Ganguly,0,32
Keanu_Reeves,John_Edwards,0,32
Larry_Brown,Tim_Robbins,0,32
Fujio_Cho,Sergey_Lavrov,0,31
Habib_Rizieq,Britney_Spears,0,32
Vojislav_Kostunica,Wen_Jiabao,0,32
Russell_Simmons,Harrison_Ford,0,32
Nia_Vardalos,Catherine_Zeta-Jones,0,32
Andy_Roddick,Clint_Eastwood,0,32
Fidel_Castro,Amelia_Vega,0,32
Heizo_Takenaka,Xanana_Gusmao,0,32
Tom_Daschle,Jesse_Jackson,0,32
Jean_Chretien,Donald_Rumsfeld,0,31
Ricardo_Sanchez,Gordon_Brown,0,32
Elizabeth_Hurley,Al_Sharpton,0,32
Natalie_Coughlin,Naji_Sabri,0,32
Colin_Powell,Jennifer_Capriati,0,32
Bernard_Law,Ron_Dittemore,0,32
Martin_Scorsese,Robert_Kocharian,0,32
Colin_Montgomerie,Ben_Affleck,0,32
Victoria_Clarke,Larry_Brown,0,32
Shimon_Peres,Vaclav_Havel,0,32
Al_Gore,Bob_Stoops,0,32
Donald_Rumsfeld,Robert_Kocharian,0,31
Calista_Flockhart,Bernard_Law,0,32
John_McCain,Tim_Henman,0,31
King_Abdullah_II,Vanessa_Redgrave,0,32
Goldie_Hawn,Kate_Hudson,0,32
Eduardo_Duhalde,Tung_Chee-hwa,0,31
Bill_Clinton,Bill_Graham,0,32
Liza_Minnelli,Gerry_Adams,0,32
Carlos_Menem,Thomas_OBrien,0,32
Saddam_Hussein,Dick_Cheney,0,32
Hamid_Karzai,Paula_Radcliffe,0,32
Peter_Struck,Carlos_Menem,0,32
Bob_Graham,Billy_Crystal,0,32
Richard_Gephardt,Ludivine_Sagnier,0,32
Juan_Carlos_Ferrero,Wayne_Ferreira,0,31
Mahathir_Mohamad,Hu_Jintao,0,32
Martina_McBride,Sean_OKeefe,0,32
Mike_Weir,Clay_Aiken,0,32
Michelle_Kwan,Kim_Ryong-sung,0,32
John_Kerry,Spencer_Abraham,0,31
Celine_Dion,Marcelo_Rios,0,32
Lucy_Liu,Thaksin_Shinawatra,0,32
Jeb_Bush,Sean_OKeefe,0,32
Bulent_Ecevit,William_Macy,0,32
Vojislav_Kostunica,Paul_Wolfowitz,0,32
Valentino_Rossi,Paula_Radcliffe,0,31
Robert_Zoellick,Mark_Hurlbert,0,32
Mariah_Carey,Angelina_Jolie,0,32
John_Ashcroft,Muhammad_Ali,0,32
Steven_Spielberg,Geoff_Hoon,0,31
Prince_Charles,Roger_Federer,0,32
Michael_Bloomberg,Enrique_Bolanos,0,32
Gordon_Brown,Bill_Gates,0,32
Angelina_Jolie,Tom_Daschle,0,32
Peter_Struck,Bill_Gates,0,32
Hans_Blix,Antonio_Palocci,0,32
Robert_Mueller,Bill_McBride,0,31
Steffi_Graf,John_Travolta,0,32
Donald_Rumsfeld,Natalie_Coughlin,0,32
Kim_Dae-jung,Yao_Ming,0,32
Bill_Frist,John_Kerry,0,31
Tom_Crean,Gwyneth_Paltrow,0,32
Dominique_de_Villepin,Li_Peng,0,32
Alejandro_Toledo,Lucy_Liu,0,32
John_Howard,Richard_Armitage,0,32
Lleyton_Hewitt,Jim_Furyk,0,31
Hal_Gehman,Carrie-Anne_Moss,0,32
Rick_Perry,Roger_Moore,0,32
Ralf_Schumacher,James_Kelly,0,31
James_Blake,Edward_Lu,0,31
Tommy_Franks,Ari_Fleischer,0,32
Adrien_Brody,James_Wolfensohn,0,32
Sylvester_Stallone,Nestor_Kirchner,0,32
Pedro_Almodovar,Saddam_Hussein,0,32
Joschka_Fischer,Vicente_Fernandez,0,32
John_Snow,Hillary_Clinton,0,31
Roger_Federer,Mike_Krzyzewski,0,32
Lance_Bass,Dennis_Hastert,0,31
William_Macy,Mick_Jagger,0,32
Mahmoud_Abbas,Jan_Ullrich,0,31
Cameron_Diaz,Javier_Solana,0,31
George_Lopez,Nia_Vardalos,0,31
George_Clooney,Gene_Robinson,0,31
Jimmy_Carter,John_Kerry,0,32
Ricardo_Lagos,Dennis_Kucinich,0,32
Zhu_Rongji,Mike_Myers,0,32
Jake_Gyllenhaal,Steven_Spielberg,0,31
Yashwant_Sinha,Muhammad_Ali,0,32
Jon_Gruden,Joschka_Fischer,0,32
Amelie_Mauresmo,William_Donaldson,0,32
John_Edwards,John_Abizaid,0,32
Taha_Yassin_Ramadan,Woody_Allen,0,32
Boris_Becker,Jim_Furyk,0,32
George_Pataki,Nia_Vardalos,0,32
Condoleezza_Rice,Chanda_Rubin,0,32
Gloria_Macapagal_Arroyo,Al_Gore,0,32
Jean_Chretien,Richard_Gephardt,0,32
Heizo_Takenaka,Peter_Struck,0,32
Sheryl_Crow,John_Kerry,0,32
Mark_Philippoussis,Richard_Gere,0,32
Robert_Duvall,Celine_Dion,0,32
Kim_Clijsters,Mariah_Carey,0,32
George_Lopez,Jeremy_Greenstock,0,32
Ahmed_Chalabi,Robert_De_Niro,0,32
Allyson_Felix,Pedro_Malan,0,32
Luis_Ernesto_Derbez_Bautista,Angela_Merkel,0,32
Christine_Baumgartner,Calista_Flockhart,0,32
Tung_Chee-hwa,Carrie-Anne_Moss,0,32
Gunter_Pleuger,Holly_Hunter,0,32
Jan_Ullrich,Mohamed_ElBaradei,0,32
Roman_Polanski,Leonid_Kuchma,0,32
Roger_Federer,Alan_Greenspan,0,32
Christine_Baumgartner,Pedro_Almodovar,0,32
Goldie_Hawn,Hitomi_Soga,0,32
John_Snow,Ludivine_Sagnier,0,32
Sergei_Ivanov,Peter_Struck,0,32
Ludivine_Sagnier,Xavier_Malisse,0,32
Ariel_Sharon,Venus_Williams,0,32
John_Abizaid,Atal_Bihari_Vajpayee,0,31
Kevin_Spacey,Halle_Berry,0,32
Nancy_Pelosi,Arnoldo_Aleman,0,32
Bill_Clinton,Silvio_Berlusconi,0,31
Ralf_Schumacher,Pamela_Anderson,0,32
Yashwant_Sinha,Holly_Hunter,0,32
Gerry_Adams,Adrien_Brody,0,32
Vanessa_Redgrave,Lance_Armstrong,0,32
John_Ashcroft,Sarah_Hughes,0,32
David_Nalbandian,John_Ashcroft,0,32
Jiang_Zemin,Ana_Guevara,0,32
Trent_Lott,Hans_Blix,0,32
Edmund_Stoiber,Tariq_Aziz,0,32
John_Negroponte,Jackie_Chan,0,31
JK_Rowling,Eduardo_Duhalde,0,32
Bill_Graham,Walter_Mondale,0,32
Albert_Costa,Alastair_Campbell,0,32
Ari_Fleischer,Carla_Del_Ponte,0,32
Carlos_Menem,Vaclav_Havel,0,32
Kim_Ryong-sung,Prince_Charles,0,32
Serena_Williams,Nicanor_Duarte_Frutos,0,31
Elton_John,Christine_Todd_Whitman,0,30
Recep_Tayyip_Erdogan,Paul_Burrell,0,32
Arminio_Fraga,Gray_Davis,0,32
Sourav_Ganguly,Winona_Ryder,0,32
Martina_McBride,Bill_McBride,0,32
Atal_Bihari_Vajpayee,Vincent_Brooks,0,32
Michael_Chiklis,Clay_Aiken,0,32
David_Trimble,James_Wolfensohn,0,32
Tom_Harkin,Victoria_Clarke,0,32
Michael_Bloomberg,Alejandro_Toledo,0,31
Sophia_Loren,Mike_Martz,0,32
Paul_Wolfowitz,Benjamin_Netanyahu,0,32
Jiang_Zemin,Emanuel_Ginobili,0,32
Tang_Jiaxuan,Mireya_Moscoso,0,32
Jason_Kidd,Jose_Manuel_Durao_Barroso,0,31
Hosni_Mubarak,Michael_Chang,0,32
Fujio_Cho,Edward_Lu,0,32
Thomas_OBrien,Liza_Minnelli,0,32
Martin_McGuinness,Antonio_Palocci,0,32
Joschka_Fischer,Prince_Charles,0,31
Chen_Shui-bian,Zhu_Rongji,0,32
John_Edwards,Leonardo_DiCaprio,0,31
Mark_Philippoussis,Nick_Nolte,0,32
Thaksin_Shinawatra,Al_Sharpton,0,32
James_Kelly,Oswaldo_Paya,0,32
Howard_Dean,Jeb_Bush,0,32
Jean-Pierre_Raffarin,Clint_Eastwood,0,31
Matthew_Perry,Walter_Mondale,0,32
Pete_Sampras,Kim_Clijsters,0,32
Martha_Stewart,Sarah_Jessica_Parker,0,32
Rob_Marshall,Justin_Timberlake,0,32
Bill_Simon,Jennifer_Lopez,0,31
William_Donaldson,Bill_Frist,0,32
Mark_Hurlbert,Andy_Roddick,0,32
Sergio_Vieira_De_Mello,Naomi_Watts,0,32
John_Manley,Emma_Watson,0,32
Jackie_Chan,Jonathan_Edwards,0,31
Jennifer_Aniston,David_Trimble,0,32
Bill_Simon,Nicole_Kidman,0,32
Adrien_Brody,Peter_Struck,0,32
Tommy_Thompson,Yashwant_Sinha,0,32
Megawati_Sukarnoputri,Richard_Gere,0,31
Megawati_Sukarnoputri,Jackie_Chan,0,32
Robert_Mueller,Cesar_Gaviria,0,32
Bill_Graham,Tommy_Franks,0,32
Wen_Jiabao,Tiger_Woods,0,32
Tom_Hanks,Salma_Hayek,0,32
Mark_Philippoussis,Denzel_Washington,0,32
Lucy_Liu,Kurt_Warner,0,32
Bill_Simon,Alan_Greenspan,0,32
Chanda_Rubin,Colin_Farrell,0,32
Michael_Douglas,Dennis_Hastert,0,32
Tony_Stewart,James_Wolfensohn,0,32
Edmund_Stoiber,Salma_Hayek,0,32
Lindsay_Davenport,Kim_Ryong-sung,0,32
Bulent_Ecevit,Grant_Hackett,0,32
Boris_Becker,Erika_Harold,0,32
Princess_Caroline,Chen_Shui-bian,0,32
Nicanor_Duarte_Frutos,Monica_Seles,0,32
Jean_Charest,Victoria_Clarke,0,32
Robert_Mueller,Clay_Aiken,0,32
Sergey_Lavrov,Al_Gore,0,32
Al_Gore,Jiang_Zemin,0,32
Allyson_Felix,Paul_Burrell,0,32
Jake_Gyllenhaal,Ricardo_Sanchez,0,32
Michelle_Yeoh,Alan_Greenspan,0,31
Kevin_Spacey,Mireya_Moscoso,0,32
Tom_Daschle,Luis_Horna,0,32
Enrique_Bolanos,Gerry_Adams,0,32
Gonzalo_Sanchez_de_Lozada,Elizabeth_Smart,0,32
Lindsay_Davenport,William_Ford_Jr,0,32
Michelle_Kwan,Fujio_Cho,0,32
Hitomi_Soga,Robert_Zoellick,0,32
Kevin_Costner,Tang_Jiaxuan,0,32
Matthew_Perry,Tom_Hanks,0,32
David_Beckham,Bob_Hope,0,32
William_Ford_Jr,Luis_Horna,0,32
Xanana_Gusmao,Sergio_Vieira_De_Mello,0,32
Julianne_Moore,Jiri_Novak,0,32
Russell_Simmons,Jan_Ullrich,0,32
Thomas_OBrien,Norm_Coleman,0,32
Lance_Bass,Hugo_Chavez,0,32
Sarah_Hughes,Pedro_Almodovar,0,31
Fernando_Henrique_Cardoso,Charlton_Heston,0,32
Jay_Garner,Liza_Minnelli,0,31
Lance_Bass,Jim_Furyk,0,32
Trent_Lott,Gordon_Brown,0,32
Jesse_Jackson,Zhu_Rongji,0,31
George_W_Bush,Sourav_Ganguly,0,32
William_Donaldson,Arnold_Schwarzenegger,0,32
Cameron_Diaz,Tariq_Aziz,0,31
Mireya_Moscoso,Ray_Romano,0,32
Roger_Federer,Nestor_Kirchner,0,32
William_Donaldson,Leonid_Kuchma,0,32
Michael_Schumacher,Binyamin_Ben-Eliezer,0,32
Elsa_Zylberstein,JK_Rowling,0,32
John_Abizaid,Tom_Hanks,0,32
Sophia_Loren,Abdullah_Gul,0,32
Megawati_Sukarnoputri,Abdullah_Gul,0,32
Anna_Kournikova,Pervez_Musharraf,0,32
Taha_Yassin_Ramadan,Meryl_Streep,0,32
John_Stockton,Trent_Lott,0,32
Boris_Becker,Ana_Guevara,0,32
Venus_Williams,Gunter_Pleuger,0,32
Luiz_Inacio_Lula_da_Silva,Jean_Charest,0,32
Maria_Soledad_Alvear_Valenzuela,Hillary_Clinton,0,32
Bertie_Ahern,Halle_Berry,0,32
Shimon_Peres,Kate_Hudson,0,32
Juan_Pablo_Montoya,Adrien_Brody,0,32
Mike_Martz,Saddam_Hussein,0,32
Jiri_Novak,Tim_Henman,0,32
Clara_Harris,Michael_Chang,0,32
Nancy_Pelosi,Valery_Giscard_dEstaing,0,32
Natalie_Maines,Woody_Allen,0,32
Zinedine_Zidane,Vladimir_Putin,0,31
Robert_Zoellick,Paul_ONeill,0,31
Matthew_Perry,Saddam_Hussein,0,32
Albert_Costa,Roman_Polanski,0,32
Taha_Yassin_Ramadan,Mike_Myers,0,32
Hans_Blix,Geoff_Hoon,0,32
Nicole_Kidman,Paul_Martin,0,32
Enrique_Bolanos,Yoko_Ono,0,32
Carla_Del_Ponte,George_Robertson,0,32
Julie_Gerberding,Donald_Rumsfeld,0,32
Bill_Gates,Gray_Davis,0,32
John_Stockton,Ariel_Sharon,0,32
Silvio_Berlusconi,John_Travolta,0,32
Ricardo_Lagos,Sergio_Vieira_De_Mello,0,32
Paradorn_Srichaphan,Tariq_Aziz,0,32
Jesse_Jackson,Antonio_Palocci,0,32
Angela_Merkel,Serena_Williams,0,32
Vincent_Brooks,Natalie_Coughlin,0,32
Susan_Sarandon,Hamid_Karzai,0,32
David_Nalbandian,Chen_Shui-bian,0,31
Sourav_Ganguly,Jack_Straw,0,32
Trent_Lott,Steven_Spielberg,0,32
Benazir_Bhutto,Gil_de_Ferran,0,32
Gerhard_Schroeder,Michael_Chang,0,32
Juan_Pablo_Montoya,Al_Sharpton,0,32
Christine_Todd_Whitman,Choi_Sung-hong,0,31
Ari_Fleischer,Celine_Dion,0,32
Jim_Furyk,Mahathir_Mohamad,0,32
Zinedine_Zidane,David_Heymann,0,31
Chanda_Rubin,Jackie_Chan,0,32
Saddam_Hussein,Robert_De_Niro,0,32
Bill_Frist,Tommy_Thompson,0,31
Tony_Blair,Vanessa_Redgrave,0,32
Ali_Naimi,Bulent_Ecevit,0,32
Jesse_Jackson,Rob_Marshall,0,32
Valentino_Rossi,Paul_ONeill,0,32
Jason_Kidd,Peter_Struck,0,32
Jack_Straw,Lance_Armstrong,0,32
Hosni_Mubarak,Steffi_Graf,0,32
Hamid_Karzai,JK_Rowling,0,32
Luis_Ernesto_Derbez_Bautista,Woody_Allen,0,32
Condoleezza_Rice,Bill_McBride,0,32
Sophia_Loren,Natalie_Coughlin,0,32
Richard_Gere,Rob_Marshall,0,32
Eduard_Shevardnadze,Gunter_Pleuger,0,32
Gerry_Adams,Robert_Duvall,0,32
Martina_McBride,Natalie_Maines,0,32
Angela_Bassett,Mahmoud_Abbas,0,32
John_Allen_Muhammad,Sergio_Vieira_De_Mello,0,32
Boris_Becker,Wen_Jiabao,0,32
Fernando_Gonzalez,Ricardo_Sanchez,0,32
John_McCain,John_Negroponte,0,32
Luis_Gonzalez_Macchi,Juan_Pablo_Montoya,0,32
Brad_Johnson,Xanana_Gusmao,0,31
Naji_Sabri,Hosni_Mubarak,0,32
Recep_Tayyip_Erdogan,Marco_Antonio_Barrera,0,32
Serena_Williams,Jeong_Se-hyun,0,32
Li_Peng,Vicente_Fernandez,0,32
Mark_Philippoussis,Clint_Eastwood,0,32
Jacques_Chirac,Martina_McBride,0,32
Xavier_Malisse,Kim_Ryong-sung,0,32
Pedro_Malan,Winona_Ryder,0,32
Clint_Eastwood,Jeb_Bush,0,32
Kevin_Spacey,Kamal_Kharrazi,0,32
Jeb_Bush,Joe_Lieberman,0,32
Dennis_Kucinich,Sarah_Jessica_Parker,0,32
Carmen_Electra,Li_Zhaoxing,0,32
Eduard_Shevardnadze,Vojislav_Kostunica,0,32
Enrique_Bolanos,Li_Zhaoxing,0,32
Jose_Serra,Guillermo_Coria,0,32
Steve_Nash,Muhammad_Ali,0,32
Jackie_Chan,George_W_Bush,0,31
Matthew_Perry,Rob_Marshall,0,32
Ana_Guevara,Muhammad_Ali,0,32
Atal_Bihari_Vajpayee,Bernard_Law,0,32
Walter_Mondale,Paula_Radcliffe,0,32
Javier_Solana,Jay_Garner,0,32
Steffi_Graf,Emanuel_Ginobili,0,32
Jimmy_Carter,Luiz_Inacio_Lula_da_Silva,0,32
Sourav_Ganguly,Bill_Frist,0,32
Paul_Martin,Nancy_Pelosi,0,32
Claudia_Pechstein,Oscar_De_La_Hoya,0,32
Carlos_Moya,Gene_Robinson,0,30
Nick_Nolte,Emma_Watson,0,32
Robert_Mueller,Zhu_Rongji,0,32
Gerhard_Schroeder,Colin_Montgomerie,0,30
Elsa_Zylberstein,Xanana_Gusmao,0,32
Habib_Rizieq,Saddam_Hussein,0,32
Julianne_Moore,Juan_Pablo_Montoya,0,32
Roman_Polanski,George_Robertson,0,32
Fidel_Castro,Tom_Hanks,0,32
Madonna,Mike_Martz,0,32
Luiz_Inacio_Lula_da_Silva,Paul_Bremer,0,32
Catherine_Zeta-Jones,George_Lopez,0,32
Maria_Shriver,Keanu_Reeves,0,32
Fernando_Henrique_Cardoso,Ali_Naimi,0,32
Jiang_Zemin,Chen_Shui-bian,0,32
Robert_Duvall,Ciro_Gomes,0,31
John_Kerry,John_Allen_Muhammad,0,32
Luis_Ernesto_Derbez_Bautista,Claudia_Pechstein,0,31
Charles_Moose,Mohammad_Khatami,0,32
Robert_Zoellick,Grant_Hackett,0,32
Steffi_Graf,Holly_Hunter,0,31
Ludivine_Sagnier,Woody_Allen,0,32
Anna_Kournikova,Gerry_Adams,0,32
Sheryl_Crow,Mike_Weir,0,32
Keanu_Reeves,Anna_Kournikova,0,32
Mohammad_Khatami,Ari_Fleischer,0,32
Harrison_Ford,Steve_Nash,0,32
Zhu_Rongji,Jonathan_Edwards,0,32
Nick_Nolte,Luiz_Inacio_Lula_da_Silva,0,32
Natalie_Maines,Kurt_Warner,0,32
Kurt_Warner,Jose_Serra,0,32
Megawati_Sukarnoputri,Ahmed_Chalabi,0,32
Gwyneth_Paltrow,Sergei_Ivanov,0,32
Jose_Serra,Tung_Chee-hwa,0,32
Valentino_Rossi,Amelie_Mauresmo,0,32
Al_Gore,Marco_Antonio_Barrera,0,32
James_Wolfensohn,Shimon_Peres,0,32
Amelia_Vega,Richard_Armitage,0,32
Ana_Palacio,Cruz_Bustamante,0,32
Arnold_Schwarzenegger,Sergio_Vieira_De_Mello,0,32
Al_Gore,Jon_Gruden,0,32
Jose_Serra,Norah_Jones,0,30
Sarah_Hughes,Silvio_Berlusconi,0,32
Kim_Ryong-sung,Charles_Moose,0,32
Tom_Daschle,Valery_Giscard_dEstaing,0,32
Dennis_Kucinich,Jennifer_Garner,0,32
Mick_Jagger,Sylvester_Stallone,0,32
Nicanor_Duarte_Frutos,Wen_Jiabao,0,32
Pamela_Anderson,Jason_Kidd,0,31
Elizabeth_Hurley,Vladimir_Putin,0,32
James_Kelly,Gray_Davis,0,32
George_Lopez,George_HW_Bush,0,32
Ricardo_Lagos,Ariel_Sharon,0,31
Mark_Hurlbert,Ana_Guevara,0,32
Michael_Phelps,Cruz_Bustamante,0,32
Russell_Simmons,Nicanor_Duarte_Frutos,0,31
Luis_Gonzalez_Macchi,Michael_Schumacher,0,32
Madonna,Celine_Dion,0,32
Charles_Taylor,Roh_Moo-hyun,0,32
Kim_Clijsters,John_Manley,0,32
Emanuel_Ginobili,Winona_Ryder,0,32
Jeb_Bush,Al_Sharpton,0,32
Mohammad_Khatami,Frank_Solich,0,32
Jennifer_Garner,Robert_Kocharian,0,32
Kim_Dae-jung,Hosni_Mubarak,0,32
John_Stockton,Hal_Gehman,0,32
Lucy_Liu,Emma_Watson,0,31
Bill_Gates,Hitomi_Soga,0,32
Susan_Sarandon,Roger_Federer,0,32
Tommy_Franks,Steffi_Graf,0,32
Salma_Hayek,Goldie_Hawn,0,31
Justin_Timberlake,Tom_Daschle,0,32
Charles_Taylor,Bernard_Law,0,31
Richard_Gere,Christine_Todd_Whitman,0,32
Silvan_Shalom,Marcelo_Rios,0,32
Elsa_Zylberstein,Bill_Gates,0,32
Steve_Nash,Rob_Marshall,0,32
Chen_Shui-bian,Kamal_Kharrazi,0,31
Richard_Gere,William_Donaldson,0,32
Sheryl_Crow,Steve_Lavin,0,32
Enrique_Bolanos,Gunter_Pleuger,0,32
Joschka_Fischer,Paul_ONeill,0,32
Jason_Kidd,Rudolph_Giuliani,0,31
Paul_Bremer,Rick_Perry,0,32
Kofi_Annan,Richard_Armitage,0,32
Jean_Charest,Li_Peng,0,32
Sean_OKeefe,Amelia_Vega,0,32
Jacques_Chirac,Bob_Hope,0,31
Sergei_Ivanov,Valentino_Rossi,0,32
Jeb_Bush,Muhammad_Ali,0,32
Thomas_OBrien,John_Travolta,0,31
Yasser_Arafat,Angela_Bassett,0,32
Sophia_Loren,Lindsay_Davenport,0,32
Jon_Gruden,Joseph_Biden,0,32
Paula_Radcliffe,Sophia_Loren,0,32
Paula_Radcliffe,Ciro_Gomes,0,32
Sean_OKeefe,Kofi_Annan,0,32
Chanda_Rubin,Hu_Jintao,0,32
Junichiro_Koizumi,John_Snow,0,32
Natalie_Maines,Rob_Marshall,0,32
Recep_Tayyip_Erdogan,Shimon_Peres,0,31
Sergey_Lavrov,Pedro_Malan,0,32
Cameron_Diaz,Steve_Lavin,0,32
Heizo_Takenaka,Anna_Kournikova,0,32
Roger_Federer,Mohamed_ElBaradei,0,32
Yasser_Arafat,Tony_Stewart,0,32
Carla_Del_Ponte,Yoko_Ono,0,32
Sergio_Vieira_De_Mello,Juan_Pablo_Montoya,0,32
Muhammad_Ali,Martin_Scorsese,0,32
Kim_Clijsters,Natalie_Coughlin,0,32
Michael_Chiklis,Roh_Moo-hyun,0,32
Jackie_Chan,Michael_Douglas,0,31
Rudolph_Giuliani,Julie_Gerberding,0,32
David_Beckham,John_Bolton,0,32
Norah_Jones,Sarah_Hughes,0,31
Norm_Coleman,Al_Sharpton,0,32
Juan_Pablo_Montoya,Tony_Stewart,0,32
Lucy_Liu,Sergey_Lavrov,0,32
Sergio_Vieira_De_Mello,Jean_Chretien,0,32
Jackie_Chan,James_Kelly,0,32
Pete_Sampras,Justine_Pasek,0,32
Mike_Weir,Jennifer_Lopez,0,31
LeBron_James,Mohammad_Khatami,0,31
Ann_Veneman,Jack_Straw,0,32
Lance_Bass,Ashanti,0,32
Antonio_Banderas,Elsa_Zylberstein,0,32
Paul_Wolfowitz,Diana_Krall,0,32
Guillermo_Coria,Vicente_Fernandez,0,32
John_Bolton,Jennifer_Lopez,0,32
Elizabeth_Hurley,David_Nalbandian,0,32
Norm_Coleman,George_Robertson,0,32
Paul_ONeill,Robert_Redford,0,32
Tung_Chee-hwa,Queen_Elizabeth_II,0,32
Martina_McBride,Steve_Lavin,0,32
Princess_Caroline,Ricardo_Lagos,0,32
Bob_Graham,Keanu_Reeves,0,32
Gene_Robinson,Jon_Gruden,0,32
Gil_de_Ferran,Michelle_Yeoh,0,32
Arnoldo_Aleman,Michael_Schumacher,0,32
Gerry_Adams,Carla_Del_Ponte,0,32
Al_Sharpton,Justine_Pasek,0,32
Denzel_Washington,Romano_Prodi,0,31
John_Abizaid,William_Macy,0,31
Al_Gore,Tommy_Thompson,0,32
John_Edwards,Richard_Armitage,0,32
Jeb_Bush,Luis_Ernesto_Derbez_Bautista,0,32
Bob_Stoops,Ricardo_Lagos,0,31
Norah_Jones,Vojislav_Kostunica,0,32
Yao_Ming,Ashanti,0,32
Muhammad_Saeed_al-Sahhaf,Bertie_Ahern,0,32
Tom_Crean,Lucio_Gutierrez,0,32
Gene_Robinson,Binyamin_Ben-Eliezer,0,32
Charlton_Heston,Michael_Schumacher,0,32
Mohammad_Khatami,Justin_Timberlake,0,32
Sean_OKeefe,Xavier_Malisse,0,32
Colin_Farrell,Harrison_Ford,0,32
Juan_Pablo_Montoya,Taha_Yassin_Ramadan,0,32
Jean-Pierre_Raffarin,Claudia_Pechstein,0,31
Javier_Solana,Shimon_Peres,0,32
Al_Gore,Yao_Ming,0,32
Kim_Clijsters,Bill_Simon,0,32
Zinedine_Zidane,Ray_Romano,0,32
Scott_McClellan,Romano_Prodi,0,32
Luiz_Inacio_Lula_da_Silva,Michael_Schumacher,0,32
Jimmy_Carter,Tom_Harkin,0,32
Gloria_Macapagal_Arroyo,Queen_Elizabeth_II,0,32
Silvio_Berlusconi,Kate_Hudson,0,32
Vicente_Fernandez,Mike_Martz,0,32
Emma_Watson,Hugh_Grant,0,32
Scott_Peterson,Christine_Baumgartner,0,32
Renee_Zellweger,Michael_Chiklis,0,30
Paradorn_Srichaphan,Jim_Furyk,0,32
Charles_Taylor,Cesar_Gaviria,0,32
Saddam_Hussein,Grant_Hackett,0,32
Marco_Antonio_Barrera,Paradorn_Srichaphan,0,32
Jeong_Se-hyun,Fidel_Castro,0,32
Jiang_Zemin,Holly_Hunter,0,32
Luis_Horna,Saddam_Hussein,0,32
Ai_Sugiyama,Cruz_Bustamante,0,32
Gray_Davis,William_Macy,0,31
Venus_Williams,Pierce_Brosnan,0,32
Goldie_Hawn,Jan_Ullrich,0,31
Sophia_Loren,Mahathir_Mohamad,0,32
Clay_Aiken,Muhammad_Saeed_al-Sahhaf,0,32
David_Nalbandian,Wayne_Ferreira,0,32
Jan_Ullrich,Jake_Gyllenhaal,0,31
Emanuel_Ginobili,Hans_Blix,0,32
Hal_Gehman,Martin_Scorsese,0,32
Jiang_Zemin,Dominique_de_Villepin,0,32
Leonid_Kuchma,John_Ashcroft,0,32
Dick_Cheney,John_Manley,0,32
Rubens_Barrichello,Norah_Jones,0,32
Matthew_Perry,George_HW_Bush,0,32
Guillermo_Coria,Ahmed_Chalabi,0,32
Al_Gore,Amelia_Vega,0,32
Yao_Ming,Ahmed_Chalabi,0,32
Rubens_Barrichello,Fidel_Castro,0,32
Ralf_Schumacher,Yoriko_Kawaguchi,0,32
Alan_Greenspan,Roger_Moore,0,32
Roh_Moo-hyun,Kristanna_Loken,0,32
John_Travolta,Yashwant_Sinha,0,32
Jesse_Jackson,Allyson_Felix,0,32
John_Negroponte,Claudia_Pechstein,0,32
Jennifer_Aniston,Christine_Todd_Whitman,0,32
Angela_Merkel,David_Heymann,0,32
Andre_Agassi,Scott_McClellan,0,31
Bill_Frist,Chanda_Rubin,0,32
Michelle_Yeoh,Luis_Ernesto_Derbez_Bautista,0,32
Tariq_Aziz,Yoko_Ono,0,31
Bulent_Ecevit,Tom_Harkin,0,31
Maria_Shriver,Rick_Perry,0,32
Richard_Virenque,Marco_Antonio_Barrera,0,32
Julie_Gerberding,Jennifer_Aniston,0,32
Princess_Caroline,Bernard_Law,0,32
Diana_Krall,Jeong_Se-hyun,0,31
Habib_Rizieq,Winona_Ryder,0,32
Steven_Spielberg,Thomas_OBrien,0,31
Geoff_Hoon,David_Trimble,0,32
John_Edwards,Martin_Scorsese,0,32
Recep_Tayyip_Erdogan,Christine_Baumgartner,0,32
Richard_Armitage,Calista_Flockhart,0,32
Sergei_Ivanov,Wen_Jiabao,0,32
John_Howard,Paula_Radcliffe,0,32
Muhammad_Ali,Michelle_Yeoh,0,32
Jacques_Chirac,Gonzalo_Sanchez_de_Lozada,0,32
Zhu_Rongji,Prince_Charles,0,32
Martha_Stewart,Jose_Maria_Aznar,0,32
Tiger_Woods,Mike_Martz,0,32
John_Abizaid,John_Ashcroft,0,31
Joe_Lieberman,James_Wolfensohn,0,32
Kalpana_Chawla,Jose_Serra,0,32
Dominique_de_Villepin,Arminio_Fraga,0,32
Luis_Ernesto_Derbez_Bautista,Anna_Kournikova,0,31
Donald_Rumsfeld,Thomas_OBrien,0,32
Ludivine_Sagnier,Elizabeth_Hurley,0,31
Antonio_Palocci,Jennifer_Lopez,0,32
Muhammad_Ali,Atal_Bihari_Vajpayee,0,31
Luis_Gonzalez_Macchi,Amelia_Vega,0,32
Jeremy_Greenstock,Al_Gore,0,31
Michael_Phelps,Jennifer_Capriati,0,32
Mike_Myers,Christine_Todd_Whitman,0,32
Kamal_Kharrazi,Fujio_Cho,0,32
Paul_Bremer,Natalie_Maines,0,32
Jimmy_Carter,Ian_Thorpe,0,32
James_Kelly,Kate_Hudson,0,32
John_Ashcroft,Vaclav_Havel,0,32
Susan_Sarandon,Jacques_Chirac,0,32
Michelle_Yeoh,Madonna,0,32
Susan_Sarandon,Jose_Manuel_Durao_Barroso,0,32
Monica_Seles,Antonio_Palocci,0,32
Fidel_Castro,Monica_Seles,0,31
Bill_Frist,Mohammad_Khatami,0,32
Natalie_Coughlin,Jason_Kidd,0,32
Emanuel_Ginobili,Amelia_Vega,0,32
Tom_Harkin,Valery_Giscard_dEstaing,0,32
Abdullah_Gul,Bill_Clinton,0,31
Yoko_Ono,Joschka_Fischer,0,32
Rob_Marshall,Jeremy_Greenstock,0,32
Taha_Yassin_Ramadan,Gerry_Adams,0,32
Hosni_Mubarak,Bill_McBride,0,32
Monica_Seles,Halle_Berry,0,32
Anna_Kournikova,John_Stockton,0,32
John_Snow,Michelle_Kwan,0,32
Clara_Harris,Naomi_Watts,0,32
Colin_Farrell,Sourav_Ganguly,0,32
Joe_Lieberman,Marcelo_Rios,0,32
Woody_Allen,Cesar_Gaviria,0,32
Mike_Myers,Hitomi_Soga,0,32
Gray_Davis,Gordon_Brown,0,31
Erika_Harold,Jennifer_Garner,0,32
Clint_Eastwood,Jeong_Se-hyun,0,32
Recep_Tayyip_Erdogan,Richard_Gephardt,0,32
Mick_Jagger,Zinedine_Zidane,0,32
Vincent_Brooks,Bertie_Ahern,0,32
Rick_Perry,Jackie_Chan,0,32
Tung_Chee-hwa,Jennifer_Garner,0,32
Dick_Cheney,Nicanor_Duarte_Frutos,0,32
Taha_Yassin_Ramadan,Mohammad_Khatami,0,32
Romano_Prodi,Yasser_Arafat,0,32
Peter_Struck,Muhammad_Saeed_al-Sahhaf,0,32
Roger_Federer,Ariel_Sharon,0,32
Madonna,Gerry_Adams,0,32
Tung_Chee-hwa,Victoria_Clarke,0,32
Robert_Blake,Paradorn_Srichaphan,0,32
Michael_Chiklis,Oscar_De_La_Hoya,0,32
Mohamed_ElBaradei,Martin_McGuinness,0,31
Ludivine_Sagnier,Anna_Kournikova,0,32
William_Ford_Jr,Winona_Ryder,0,32
Richard_Gephardt,Tommy_Thompson,0,32
David_Beckham,Vicente_Fernandez,0,32
Wayne_Ferreira,Madonna,0,32
Serena_Williams,Diana_Krall,0,32
Susan_Sarandon,Tariq_Aziz,0,32
Jean-David_Levitte,Yoko_Ono,0,31
Luis_Gonzalez_Macchi,Laura_Bush,0,32
Nicanor_Duarte_Frutos,Scott_McClellan,0,32
Martin_Scorsese,Nicole_Kidman,0,32
Walter_Mondale,Mick_Jagger,0,32
Naji_Sabri,Jose_Serra,0,32
Muhammad_Ali,Kim_Dae-jung,0,31
Dennis_Hastert,Bill_McBride,0,32
Juan_Pablo_Montoya,Roger_Federer,0,32
Winona_Ryder,Gerhard_Schroeder,0,32
Juan_Carlos_Ferrero,Heidi_Klum,0,32
William_Donaldson,Erika_Harold,0,32
Shimon_Peres,Anna_Kournikova,0,32
Vaclav_Havel,Bill_Frist,0,32
Tim_Henman,Juan_Carlos_Ferrero,0,32
Pamela_Anderson,Amelia_Vega,0,32
Madonna,Billy_Crystal,0,32
Queen_Elizabeth_II,Joe_Lieberman,0,32
Gregg_Popovich,Paul_Martin,0,32
Harrison_Ford,Yoriko_Kawaguchi,0,32
Dick_Cheney,Tiger_Woods,0,32
Marcelo_Rios,Walter_Mondale,0,32
Rubens_Barrichello,Dennis_Hastert,0,32
Calista_Flockhart,Tommy_Thompson,0,32
Pete_Sampras,Oswaldo_Paya,0,32
Nestor_Kirchner,David_Nalbandian,0,32
Jackie_Chan,Steven_Spielberg,0,32
Charles_Taylor,Robert_Mueller,0,32
Sourav_Ganguly,Tom_Cruise,0,32
Bob_Graham,Holly_Hunter,0,31
John_Travolta,Vojislav_Kostunica,0,32
David_Heymann,George_Robertson,0,32
Li_Zhaoxing,Bob_Stoops,0,32
Mahmoud_Abbas,Recep_Tayyip_Erdogan,0,31
Mariah_Carey,Jennifer_Aniston,0,31
Tiger_Woods,Luiz_Inacio_Lula_da_Silva,0,32
Oswaldo_Paya,Sergio_Vieira_De_Mello,0,32
Laura_Bush,Richard_Gere,0,31
Pervez_Musharraf,Edmund_Stoiber,0,32
Antonio_Palocci,Robert_Duvall,0,32
Natalie_Coughlin,Dennis_Kucinich,0,32
Hitomi_Soga,Brad_Johnson,0,31
Gil_de_Ferran,Grant_Hackett,0,32
Albert_Costa,Jacques_Chirac,0,32
Vladimir_Putin,Jose_Manuel_Durao_Barroso,0,32
Michael_Schumacher,Paula_Radcliffe,0,32
Dennis_Kucinich,Hugo_Chavez,0,32
Jennifer_Lopez,Mireya_Moscoso,0,32
Victoria_Clarke,Pervez_Musharraf,0,32
Paula_Radcliffe,Sylvester_Stallone,0,32
Bill_Clinton,Dennis_Hastert,0,32
Megawati_Sukarnoputri,Bill_Frist,0,32
Bob_Graham,Carlos_Menem,0,32
Jennifer_Lopez,John_Negroponte,0,32
Yasser_Arafat,Frank_Solich,0,32
Rudolph_Giuliani,Kim_Ryong-sung,0,32
Javier_Solana,Mike_Myers,0,32
Tom_Daschle,Bill_Gates,0,32
Clara_Harris,Jon_Gruden,0,31
Christine_Todd_Whitman,Michelle_Yeoh,0,32
Zinedine_Zidane,Joan_Laporta,0,32
Lleyton_Hewitt,King_Abdullah_II,0,32
Yao_Ming,Anna_Kournikova,0,32
Tony_Blair,Natalie_Coughlin,0,32
Igor_Ivanov,Robert_Redford,0,32
Benjamin_Netanyahu,Allyson_Felix,0,31
Scott_Peterson,Hal_Gehman,0,32
Victoria_Clarke,John_Manley,0,32
Eduard_Shevardnadze,Valery_Giscard_dEstaing,0,32
Elizabeth_Hurley,Prince_Charles,0,32
William_Macy,Hosni_Mubarak,0,32
Victoria_Clarke,Ian_Thorpe,0,32
Atal_Bihari_Vajpayee,Matthew_Perry,0,32
Queen_Elizabeth_II,Jesse_Jackson,0,31
Halle_Berry,James_Wolfensohn,0,32
Fidel_Castro,Leonid_Kuchma,0,32
Queen_Rania,Keanu_Reeves,0,32
Martha_Stewart,Bill_Graham,0,32
Enrique_Bolanos,Andy_Roddick,0,32
Kevin_Spacey,Igor_Ivanov,0,32
Paul_Burrell,Nia_Vardalos,0,32
Martin_McGuinness,Silvio_Berlusconi,0,32
John_McCain,Hugo_Chavez,0,32
Sergio_Vieira_De_Mello,Arnoldo_Aleman,0,31
Gray_Davis,Peter_Struck,0,32
Alejandro_Toledo,Marco_Antonio_Barrera,0,31
Anna_Kournikova,Yoko_Ono,0,32
Arnoldo_Aleman,David_Anderson,0,32
Tony_Blair,Benjamin_Netanyahu,0,32
Mark_Hurlbert,Ai_Sugiyama,0,32
Dick_Cheney,Al_Gore,0,32
Nestor_Kirchner,George_Clooney,0,32
Kim_Dae-jung,Tom_Harkin,0,32
Angela_Merkel,JK_Rowling,0,31
Gunter_Pleuger,Mike_Krzyzewski,0,32
Susan_Sarandon,Ron_Dittemore,0,32
Paradorn_Srichaphan,Ali_Naimi,0,31
Carlos_Menem,Marco_Antonio_Barrera,0,32
Walter_Mondale,Hugo_Chavez,0,32
Bill_Frist,Mohammed_Al-Douri,0,32
Pete_Sampras,Yashwant_Sinha,0,32
Vaclav_Havel,Mireya_Moscoso,0,32
Joe_Lieberman,Russell_Simmons,0,32
Hitomi_Soga,Tom_Ridge,0,32
Hugo_Chavez,Mike_Myers,0,32
Jennifer_Capriati,Zinedine_Zidane,0,32
Sourav_Ganguly,Mike_Weir,0,32
Heidi_Klum,Kofi_Annan,0,32
James_Blake,Howard_Dean,0,32
Tommy_Franks,Jacques_Rogge,0,32
Sergey_Lavrov,Paradorn_Srichaphan,0,32
Venus_Williams,Silvio_Berlusconi,0,32
Fernando_Henrique_Cardoso,Fujio_Cho,0,32
Claudia_Pechstein,Ray_Romano,0,32
Yashwant_Sinha,Luis_Gonzalez_Macchi,0,32
Valentino_Rossi,Saddam_Hussein,0,32
Angela_Merkel,Trent_Lott,0,32
Xanana_Gusmao,Tiger_Woods,0,32
Tariq_Aziz,Kofi_Annan,0,32
Gonzalo_Sanchez_de_Lozada,Woody_Allen,0,32
Mike_Weir,Roh_Moo-hyun,0,32
Gerry_Adams,Oscar_De_La_Hoya,0,32
Frank_Solich,Matthew_Perry,0,31
Silvan_Shalom,Pete_Sampras,0,32
Ludivine_Sagnier,Kevin_Spacey,0,32
George_W_Bush,Paula_Radcliffe,0,32
Al_Gore,Spencer_Abraham,0,32
Michael_Chang,Gwyneth_Paltrow,0,32
Fernando_Gonzalez,Muhammad_Ali,0,32
Vojislav_Kostunica,Ariel_Sharon,0,31
Julianne_Moore,Tom_Daschle,0,32
Benazir_Bhutto,Anna_Kournikova,0,32
Pervez_Musharraf,Michael_Bloomberg,0,32
Rainer_Schuettler,Michael_Chang,0,32
Naji_Sabri,Ludivine_Sagnier,0,31
Larry_Brown,Ian_Thorpe,0,32
Enrique_Bolanos,Kate_Hudson,0,32
Jay_Garner,Goldie_Hawn,0,31
Boris_Becker,Sharon_Stone,0,32
Roh_Moo-hyun,Ciro_Gomes,0,32
Hans_Blix,Martin_Scorsese,0,32
Princess_Caroline,Jean_Charest,0,32
Cameron_Diaz,Queen_Elizabeth_II,0,32
